Status.state,NomeEntidade,NumFistel,NumServico,NumAto,NumEstacao,EnderecoEstacao,EndComplemento,SiglaUf,CodMunicipio,DesignacaoEmissao,Tecnologia,tipoTecnologia,meioAcesso,FreqTxMHz,FreqRxMHz,Azimute,CodTipoClasseEstacao,ClassInfraFisica,CompartilhamentoInfraFisica,CodTipoAntena,CodEquipamentoAntena,GanhoAntena,FrenteCostaAntena,AnguloMeiaPotenciaAntena,AnguloElevacao,Polarizacao,AlturaAntena,CodEquipamentoTransmissor,PotenciaTransmissorWatts,Latitude,Longitude,CodDebitoTFI,DataLicenciamento,DataPrimeiroLicenciamento,NumRede,_id,DataValidade,NumFistelAssociado,NomeEntidadeAssociado,Municipio.NomeMunicipio,field_42,x
LIC-LIC-01,CLARO S.A.,50409105090,10,97692014,1017500638,R GENERAL OSORIO,,SP,3509502,10M0G7W,LTE,,,798,743,355,FB,,,760,,13.5,24,73,0,X,21,33782402519,79.43,-22.90715,-47.06822,G,3/31/2026,3/31/2026,,43fe33189e8edb29,12/8/2029,,,Campinas,,x
LIC-LIC-01,TELEFONICA BRASIL S.A.,50409146447,10,48412023,1017508787,AVENIDA FLAMENGO  S/N,,SP,3556701,10M0G7W,LTE,,,2160,1970,340,FB,,,760,"38661703257",17.6,25,64,2,X,42,83071803257,40,-23.02215,-46.971711,G,4/8/2026,4/8/2026,,43fe3318d8510fa2,4/29/2038,,,Vinhedo,,x
LIC-LIC-01,TELEFONICA BRASIL S.A.,50409146447,10,48412023,1017508760,ESTRADA MUNICIPAL SANTA ISABEL  S/N,,SP,3538709,10M0G7W,LTE,,,2160,1970,300,FB,,,760,"0",17.9,24,64,2,X,37,40952002519,40,-22.754083,-47.529517,G,4/8/2026,4/8/2026,,43fe3318d8510f75,4/29/2038,,,Piracicaba,,x
LIC-LIC-01,TELEFONICA BRASIL S.A.,50409146447,10,48412023,1017508701,RUA DOUTOR ALFREDO RIBEIRO NOGUEIRA  100,,SP,3545803,10M0G7W,LTE,,,2160,1970,300,FB,,,760,"0",17.9,24,64,2,X,49,40952002519,40,-22.741922,-47.437378,G,4/8/2026,4/8/2026,,43fe3318d8510eeb,4/29/2038,,,Santa Bárbara d'Oeste,,x
LIC-LIC-01,TELEFONICA BRASIL S.A.,50409146447,10,97432014,1017508698,R. MAIRIPORÃ - 250 VILA RENASCENÇA  MAIRIPORÃ - SP  07600-000,"250",SP,3528502,10M0G7W,LTE,,,788,733,10,FB,,,760,"0",0,0,0,4,X,47.95,29361602519,40,-23.369314,-46.571958,G,4/8/2026,4/8/2026,,43fe3318d8510ed3,12/8/2029,,,Mairiporã,,
LIC-LIC-01,TELEFONICA BRASIL S.A.,50409146447,10,48412023,1017508680,AVENIDA ITATIAIA  S/N - LOTE 01,,SP,3509502,10M0G7W,LTE,,,2160,1970,300,FB,,,760,"38661703257",17.6,25,64,2,X,37,209000000000,40,-22.919322,-47.018707,G,4/8/2026,4/8/2026,,43fe3318d8510eb5,4/29/2038,,,Campinas,,x
LIC-LIC-01,TELEFONICA BRASIL S.A.,50409146447,10,48412023,1017508671,RUA WALDEMAR BOLDRIN  S/N,ROD ANHANGUERA SP-330  S/N KM 170 NORTE  FUNDOS DA,SP,3503307,10M0G7W,LTE,,,2160,1970,210,FB,,,760,"0",17.9,24,64,0,X,34,40952002519,40,-22.346339,-47.391917,G,4/8/2026,4/8/2026,,43fe3318d8510e77,4/29/2038,,,Araras,,
LIC-LIC-01,TELEFONICA BRASIL S.A.,50409146447,10,48412023,1017508639,AVENIDA AVENIDA PAPA JOÃO PAULO II  1790,,SP,3531803,10M0G7W,LTE,,,2160,1970,340,FB,,,760,"38661703257",17.6,25,64,2,X,31,83071803257,40,-22.932367,-47.243417,G,4/8/2026,4/8/2026,,43fe3318d8510e53,4/29/2038,,,Monte Mor,,x
LIC-LIC-01,TELEFONICA BRASIL S.A.,50409146447,10,48422023,1017507209,RODOVIA WALDOMIRO CORREA DE CAMARGO  S/N,KM 56 5 SP-79,SP,3523909,5M00G7W,LTE,,,1867.5,1772.5,170,FB,,,760,"0",0,0,0,2,X,42,35912402519,40,-23.348797,-47.307233,G,4/7/2026,4/7/2026,,43fe3318b87fcda8,12/22/2032,,,Itu,,x
LIC-LIC-01,TELEFONICA BRASIL S.A.,50409146447,10,48422023,1017507160,AV. GUILHERME PORCARI  1812,,SP,3525904,5M00G7W,LTE,,,1867.5,1772.5,150,FB,,,760,"0",0,0,0,2,X,42.5,35912402519,40,-23.198839,-47.019956,G,4/7/2026,4/7/2026,,43fe3318b87fcd28,12/22/2032,,,Jundiaí,,x
LIC-LIC-01,CLARO S.A.,50409105090,10,97692014,684839024,R FERNANDO PRESTES DE ALBUQUERQUE,LOTE 61 QUADRA D,SP,3509007,10M0G7W,LTE,,,798,743,230,FB,,,760,,13.4,21,68,-5,X,50,33782402519,79.43,-23.39003,-46.67169,G,4/24/2026,12/15/2004,,43fe3318d826ff6a,12/8/2029,,,Caieiras,,
LIC-LIC-01,TELEFONICA BRASIL S.A.,50409146447,10,97432014,1002170610,RUA ADÍLIO FEOLA,CONDOMÍNIO EDIFÍCIO COPACABANA,SP,3501608,10M0G7W,LTE,,,788,733,225,FB,,,760,"44181403519",14.2,32,58,2,X,24,104000000000,40,-22.7327,-47.347219,G,3/31/2026,11/9/2015,,43fe3318adfae958,12/8/2029,,,Americana,,x
LIC-LIC-01,TELEFONICA BRASIL S.A.,50409146447,10,97432014,1003172595,RUA ARNOLD GUT JUNIOR,SÍTIO DO MURSA,SP,3556503,10M0G7W,LTE,,,788,733,335,FB,,,760,"0",0,0,0,4,X,41.5,39452402519,40,-23.233512,-46.816938,G,3/31/2026,11/3/2016,,43fe3318adfae94c,12/8/2029,,,Várzea Paulista,,x
LIC-LIC-01,TELEFONICA BRASIL S.A.,50409146447,10,48412023,1003694656,AVENIDA HOSTILIO SOARES  382,,SP,3516309,10M0G7W,LTE,,,2160,1970,290,FB,,,760,"56001603518",17.2,30,60,2,X,60,40952002519,40,-23.254495,-46.74395,G,3/31/2026,1/6/2017,,43fe3318adfae919,4/29/2038,,,Francisco Morato,,
LIC-LIC-01,TELEFONICA BRASIL S.A.,50409146447,10,48412023,1017499745,ESTRADA DA BOIADA  800 - CASA VERDE,,SP,3556701,10M0G7W,LTE,,,2160,1970,350,FB,,,760,"38661703257",17.6,25,64,2,X,27,83071803257,40,-23.031872,-46.986533,G,3/31/2026,3/31/2026,,43fe3318adfae90a,4/29/2038,,,Vinhedo,,x
LIC-LIC-01,TELEFONICA BRASIL S.A.,50409146447,10,97432014,1002154763,RODOVIA NELSON CAPRONI,KM 2  5 FAZENDA BOA ESPERANÇA,SP,3544004,10M0G7W,LTE,,,788,733,355,FB,,,760,"0",15,21,70.7,2,X,59,104000000000,40,-22.843981,-47.591189,G,3/31/2026,11/9/2015,,43fe3318adfae8d9,12/8/2029,,,Rio das Pedras,,x
LIC-LIC-01,TELEFONICA BRASIL S.A.,50409146447,10,48422023,682718572,RODOVIA JOSÉ BUENO DE MIRANDA,KM 1,SP,3538204,5M00G7W,LTE,,,1862.5,1767.5,320,FB,,,760,"56001603518",16.7,30,64,2,X,54,83192102519,40,-22.815833,-46.544444,G,3/31/2026,9/24/2002,,43fe3318adfae838,12/22/2032,,,Pinhalzinho,,
LIC-LIC-01,TELEFONICA BRASIL S.A.,50409146447,10,48412023,1017499699,RODOVIA WALDOMIRO CORRÊA DE CAMARGO  S/N,SP-079 KM 55 - AC PORTARIA DO LOTEAMENTO RESID. PA,SP,3523909,10M0G7W,LTE,,,2160,1970,300,FB,,,760,"0",0,0,0,0,X,24,35912402519,40,-23.348261,-47.2859,G,3/31/2026,3/31/2026,,43fe3318adfae7f0,4/29/2038,,,Itu,,x
LIC-LIC-01,TELEFONICA BRASIL S.A.,50409146447,10,97432014,1006681300,Estrada Maricá Marques,,SP,3547304,10M0G7W,LTE,,,788,733,250,FB,,,760,"56001603518",15.4,25,68,2,X,21,39452402519,40,-23.404608,-46.882881,G,3/31/2026,5/17/2018,,43fe3318adfae793,12/8/2029,,,Santana de Parnaíba,,
LIC-LIC-01,TELEFONICA BRASIL S.A.,50409146447,10,97432014,441554571,RUA PIAUÍ,,SP,3545803,10M0G7W,LTE,,,788,733,240,FB,,,760,"0",13.8,22,70,0,X,25,104000000000,40,-22.746767,-47.419764,G,3/31/2026,12/15/1999,,43fe3318adfae78d,12/8/2029,,,Santa Bárbara d'Oeste,,x
LIC-LIC-01,TELEFONICA BRASIL S.A.,50409146447,10,97432014,682958972,RUA JACIRO BALDIOTTI,,SP,3552403,10M0G7W,LTE,,,788,733,250,FB,,,760,"0",13.8,22,70,3,X,40,104000000000,40,-22.832142,-47.266906,G,3/31/2026,10/9/2003,,43fe3318adfae769,12/8/2029,,,Sumaré,,x
LIC-LIC-01,TELEFONICA BRASIL S.A.,50409146447,10,48412023,1010829910,RUA MONTE MOR,,SP,3545209,10M0G7W,LTE,,,2160,1970,280,FB,,,760,"44181403519",16.4,32,57,2,X,18,40952002519,40,-23.212481,-47.274982,G,3/31/2026,7/24/2020,,43fe3318adfae757,4/29/2038,,,Salto,,x
LIC-LIC-01,TELEFONICA BRASIL S.A.,50409146447,10,97432014,534854800,RUA PEDRO TURATTI,X OSVALDO RICOMINI 633/534,SP,3542107,10M0G7W,LTE,,,788,733,115,FB,,,760,"56001603518",14.6,25,68,3,X,35,104000000000,40,-23.018722,-47.527889,G,3/31/2026,9/15/2000,,43fe3318adfae6e2,12/8/2029,,,Rafard,,x
LIC-LIC-01,TELEFONICA BRASIL S.A.,50409146447,10,97432014,695636308,Estrada Do Centenário  Praça Santos Dumont - Centro,,SP,3502754,10M0G7W,LTE,,,788,733,240,FB,,,760,"0",0,0,0,0,X,18,39452402519,40,-23.43639,-47.05444,G,3/31/2026,7/20/2011,,43fe3318add12e98,12/8/2029,,,Araçariguama,,
LIC-LIC-01,TELEFONICA BRASIL S.A.,50409146447,10,97432014,442159862,RUA JOSÉ MARIA LEONARDI,AO LADO DO 217 LOTE 4 QUADRA B,SP,3537107,10M0G7W,LTE,,,788,733,210,FB,,,760,"56001603518",13.5,25,63,4,X,28,104000000000,40,-22.732169,-46.889886,G,3/31/2026,12/15/1999,,43fe3318add12e86,12/8/2029,,,Pedreira,,x
LIC-LIC-01,TELEFONICA BRASIL S.A.,50409146447,10,48412023,1003856044,RUA VITAL BRASIL,,SP,3545209,10M0G7W,LTE,,,2160,1970,60,FB,,,760,"56001603518",17.2,30,60,6,X,51.8,40952002519,40,-23.199897,-47.305078,G,3/31/2026,3/24/2017,,43fe3318add12ded,4/29/2038,,,Salto,,x
LIC-LIC-01,TELEFONICA BRASIL S.A.,50409146447,10,48422023,1017499591,AVENIDA LUIZ MILANO FILHO  6226,,SP,3509007,5M00G7W,LTE,,,1867.5,1772.5,220,FB,,,760,"0",0,0,0,2,X,41.9,35912402519,40,-23.36779,-46.68037,G,3/31/2026,3/31/2026,,43fe3318add12dc9,12/22/2032,,,Caieiras,,
LIC-LIC-01,TELEFONICA BRASIL S.A.,50409146447,10,48412023,534211496,RODOVIA DOM GABRIEL PAULINO BUENO COUTO,KM 94 SP 300 FAZENDA NOVA AMÉRICA,SP,3523909,10M0G7W,LTE,,,2160,1970,300,FB,,,760,"56001603518",17.2,30,60,0,X,66,40952002519,40,-23.259167,-47.2,G,3/31/2026,10/4/2000,,43fe3318add12d7f,4/29/2038,,,Itu,,x
LIC-LIC-01,TELEFONICA BRASIL S.A.,50409146447,10,97432014,684597764,RUA JOÃO RODRIGUES DE MORAES  S/N,X AVENIDA LUIZ GONZAGA NASCIMENTO,SP,3531803,10M0G7W,LTE,,,788,733,115,FB,,,760,"0",13.8,22,70,2,X,58,104000000000,40,-22.92905,-47.261906,G,3/31/2026,6/28/2004,,43fe3318add12d6a,12/8/2029,,,Monte Mor,,x
LIC-LIC-01,TELEFONICA BRASIL S.A.,50409146447,10,48422023,1017499540,RUA ELBA  S/N,CONDOMINIO PICCOLO PAESE SALTO,SP,3545209,5M00G7W,LTE,,,1867.5,1772.5,250,FB,,,760,"0",0,0,0,2,X,26.05,18631605916,40,-23.164839,-47.312953,G,3/31/2026,3/31/2026,,43fe3318add12d01,12/22/2032,,,Salto,,x
LIC-LIC-01,TELEFONICA BRASIL S.A.,50409146447,10,97432014,1001979408,RUA VINÍCIUS DE MORAES,,SP,3552403,10M0G7W,LTE,,,788,733,240,FB,,,760,"0",13.8,22,70,2,X,36,104000000000,40,-22.843225,-47.160178,G,3/31/2026,9/14/2015,,43fe3318add12cce,12/8/2029,,,Sumaré,,x
LIC-LIC-01,TELEFONICA BRASIL S.A.,50409146447,10,48412023,1017499532,R. DR. VICENTE DE OLIVEIRA,,SP,3538709,10M0G7W,LTE,,,2160,1970,300,FB,,,760,"38661703257",17.6,25,64,2,X,37,83071803257,40,-22.688083,-47.672442,G,3/31/2026,3/31/2026,,43fe3318add12cc8,4/29/2038,,,Piracicaba,,x
LIC-LIC-01,TELEFONICA BRASIL S.A.,50409146447,10,97432014,1001982301,RUA DOIS,,SP,3552403,10M0G7W,LTE,,,788,733,340,FB,,,760,"0",15,21,70.7,3,X,30,104000000000,40,-22.824639,-47.166167,G,3/31/2026,9/14/2015,,43fe3318add12c86,12/8/2029,,,Sumaré,,x
LIC-LIC-01,TELEFONICA BRASIL S.A.,50409146447,10,97432014,1001328571,RUA VEREADOR HERMÍNIO CONTESINI,,SP,3525201,10M0G7W,LTE,,,788,733,260,FB,,,760,"56001603518",15.4,25,68,2,X,54,32641501882,40,-23.102806,-46.725889,G,3/31/2026,7/29/2016,,43fe3318add12c7d,12/8/2029,,,Jarinu,,
LIC-LIC-01,TELEFONICA BRASIL S.A.,50409146447,10,97432014,691931593,RUA BENEDITO DAS CHAGAS,RBR-SIM,SP,3501608,10M0G7W,LTE,,,788,733,113,FB,,,760,"0",13.8,22,70,6,X,38,104000000000,40,-22.722944,-47.361333,G,3/31/2026,11/26/2009,,43fe3318add12c77,12/8/2029,,,Americana,,x
LIC-LIC-01,TELEFONICA BRASIL S.A.,50409146447,10,59072012,1016366814,Avenida Alexandre Fleming,X RUA DOUTOR ANTENOR SOARES GANDRA X RUA ROMEU PELLICCIARI,SP,3525904,20M0G7W,LTE,,,2680,2560,270,FB,,,760,"56001603518",17.5,30,57,0,X,22,45621602519,40,-23.183625,-46.863467,G,3/31/2026,12/18/2024,,43fe3318add12c6b,10/18/2027,,,Jundiaí,,x
LIC-LIC-01,TELEFONICA BRASIL S.A.,50409146447,10,48412023,441994873,RODOVIA ALKINDAR MONTEIRO JUNQUEIRA,KM 36 5 SP 63,SP,3507605,10M0G7W,LTE,,,2160,1970,230,FB,,,760,"56001603518",17.2,30,60,2,X,67.6,40952002519,40,-22.960261,-46.699692,G,3/31/2026,12/15/1999,,43fe3318add12c01,4/29/2038,,,Bragança Paulista,,
LIC-LIC-01,TELEFONICA BRASIL S.A.,50409146447,10,48412023,441994857,RODOVIA ALKINDAR MONTEIRO JUNQUEIRA,KM 30 SP 63,SP,3523404,10M0G7W,LTE,,,2160,1970,340,FB,,,760,"44181403519",16.4,32,57,2,X,80,40952002519,40,-22.980586,-46.758453,G,3/31/2026,12/15/1999,,43fe3318add12bec,4/29/2038,,,Itatiba,,x
LIC-LIC-01,TELEFONICA BRASIL S.A.,50409146447,10,48422023,1010829766,Rua Luiz Fassina,,SP,3523404,5M00G7W,LTE,,,1862.5,1767.5,270,FB,,,760,"44181403519",15.1,29,62,4,X,60,83192102519,40,-23.0127,-46.85545,G,3/31/2026,7/24/2020,,43fe3318add12bbe,12/22/2032,,,Itatiba,,x
LIC-LIC-01,CLARO S.A.,50409105090,10,46662011,1017479027,R PAULO ROGERIO BAPTISTA,,SP,3524006,2M50G7W,LTE,,,892.75,847.75,330,FB,,,168,,11,25,360,0,V,18,75462401647,60,-23.11439,-47.12407,G,4/7/2026,3/23/2026,,43fe3318fc3e9e23,8/6/2027,,,Itupeva,,x
LIC-LIC-01,CLARO S.A.,50409105090,10,97692014,442830513,R BENEDITO LISBOA,,SP,3540606,10M0G7W,LTE,,,798,743,230,FB,,,760,,13.4,21,68,-1,X,49,33782402519,79.43,-23.21568,-47.52656,G,3/23/2026,4/10/2000,,43fe33189fc55495,12/8/2029,,,Porto Feliz,,x
LIC-LIC-01,CLARO S.A.,50409105090,10,97692014,1007901680,R 1,LOTE 9 -QUADRA 4,SP,3531803,10M0G7W,LTE,,,798,743,30,FB,,,760,,13.4,21,68,-2,X,41,33782402519,79.43,-22.91653,-47.27226,G,3/23/2026,1/4/2019,,43fe33189fc5546b,12/8/2029,,,Monte Mor,,x
LIC-LIC-01,CLARO S.A.,50409105090,10,97692014,1006427500,ROD GOVERNADOR ADHEMAR DE BARROS,ATACADAO MOGI MIRIM,SP,3530805,10M0G7W,LTE,,,798,743,60,FB,,,760,,13.4,21,68,-2,X,50,33782402519,79.43,-22.40329,-46.97286,G,3/23/2026,4/30/2018,,43fe33189fc55459,12/8/2029,,,Mogi Mirim,,
LIC-LIC-01,CLARO S.A.,50409105090,10,97692014,1017484993,EST DO JEQUITIBA-RESIDENCIAL VITA VERDI,,SP,3556206,10M0G7W,LTE,,,798,743,340,FB,,,760,,13.5,24,73,0,X,30,33782402519,79.43,-22.97613,-46.97014,G,3/25/2026,3/25/2026,,43fe33187bfcd067,12/8/2029,,,Valinhos,,
LIC-LIC-01,CLARO S.A.,50409105090,10,97692014,1017484985,R WALDOMIRO ROSSI-LOTE 05 QUADRA N  AO LADO N°805,,SP,3556206,10M0G7W,LTE,,,798,743,220,FB,,,760,,13.5,24,73,0,X,40,33782402519,79.43,-22.93761,-46.97735,G,3/25/2026,3/25/2026,,43fe33187bfcd061,12/8/2029,,,Valinhos,,
LIC-LIC-01,CLARO S.A.,50409105090,10,97692014,1017484977,R NATAL LIMA BONFIM-PROX AO N° 73,,SP,3545803,10M0G7W,LTE,,,798,743,240,FB,,,760,,13.5,24,73,-2,X,40,33782402519,79.43,-22.73715,-47.36891,G,3/25/2026,3/25/2026,,43fe33187bfcd05b,12/8/2029,,,Santa Bárbara d'Oeste,,x
LIC-LIC-01,TELEFONICA BRASIL S.A.,50409146447,10,48412023,1017483253,RUA BENEDITO (ANTIGA RUA 11) - HORTOLÂNDIA - SP,,SP,3519071,10M0G7W,LTE,,,2160,1970,340,FB,,,760,"38661703257",17.6,25,64,2,X,31,83071803257,40,-22.87744,-47.17247,G,3/25/2026,3/25/2026,,55e033186b41b04b,4/29/2038,,,Hortolândia,,x
LIC-LIC-01,TELEFONICA BRASIL S.A.,50409146447,10,48422023,1017482770,PRAÇA XINGU  S/N,CRUZAMENTO DAS AV. TUBINAMBÁS E AIMORÉS - LOTEAMEN,SP,3524006,5M00G7W,LTE,,,1867.5,1772.5,355,FB,,,760,"0",0,0,0,0,X,11.85,83192102519,40,-23.142131,-47.059836,G,3/25/2026,3/25/2026,,b0a333180ab2a703,12/22/2032,,,Itupeva,,x
LIC-LIC-01,TELEFONICA BRASIL S.A.,50409146447,10,48422023,1017482761,AV. DOS TUPINAMBÁS,LOTEAMENTO COLINAS DE INHANDJARA,SP,3524006,5M00G7W,LTE,,,1867.5,1772.5,330,FB,,,760,"0",0,0,0,0,X,11.85,83192102519,40,-23.131509,-47.061559,G,3/25/2026,3/25/2026,,b0a333180ab2a6f5,12/22/2032,,,Itupeva,,x
LIC-LIC-01,TELEFONICA BRASIL S.A.,50409146447,10,48422023,1017482753,RUA MIRACEMA  S/N,LOTEAMENTO COLINAS DE INHANDJARA,SP,3524006,5M00G7W,LTE,,,1867.5,1772.5,330,FB,,,760,"0",0,0,0,0,X,11.85,83192102519,40,-23.134678,-47.060619,G,3/25/2026,3/25/2026,,b0a333180ab2a6e7,12/22/2032,,,Itupeva,,x
LIC-LIC-01,TELEFONICA BRASIL S.A.,50409146447,10,48422023,1017482745,AVENIDA DOS TUPINAMBÁS  S/N,LOTEAMENTO COLINAS DE INHANDJARA,SP,3524006,5M00G7W,LTE,,,1867.5,1772.5,230,FB,,,760,"0",0,0,0,0,X,11.85,83192102519,40,-23.137425,-47.0599,G,3/25/2026,3/25/2026,,b0a333180ab2a6d9,12/22/2032,,,Itupeva,,x
LIC-LIC-01,TELEFONICA BRASIL S.A.,50409146447,10,48422023,1017482737,RUA GUAIRA  S/N,RUA POTIRÁ  227  LOTEAMENTO COLINAS DE INHANDJARA,SP,3524006,5M00G7W,LTE,,,1867.5,1772.5,225,FB,,,760,"0",0,0,0,0,X,11.85,83192102519,40,-23.127011,-47.060456,G,3/25/2026,3/25/2026,,b0a333180ab2a6cb,12/22/2032,,,Itupeva,,x
LIC-LIC-01,TELEFONICA BRASIL S.A.,50409146447,10,166262022,1013188290,Rua Jornalista Tim Lopes,,SP,3509502,10M0G7W,LTE,,,1855,1760,300,FB,,,760,"44181403519",15.1,29,62,4,X,44,83071803257,40,-22.82905,-47.017489,G,3/25/2026,6/15/2022,,b0a33318eb18d4ff,12/22/2032,,,Campinas,,x
LIC-LIC-01,TELEFONICA BRASIL S.A.,50409146447,10,48412023,1017483210,AVENIDA PREFEITO JOSE LOUSANO ARAUJO  S/N  JD. IPE,,SP,3536505,10M0G7W,LTE,,,2160,1970,330,FB,,,760,"0",17.5,25,65,0,X,29,83192102519,40,-22.780697,-47.157517,G,3/25/2026,3/25/2026,,b0a33318a31a9daf,4/29/2038,,,Paulínia,,x
LIC-LIC-01,TELEFONICA BRASIL S.A.,50409146447,10,48412023,1017483156,RUA VIRGÍNIO VESCOVI  221,LOTE 14  QUADRA O,SP,3509502,10M0G7W,LTE,,,2160,1970,330,FB,,,760,"38661703257",17.6,25,64,2,X,32,209000000000,40,-22.825796,-47.015233,G,3/25/2026,3/25/2026,,03af33187aaec59f,4/29/2038,,,Campinas,,x
LIC-LIC-01,TELEFONICA BRASIL S.A.,50409146447,10,48412023,1004417494,RUA CLAUDINEI DE OLIVEIRA SILVA  S/N,LOTE 09 - QUADRA 43,SP,3516309,10M0G7W,LTE,,,2160,1970,340,FB,,,760,"56001603518",17.2,30,60,1,X,50,76562202519,40,-23.273475,-46.725684,G,3/25/2026,7/7/2017,,5bc76318705cfcf7,4/29/2038,,,Francisco Morato,,
LIC-LIC-01,TELEFONICA BRASIL S.A.,50409146447,10,48422023,1003699356,Rua Vitória Régia,Residencial Alexandria,SP,3556503,5M00G7W,LTE,,,1867.5,1772.5,330,FB,,,760,"56001603518",16.7,30,64,4,X,43,40952002519,40,-23.210806,-46.805375,G,3/25/2026,1/16/2017,,5bc76318705cfca4,12/22/2032,,,Várzea Paulista,,x
LIC-LIC-01,TELEFONICA BRASIL S.A.,50409146447,10,48412023,1003172544,ESTRADA TUIUTI AO BAIRRO DO PANTÂNO,KM 3 SÍTIO TUIUTI,SP,3554953,10M0G7W,LTE,,,2160,1970,270,FB,,,760,"56001603518",17.2,30,60,2,X,60,83192102519,40,-22.787475,-46.696302,G,3/25/2026,11/17/2016,,5bc76318705cfc80,4/29/2038,,,Tuiuti,,
LIC-LIC-01,TELEFONICA BRASIL S.A.,50409146447,10,48412023,1017482877,RUA ANTONIO DOMINGOS EUFROSINO DE SOUZA  677,,SP,3503307,10M0G7W,LTE,,,2160,1970,210,FB,,,760,"0",17.9,24,64,2,X,42,83071803257,40,-22.345069,-47.370139,G,3/25/2026,3/25/2026,,5bc76318705cfc45,4/29/2038,,,Araras,,
LIC-LIC-01,TELEFONICA BRASIL S.A.,50409146447,10,97432014,1005986263,RUA CAIAPOS - LOTE 20 QUADRA F,LOTE 20 QUADRA F,SP,3545209,10M0G7W,LTE,,,788,733,240,FB,,,760,"56001603518",13.5,25,63,2,X,48,39452402519,40,-23.21417,-47.28861,G,3/25/2026,3/16/2018,,5bc76318705cfc2d,12/8/2029,,,Salto,,x
LIC-LIC-01,TELEFONICA BRASIL S.A.,50409146447,10,48412023,1011277651,RUA SANTA ROSALIA,,SP,3545209,10M0G7W,LTE,,,2160,1970,320,FB,,,760,"56001603518",16,25,67,2,X,49.5,83192102519,40,-23.179761,-47.3009,G,3/25/2026,10/15/2020,,5bc76318705cfc0f,4/29/2038,,,Salto,,x
LIC-LIC-01,TELEFONICA BRASIL S.A.,50409146447,10,48422023,1010133621,ESTRADA MUNICIPAL FÚLVIO SALVADOR PAGANI,,SP,3507605,5M00G7W,LTE,,,1867.5,1772.5,270,FB,,,760,"1.29E+11",14.3,31,63,0,X,30,40952002519,40,-22.902064,-46.540642,G,3/25/2026,3/18/2020,,5bc76318705cfb62,12/22/2032,,,Bragança Paulista,,
LIC-LIC-01,TELEFONICA BRASIL S.A.,50409146447,10,48412023,1002031602,RUA DAS PERDIZES,,SP,3525201,10M0G7W,LTE,,,2160,1970,330,FB,,,760,"56001603518",17.2,30,60,2,X,49,83192102519,40,-23.15619,-46.71518,G,3/25/2026,11/9/2015,,5bc76318705cfb0b,4/29/2038,,,Jarinu,,
LIC-LIC-01,TELEFONICA BRASIL S.A.,50409146447,10,48412023,690816200,AVENIDA JOSÉ MEZZALIRA,,SP,3525904,10M0G7W,LTE,,,2160,1970,325,FB,,,760,"56001603518",17.2,30,60,2,X,56.5,83192102519,40,-23.156675,-46.836497,G,3/25/2026,10/28/2008,,5bc76318705cfaff,4/29/2038,,,Jundiaí,,x
LIC-LIC-01,TELEFONICA BRASIL S.A.,50409146447,10,48422023,441994962,RODOVIA EDGARD MÁXIMO ZAMBOTO,RBR-NÃO,SP,3525201,5M00G7W,LTE,,,1867.5,1772.5,190,FB,,,760,"56001603518",16.9,25,67,2,X,58,40952002519,40,-23.141389,-46.743889,G,3/25/2026,12/15/1999,,5bc76318705cfaf9,12/22/2032,,,Jarinu,,
LIC-LIC-01,TELEFONICA BRASIL S.A.,50409146447,10,48422023,696304112,ALAMEDA DOS CARANDÁS,RBR-NÃO,SP,3523404,5M00G7W,LTE,,,1867.5,1772.5,320,FB,,,760,"56001603518",16.7,30,64,4,X,59,40952002519,40,-23.09861,-46.83472,G,3/25/2026,12/19/2011,,5bc76318705cfaea,12/22/2032,,,Itatiba,,x
LIC-LIC-01,TELEFONICA BRASIL S.A.,50409146447,10,48422023,1002030959,ESTRADA MUNICIPAL JOÃO BIANCO,CHÁCARA DONA OTILIA,SP,3523404,5M00G7W,LTE,,,1867.5,1772.5,260,FB,,,760,"56001603518",16.9,25,67,2,X,31,40952002519,40,-22.98215,-46.81955,G,3/25/2026,11/9/2015,,5bc76318705cfad8,12/22/2032,,,Itatiba,,x
LIC-LIC-01,TELEFONICA BRASIL S.A.,50409146447,10,48422023,1012585660,ALAMEDA PROFESSOR LUCAS NOGUEIRA GARCEZ,,SP,3504107,5M00G7W,LTE,,,1867.5,1772.5,350,FB,,,760,"1.29E+11",14.3,31,63,0,X,17,40952002519,40,-23.141557,-46.553687,G,3/25/2026,11/10/2021,,5bc76318705cfa96,12/22/2032,,,Atibaia,,
LIC-LIC-01,TELEFONICA BRASIL S.A.,50409146447,10,48412023,1017482818,RODOVIA SERVIDÃO SALDEIRA  S/N,RODOVIA ANHAGUERA SP-050  KM 74 NORTE  SITIO BOA V,SP,3527306,10M0G7W,LTE,,,2160,1970,230,FB,,,760,"0",17.9,24,64,2,X,53,83071803257,40,-23.079089,-46.977622,G,3/25/2026,3/25/2026,,5bc76318705cf9a4,4/29/2038,,,Louveira,,x
LIC-LIC-01,TELEFONICA BRASIL S.A.,50409146447,10,59072012,1017482788,RUA DOUTOR CINCINATO BRAGA  43 - ED. SAIRA,,SP,3509502,20M0G7W,LTE,,,2680,2560,50,FB,,,760,"4521703257",18.1,28,60,2,X,28,209000000000,40,-22.899722,-47.0775,G,3/25/2026,3/25/2026,,5bc76318705cf8ca,10/18/2027,,,Campinas,,x
LIC-LIC-01,CLARO S.A.,50409105090,10,34672011,1017480513,R DAS CASTANHEIRAS,,SP,3533403,10M0G7W,LTE,,,2140,1950,70,FB,,,760,,17.4,22,59,0,X,30,13792502519,60,-22.80212,-47.31464,G,3/24/2026,3/24/2026,,43fe331894ea7730,6/1/2026,,,Nova Odessa,,x
LIC-LIC-01,CLARO S.A.,50409105090,10,34672011,1017480475,R DAS CRAVINAS,,SP,3501608,10M0G7W,LTE,,,2140,1950,260,FB,,,760,,17.4,22,59,-2,X,40,39452402519,80,-22.75924,-47.33315,G,3/24/2026,3/24/2026,,43fe331894ea76ff,6/1/2026,,,Americana,,x
LIC-LIC-01,CLARO S.A.,50409105090,10,34672011,1017471727,R 15,,SP,3543907,10M0G7W,LTE,,,2140,1950,285,FB,,,760,,17.4,22,59,-2,X,40,13792502519,60,-22.38127,-47.58339,G,3/19/2026,3/19/2026,,43fe331894f24597,6/1/2026,,,Rio Claro,,
LIC-LIC-01,CLARO S.A.,50409105090,10,97692014,1017471468,RUA BENEDITO JOSÉ ANASTÁCIO  AO LADO DO N° 413,,SP,3538709,10M0G7W,LTE,,,798,743,230,FB,,,760,,13.5,24,73,-4,X,40,33782402519,79.43,-22.68707,-47.65548,G,3/19/2026,3/19/2026,,b0a33318512183aa,12/8/2029,,,Piracicaba,,x
LIC-LIC-01,CLARO S.A.,50409105090,10,97692014,1017471450,RUA JULIO STEIN,LT 02  QD B,SP,3520509,10M0G7W,LTE,,,798,743,260,FB,,,760,,13.5,24,73,-2,X,40,33782402519,79.43,-23.09481,-47.2054,G,3/19/2026,3/19/2026,,b0a3331851218389,12/8/2029,,,Indaiatuba,,x
LIC-LIC-01,CLARO S.A.,50409105090,10,97692014,1017471433,AV PACAEMBU-LT 46 QD J-1 - AO LADO DO 1281 - ESQUINA RUA PORTO FELIZ,,SP,3556503,10M0G7W,LTE,,,798,743,30,FB,,,760,,13.5,24,73,-2,X,40,33782402519,79.43,-23.20138,-46.82391,G,3/19/2026,3/19/2026,,b0a3331851218317,12/8/2029,,,Várzea Paulista,,x
LIC-LIC-01,CLARO S.A.,50409105090,10,97692014,1017471409,R PROFESSOR NOBIL MARCACINI,,SP,3550308,10M0G7W,LTE,,,798,743,40,FB,,,760,,13.5,24,73,0,X,38.5,33782402519,79.43,-23.44053,-46.72401,G,3/19/2026,3/19/2026,,b0a33318512182f3,12/8/2029,,,São Paulo,,
LIC-LIC-01,CLARO S.A.,50409105090,10,97692014,1017471352,R FRANCISCA LUZ PEREIRA,,SP,3528502,10M0G7W,LTE,,,798,743,50,FB,,,760,,13.5,24,73,0,X,40,33782402519,79.43,-23.29779,-46.56043,G,3/19/2026,3/19/2026,,b0a33318512182d2,12/8/2029,,,Mairiporã,,
LIC-LIC-01,CLARO S.A.,50409105090,10,97692014,1017471344,AV DANIEL RATTI,,SP,3523909,10M0G7W,LTE,,,798,743,40,FB,,,760,,13.5,24,73,0,X,34,33782402519,79.43,-23.30545,-47.27512,G,3/19/2026,3/19/2026,,b0a33318512182cc,12/8/2029,,,Itu,,x
LIC-LIC-01,CLARO S.A.,50409105090,10,97692014,1017471310,AV REMIGIO DALLA VECCHIA - ESQUINA COM WALDOMIRO TAVERNARI LT 07  QD 07,,SP,3545209,10M0G7W,LTE,,,798,743,340,FB,,,760,,13.5,24,73,0,X,40,33782402519,79.43,-23.17928,-47.26136,G,3/19/2026,3/19/2026,,b0a3331851218278,12/8/2029,,,Salto,,x
LIC-LIC-01,CLARO S.A.,50409105090,10,97692014,1017476966,R CUIABA,CO LADO DO 96,SP,3547304,10M0G7W,LTE,,,798,743,50,FB,,,760,,13.5,24,73,0,X,33,33782402519,79.43,-23.41251,-46.88565,G,3/23/2026,3/23/2026,,43fe33189e954217,12/8/2029,,,Santana de Parnaíba,,
LIC-LIC-01,CLARO S.A.,50409105090,10,97692014,1017471646,ROD ENGENHEIRO MIGUEL MELHADO CAMPOS,,SP,3524006,10M0G7W,LTE,,,798,743,240,FB,,,760,,13.2,28,68,0,X,18,33782402519,79.43,-23.07022,-47.0746,G,3/19/2026,3/19/2026,,ddd3331866ffce70,12/8/2029,,,Itupeva,,x
LIC-LIC-01,CLARO S.A.,50409105090,10,97692014,1017471638,AL CELEBRATION,,SP,3524006,10M0G7W,LTE,,,798,743,340,FB,,,760,,13.2,28,68,0,X,19.5,33782402519,79.43,-23.05715,-47.07132,G,3/19/2026,3/19/2026,,ddd3331866ffce5e,12/8/2029,,,Itupeva,,x
LIC-LIC-01,CLARO S.A.,50409105090,10,105752021,1015685070,AV JOHN BOYD DUNLOP,LOCAL DE DESCARGA 8191,SP,3509502,40M0G7W,LTE,,,2325,0,80,FB,,,760,"2.22E+11",25,25,65,0,X,17,222000000000,160,-22.9112,-47.0966,G,3/19/2026,3/6/2024,,55e033186afb98b9,12/8/2041,,,Campinas,,x
LIC-LIC-01,CLARO S.A.,50409105090,10,97692014,1017471670,R SERVIDÃO SEM DENOMINAÇÃO,MOTEL - RUA PARTICULAR,SP,3526902,10M0G7W,LTE,,,798,743,270,FB,,,760,,13.5,24,73,0,X,40,33782402519,79.43,-22.54244,-47.36829,G,3/19/2026,3/19/2026,,55e033186afb98a1,12/8/2029,,,Limeira,,
LIC-LIC-01,CLARO S.A.,50409105090,10,105752021,1012589428,R DO HIPISMO - ESQ COM EST. MUN. JOSÉ SEDANO,,SP,3509502,40M0G7W,LTE,,,2325,0,250,FB,,,760,,22.1,25,65,-3,X,33,33892302519,97,-22.831,-47.14636,G,3/19/2026,11/11/2021,,b0a333185112a3a3,12/8/2041,,,Campinas,,x
LIC-LIC-01,CLARO S.A.,50409105090,10,97692014,1017458011,R AMADEU GAVA-LOTE 14  QUADRA 0E - AO LADO DO N° 124,,SP,3503307,10M0G7W,LTE,,,798,743,30,FB,,,760,,13.5,24,73,0,X,40,33782402519,79.43,-22.364,-47.33314,G,3/16/2026,3/16/2026,,43fe33187bffb359,12/8/2029,,,Araras,,
LIC-LIC-01,CLARO S.A.,50409105090,10,97692014,1017454415,R COSMOPOLIS,,SP,3503802,10M0G7W,LTE,,,798,743,60,FB,,,760,,13.5,24,73,0,X,40,33782402519,79.43,-22.57928,-47.18037,G,3/13/2026,3/13/2026,,43fe3318761e5612,12/8/2029,,,Artur Nogueira,,
LIC-LIC-01,CLARO S.A.,50409105090,10,97692014,1017454407,R BENEDITO TANCREDO,,SP,3503802,10M0G7W,LTE,,,798,743,325,FB,,,760,,13.5,24,73,-2,X,40,33782402519,79.43,-22.52723,-47.18248,G,3/13/2026,3/13/2026,,43fe3318761e560f,12/8/2029,,,Artur Nogueira,,
LIC-LIC-01,CLARO S.A.,50409105090,10,97692014,696232561,R TOMAZ ANTONIO GONZAGA-ACESSO AO MIRANTE CONDOMINIO PORTA DO SOL,,SP,3528403,10M0G7W,LTE,,,798,743,290,FB,,,760,,13.4,21,68,-2,X,39,33782402519,79.43,-23.43932,-47.19501,G,3/11/2026,11/3/2011,,ddd3331866d491bd,12/8/2029,,,Mairinque,,
LIC-LIC-01,CLARO S.A.,50409105090,10,97692014,1017449179,R FONTE MECIA,,SP,3556206,10M0G7W,LTE,,,798,743,280,FB,,,760,,13.5,24,73,0,X,40,33782402519,79.43,-22.93488,-46.98449,G,3/11/2026,3/11/2026,,ddd3331866d491b1,12/8/2029,,,Valinhos,,
LIC-LIC-01,CLARO S.A.,50409105090,10,97692014,1017449136,R LOURENCO GIOVANI GUSSON,,SP,3500501,10M0G7W,LTE,,,798,743,350,FB,,,760,,13.5,24,73,-2,X,40,33782402519,79.43,-22.48689,-46.63533,G,3/11/2026,3/11/2026,,ddd3331866d49160,12/8/2029,,,Águas de Lindóia,,x
LIC-LIC-01,CLARO S.A.,50409105090,10,97692014,1017441801,AV DA SAUDADE,,SP,3516408,10M0G7W,LTE,,,798,743,80,FB,,,760,,13.5,24,73,0,X,40,33782402519,79.43,-23.32559,-46.71408,G,3/6/2026,3/6/2026,,b0a333185156de20,12/8/2029,,,Franco da Rocha,,
LIC-LIC-01,CLARO S.A.,50409105090,10,97692014,379964783,ROD ANHANGUERA,PISTA INTERIOR-CAPITAL (KM43),SP,3509205,10M0G7W,LTE,,,798,743,150,FB,,,760,"27331703519",14.1,25,66.56,-7,X,70,33782402519,79.43,-23.3073,-46.8604,G,3/6/2026,9/8/2003,,b0a333185156de19,12/8/2029,,,Cajamar,,
LIC-LIC-01,CLARO S.A.,50409105090,10,97692014,1017441798,ROD EDGARD MAXIMO ZAMBOTTO,ESTRADA MUNICIPAL JOANIN PEROBELLI  S/N - KM 0 58SITIO SANTA TEREZINHA - KM 69,SP,3525201,10M0G7W,LTE,,,798,743,250,FB,,,760,,13.5,24,73,0,X,38,33782402519,79.43,-23.12679,-46.72836,G,3/6/2026,3/6/2026,,b0a333185156dde6,12/8/2029,,,Jarinu,,
LIC-LIC-01,CLARO S.A.,50409105090,10,97692014,1017433264,RUA JULIETA PALLABONA SAVOI,,SP,3526902,10M0G7W,LTE,,,798,743,270,FB,,,760,,13.5,24,73,0,X,40,33782402519,79.43,-22.56515,-47.42644,G,3/4/2026,3/4/2026,,b0a333189d63b53b,12/8/2029,,,Limeira,,
LIC-LIC-01,CLARO S.A.,50409105090,10,97692014,1017441739,R BAHIA,LOTE 60 QUADRA R,SP,3525904,10M0G7W,LTE,,,798,743,75,FB,,,760,,13.5,24,73,0,X,27,33782402519,79.43,-23.17066,-46.86625,G,3/6/2026,3/6/2026,,b0a333182e91eafa,12/8/2029,,,Jundiaí,,x
LIC-LIC-01,CLARO S.A.,50409105090,10,34672011,1017441704,RUA IPIRANGA,,SP,3538709,10M0G7W,LTE,,,2140,1950,250,FB,,,760,,17.4,22,59,0,X,40,13792502519,60,-22.73711,-47.63521,G,3/6/2026,3/6/2026,,b0a333182e91ea55,6/1/2026,,,Piracicaba,,x
LIC-LIC-01,CLARO S.A.,50409105090,10,97692014,1017441690,RUA JATOBA,,SP,3526902,10M0G7W,LTE,,,798,743,195,FB,,,760,,13.5,24,73,-2,X,40,33782402519,79.43,-22.54971,-47.39485,G,3/6/2026,3/6/2026,,b0a333182e91ea40,12/8/2029,,,Limeira,,
LIC-LIC-01,CLARO S.A.,50409105090,10,97692014,692742883,AV CAPITÃO FRANCISCO COPELLI,EM FRENTE AO 463,SP,3525904,10M0G7W,LTE,,,798,743,65,FB,,,760,,13.3,25,60,-2,X,46,33782402519,79.43,-23.1558,-46.87337,G,3/6/2026,9/15/2010,,b0a333182e91e9cd,12/8/2029,,,Jundiaí,,x
LIC-LIC-01,CLARO S.A.,50409105090,10,97692014,1005185821,R RAMON REINA BONILHA,ÁREA A,SP,3524006,10M0G7W,LTE,,,798,743,320,FB,,,760,,13.4,21,68,-1,X,50,33782402519,79.43,-23.13932,-47.04511,G,3/6/2026,10/4/2017,,b0a333182e91e9ac,12/8/2029,,,Itupeva,,x
LIC-LIC-01,CLARO S.A.,50409105090,10,97692014,1017433396,AV ARMANDO CÉSARE DEDINI - AO LADO DO N° 1498,,SP,3538709,10M0G7W,LTE,,,798,743,220,FB,,,760,,13.5,24,73,0,X,40,33782402519,79.43,-22.71236,-47.67255,G,3/4/2026,3/4/2026,,b0a333180f2a4221,12/8/2029,,,Piracicaba,,x
LIC-LIC-01,CLARO S.A.,50409105090,10,34672011,1017433345,RUA APARECIDA AUGUSTO,,SP,3538709,10M0G7W,LTE,,,2140,1950,200,FB,,,760,,17.4,22,59,-2,X,40,39452402519,80,-22.66612,-47.70553,G,3/4/2026,3/4/2026,,b0a333180f2a41d9,6/1/2026,,,Piracicaba,,x
LIC-LIC-01,CLARO S.A.,50409105090,10,97692014,1017433337,RUA PANAMÁ,,SP,3526902,10M0G7W,LTE,,,798,743,230,FB,,,760,,13.5,24,73,-2,X,40,33782402519,79.43,-22.55216,-47.44698,G,3/4/2026,3/4/2026,,b0a333180f2a41b2,12/8/2029,,,Limeira,,
LIC-LIC-01,CLARO S.A.,50409105090,10,97692014,1017433280,RUA SAO THIAGO,,SP,3501608,10M0G7W,LTE,,,798,743,250,FB,,,760,,13.5,24,73,-2,X,40,33782402519,79.43,-22.7305,-47.31683,G,3/4/2026,3/4/2026,,b0a333180f2a4048,12/8/2029,,,Americana,,x
LIC-LIC-01,CLARO S.A.,50409105090,10,97692014,1007269984,EST DOUTOR CASSIO DE FREITAS LEVY,R. JOSÉ CONEGUNDES,SP,3526902,10M0G7W,LTE,,,798,743,250,FB,,,760,,13.4,21,68,-2,X,39.6,33782402519,79.43,-22.54085,-47.42369,G,3/6/2026,9/26/2018,,b0a3331823bae417,12/8/2029,,,Limeira,,
LIC-LIC-01,CLARO S.A.,50409105090,10,97692014,1017433078,RUA GETULIO GONCALVES SAMPAIO,,SP,3509502,10M0G7W,LTE,,,798,743,190,FB,,,760,,13.5,24,73,-2,X,40,33782402519,79.43,-22.96532,-47.08256,G,3/4/2026,3/4/2026,,b0a3331823c590f7,12/8/2029,,,Campinas,,x
LIC-LIC-01,CLARO S.A.,50409105090,10,97692014,1017433060,RUA JOSÉ DE ALMEIDA,,SP,3509502,10M0G7W,LTE,,,798,743,290,FB,,,760,,13.5,24,73,0,X,18.5,33782402519,79.43,-22.90351,-47.03583,G,3/4/2026,3/4/2026,,b0a3331823c590ee,12/8/2029,,,Campinas,,x
LIC-LIC-01,CLARO S.A.,50409105090,10,97692014,442517467,RUA MADRE MARIA EMILIA,,SP,3501905,10M0G7W,LTE,,,798,743,250,FB,,,760,,13.3,25,60,0,X,42,83192102519,60,-22.70536,-46.76164,G,3/4/2026,12/11/2001,,b0a333180f1c8fef,12/8/2029,,,Amparo,,x
LIC-LIC-01,CLARO S.A.,50409105090,10,97692014,442735200,RUA ANTONIO NOVAES,AO LADO DA LAGOINHA SERRA NEGRA,SP,3551603,10M0G7W,LTE,,,798,743,230,FB,,,760,,13.3,25,60,-2,X,40,33782402519,79.43,-22.60913,-46.707,G,3/3/2026,11/30/2000,,b0a333189d5a2f86,12/8/2029,,,Serra Negra,,x
LIC-LIC-01,CLARO S.A.,50409105090,10,97692014,1005356332,RUA SOROR JOANA ANGELICA DE JESUS,,SP,3509502,10M0G7W,LTE,,,798,743,260,FB,,,760,,13.3,25,60,-3,X,40.5,57731705894,80,-22.92232,-47.09981,G,3/3/2026,12/7/2017,,b0a333189d5a2f6e,12/8/2029,,,Campinas,,x
LIC-LIC-01,CLARO S.A.,50409105090,10,97692014,1003007098,ROD CAPITÃO BARDUÍNO - KM 101 - FAZENDA SANTO ANTÔNIO DA BOA VISTA,,SP,3507605,10M0G7W,LTE,,,798,743,310,FB,,,760,,13.4,21,68,-3,X,42,33782402519,79.43,-22.86231,-46.5393,G,2/25/2026,7/5/2016,,b0a3331823cd2850,12/8/2029,,,Bragança Paulista,,
LIC-LIC-01,CLARO S.A.,50409105090,10,97692014,1017421231,R BENJAMIN CONSTANT,,SP,3523404,10M0G7W,LTE,,,798,743,50,FB,,,760,,13.5,24,73,0,X,24,33782402519,79.43,-23.00416,-46.84101,G,2/25/2026,2/25/2026,,b0a3331823cd283e,12/8/2029,,,Itatiba,,x
LIC-LIC-01,CLARO S.A.,50409105090,10,97692014,1017421223,R YOLANDO MALOZZI,,SP,3504107,10M0G7W,LTE,,,798,743,60,FB,,,760,,13.5,24,73,0,X,26,33782402519,79.43,-23.12255,-46.56462,G,2/25/2026,2/25/2026,,b0a3331823cd283b,12/8/2029,,,Atibaia,,
LIC-LIC-01,CLARO S.A.,50409105090,10,97692014,1017419261,AV MARILIA,,SP,3545209,10M0G7W,LTE,,,798,743,30,FB,,,760,,13.5,24,73,0,X,40,33782402519,79.43,-23.21196,-47.28148,G,2/24/2026,2/24/2026,,b0a33318096bcc16,12/8/2029,,,Salto,,x
LIC-LIC-01,CLARO S.A.,50409105090,10,97692014,1017419270,RUA SEBASTIANA CERCHIARO BORRELLI,,SP,3526902,10M0G7W,LTE,,,798,743,265,FB,,,760,,13.5,24,73,-2,X,40,33782402519,79.43,-22.58284,-47.39773,G,2/24/2026,2/24/2026,,b0a3331804dbada1,12/8/2029,,,Limeira,,
LIC-LIC-01,CLARO S.A.,50409105090,10,97692014,687314798,RUA JULIO FERRACINI,MORADA DO SOL,SP,3556701,10M0G7W,LTE,,,798,743,210,FB,,,760,"27331703519",14.1,25,66.56,-2,X,70,33782402519,79.43,-23.01555,-46.9583,G,2/23/2026,8/18/2005,,b0a333180f9a8cf9,12/8/2029,,,Vinhedo,,x
LIC-LIC-01,CLARO S.A.,50409105090,10,34672011,1017416793,RUA LAURENTINO GUARNIERI,BIFURCAÇÃO COM R ISMAEL SANTIMARIA,SP,3530805,10M0G7W,LTE,,,2140,1950,190,FB,,,760,,17.4,22,59,0,X,40,13792502519,60,-22.42932,-46.97674,G,2/23/2026,2/23/2026,,b0a333180f40fa9e,6/1/2026,,,Mogi Mirim,,
LIC-LIC-01,CLARO S.A.,50409105090,10,97692014,1017416777,RUA FÁTIMA VON AH VIEIRA,QUADRA 08 LOTE 01,SP,3520509,10M0G7W,LTE,,,798,743,250,FB,,,760,,13.5,24,73,-2,X,40,33782402519,79.43,-23.0672,-47.24628,G,2/23/2026,2/23/2026,,b0a333180f40fa95,12/8/2029,,,Indaiatuba,,x
LIC-LIC-01,CLARO S.A.,50409105090,10,97692014,671009613,AV DOUTOR LUIS FELIPPE FRANÇA RAMOS,,SP,3528502,10M0G7W,LTE,,,798,743,350,FB,,,760,,13.4,21,68,-4,X,70,33782402519,79.43,-23.3978,-46.6385,G,2/20/2026,8/15/2002,,b0a333180a0aaaf4,12/8/2029,,,Mairiporã,,
LIC-LIC-01,CLARO S.A.,50409105090,10,97692014,641252170,R ALFREDO VAZ CERQUINHO,(SÍTIO TAPURI),SP,3524006,10M0G7W,LTE,,,798,743,50,FB,,,760,,13.4,21,68,-4,X,50,33782402519,79.43,-23.16491,-47.07468,G,2/20/2026,11/4/2021,,b0a333180a0aaac4,12/8/2029,,,Itupeva,,x
LIC-LIC-01,CLARO S.A.,50409105090,10,25152016,637129180,RODOVIA ANHANGUERA - RUA DE TERRA - ACESSO PELA RODOVIA ANHANGUERA - PRÓXIMO A REDE FRANGO ASSADO,,SP,3509205,15M0G7W,LTE,,,1842.5,1747.5,140,FB,,,760,,17.1,25,61,-2,X,70.5,6091702519,79.43,-23.29353,-46.84571,G,2/20/2026,12/4/2001,,b0a333180a0aaa9a,7/27/2031,,,Cajamar,,
LIC-LIC-01,CLARO S.A.,50409105090,10,97692014,1017403705,AV TERUYOSHI SAKAIDA  LOTE 16 QUADRA 15 - PROXIMO AO N° 270,,SP,3530706,10M0G7W,LTE,,,798,743,250,FB,,,760,,13.5,24,73,0,X,40,33782402519,79.43,-22.31697,-46.91675,G,2/13/2026,2/13/2026,,b0a33318daf6dd69,12/8/2029,,,Mogi Guaçu,,
LIC-LIC-01,CLARO S.A.,50409105090,10,34672011,1017403691,R BENEDITO CIRINO FILHO  QD 09 - LT 272,,SP,3530706,10M0G7W,LTE,,,2140,1950,250,FB,,,760,,17.4,22,59,0,X,40,13792502519,60,-22.32535,-46.94456,G,2/13/2026,2/13/2026,,b0a33318daf6dd66,6/1/2026,,,Mogi Guaçu,,
LIC-LIC-01,CLARO S.A.,50409105090,10,34672011,1017403683,R IBRAIM TEODORO ALMEIDA  LOTE 11 QUADRA C - PROXIMO AO N° 121,,SP,3530706,10M0G7W,LTE,,,2140,1950,260,FB,,,760,,17.4,22,59,0,X,40,13792502519,60,-22.38725,-46.92467,G,2/13/2026,2/13/2026,,b0a33318daf6dd5a,6/1/2026,,,Mogi Guaçu,,
LIC-LIC-01,CLARO S.A.,50409105090,10,97692014,1017403675,R ARNALDO REHDER  LOTE04 QUADRA A - PROXIMO AO N° 231,,SP,3530706,10M0G7W,LTE,,,798,743,310,FB,,,760,,13.5,24,73,-2,X,40,33782402519,79.43,-22.36773,-46.92946,G,2/13/2026,2/13/2026,,b0a33318daf6dd51,12/8/2029,,,Mogi Guaçu,,
LIC-LIC-01,CLARO S.A.,50409105090,10,25152016,1017403667,R GUAIRA,SLS -GUAIRA,SP,3524006,15M0G7W,LTE,,,1842.5,1747.5,225,FB,,,760,,12.3,25,68,0,X,11,12111805894,40,-23.12702,-47.06037,G,3/19/2026,2/13/2026,,b0a33318dae1b542,7/27/2031,,,Itupeva,,x
LIC-LIC-01,CLARO S.A.,50409105090,10,25152016,1017403659,AV DOS TUPINAMBÁS,AREA ZEN  CRUZAMENTO ENTRE AS RUAS GUAIRA X IRACEMA X TUPINAMBAS,SP,3524006,15M0G7W,LTE,,,1842.5,1747.5,180,FB,,,760,,12.3,25,68,0,X,11,12111805894,40,-23.13743,-47.0599,G,3/19/2026,2/13/2026,,b0a33318dae1b53c,7/27/2031,,,Itupeva,,x
LIC-LIC-01,CLARO S.A.,50409105090,10,25152016,1017403640,R MIRACEMA,EM FRENTE AO Nº 75,SP,3524006,15M0G7W,LTE,,,1842.5,1747.5,350,FB,,,760,,12.3,25,68,0,X,11,12111805894,40,-23.13471,-47.06034,G,3/19/2026,2/13/2026,,b0a33318dae1b536,7/27/2031,,,Itupeva,,x
LIC-LIC-01,CLARO S.A.,50409105090,10,97692014,686893999,AV COMENDADOR GUMERCINDO BARRAQUIEROS,CONDOMÍNIO JARDIM ATENAS - RUA INTERNA,SP,3525904,10M0G7W,LTE,,,798,743,80,FB,,,760,,13.3,25,60,-1,X,39,33782402519,79.43,-23.20256,-46.9084,G,2/13/2026,7/29/2005,,b0a33318dad7e975,12/8/2029,,,Jundiaí,,x
LIC-LIC-01,CLARO S.A.,50409105090,10,34672011,442735090,R DOMINGOS RUZZA,,SP,3542107,10M0G7W,LTE,,,2140,1950,345,FB,,,760,,16.9,22,62,-1,X,40,40952002519,20,-23.01836,-47.53003,G,2/13/2026,8/16/2000,,b0a33318dac4caf4,6/1/2026,,,Rafard,,x
LIC-LIC-01,CLARO S.A.,50409105090,10,97692014,1017403624,AV SAMUEL MARTINS,,SP,3525904,10M0G7W,LTE,,,798,743,60,FB,,,760,,13.5,24,73,0,X,41.5,33782402519,79.43,-23.20622,-46.86961,G,2/13/2026,2/13/2026,,b0a33318c24b361b,12/8/2029,,,Jundiaí,,x
LIC-LIC-01,TELEFONICA BRASIL S.A.,50409146447,10,48422023,1017402989,RODOVIA DOM PEDRO I SP-065  80,KM-81 NORTE  FAZENDA SITIO BARBOSA,SP,3504107,5M00G7W,LTE,,,1867.5,1772.5,325,FB,,,760,"0",0,0,0,2,X,62.5,35912402519,40,-23.087619,-46.630161,G,2/13/2026,2/13/2026,,b0a33318c0f051d5,12/22/2032,,,Atibaia,,
LIC-LIC-01,TELEFONICA BRASIL S.A.,50409146447,10,48422023,1008682087,ESTRADA SERRA DO JAPI,RBR-NÃO,SP,3525904,5M00G7W,LTE,,,1867.5,1772.5,310,FB,,,760,"56001603518",16.7,30,64,2,X,49,40952002519,40,-23.22306,-46.90972,G,2/13/2026,7/1/2019,,b0a33318c0f0518d,12/22/2032,,,Jundiaí,,x
LIC-LIC-01,TELEFONICA BRASIL S.A.,50409146447,10,48422023,1005075341,RUA CICA  558,"-",SP,3525904,5M00G7W,LTE,,,1867.5,1772.5,340,FB,,,760,"56001603518",16.9,25,67,2,X,41,40952002519,40,-23.205873,-46.880555,G,2/13/2026,10/23/2017,,b0a33318c0f0517b,12/22/2032,,,Jundiaí,,x
LIC-LIC-01,TELEFONICA BRASIL S.A.,50409146447,10,48422023,1010544001,AVENIDA SALVADOR MARKOVICZ,RBR-NÃO,SP,3507605,5M00G7W,LTE,,,1867.5,1772.5,340,FB,,,760,"44181403519",15.1,29,62,0,X,34,40952002519,40,-22.978094,-46.532244,G,2/5/2026,6/19/2020,,a6e7631854fd1b73,12/22/2032,,,Bragança Paulista,,
LIC-LIC-01,TELEFONICA BRASIL S.A.,50409146447,10,97432014,1002051433,Avenida Nossa Senhora da Abadia,,SP,3527306,10M0G7W,LTE,,,788,733,270,FB,,,760,"0",13.8,22,70,3,X,49,104000000000,40,-23.089389,-46.923278,G,2/5/2026,11/9/2015,,a6e7631854fd1b01,12/8/2029,,,Louveira,,x
LIC-LIC-01,TELEFONICA BRASIL S.A.,50409146447,10,48422023,1003171556,AVENIDA LUIZ GONZAGA LEME,RBR-NÃO,SP,3507605,5M00G7W,LTE,,,1867.5,1772.5,280,FB,,,760,"56001603518",16.9,25,67,2,X,29,40952002519,40,-22.912861,-46.526861,G,2/5/2026,1/6/2017,,a6e7631854fd1ac5,12/22/2032,,,Bragança Paulista,,
LIC-LIC-01,CLARO S.A.,50409105090,10,97692014,1007536206,R CINTRA,,SP,3525201,10M0G7W,LTE,,,798,743,285,FB,,,760,,13.4,21,68,-3,X,43,33782402519,79.43,-23.14412,-46.70813,G,2/11/2026,11/6/2018,,b0a33318db37596b,12/8/2029,,,Jarinu,,
LIC-LIC-01,CLARO S.A.,50409105090,10,97692014,1005779683,AV ZELIA DE LIMA ROSA,,SP,3507001,10M0G7W,LTE,,,798,743,340,FB,,,760,,13.4,21,68,0,X,39,33782402519,79.43,-23.29883,-47.65007,G,2/11/2026,2/27/2018,,b0a33318dacd7032,12/8/2029,,,Boituva,,x
LIC-LIC-01,CLARO S.A.,50409105090,10,97692014,1005922001,R BENEDITO OLIVERIO,,SP,3503802,10M0G7W,LTE,,,798,743,240,FB,,,760,,13.4,21,68,0,X,40,33782402519,79.43,-22.58579,-47.17139,G,2/11/2026,3/16/2018,,b0a33318dacd701d,12/8/2029,,,Artur Nogueira,,
LIC-LIC-01,CLARO S.A.,50409105090,10,97692014,690558104,CAMINHO SERVIDÃO,ACESSO PELA RUA ÚVA NIÁGARA,SP,3525904,10M0G7W,LTE,,,798,743,280,FB,,,760,,13.3,25,60,0,X,60,33782402519,79.43,-23.14402,-46.92074,G,2/10/2026,10/8/2008,,b0a33318b85ce85c,12/8/2029,,,Jundiaí,,x
LIC-LIC-01,TELEFONICA BRASIL S.A.,50409146447,10,48422023,1017389974,ESTRADA DO BARRETO  3415,,SP,3523909,5M00G7W,LTE,,,1867.5,1772.5,270,FB,,,760,"0",0,0,0,2,X,46.1,35912402519,40,-23.279536,-47.367544,G,2/5/2026,2/5/2026,,f8bbf4d850cea5d6,12/22/2032,,,Itu,,x
LIC-LIC-01,TELEFONICA BRASIL S.A.,50409146447,10,48412023,1012997550,RUA PINHEIRAL SANTA HELENA,SÍTIO DE RECREIOS DE PINHERAL DE SANTA HELENA  S/N,SP,3507605,10M0G7W,LTE,,,2160,1970,260,FB,,,760,"1.29E+11",15.8,32,56,2,X,38.5,83192102519,40,-22.983283,-46.524294,G,2/5/2026,4/5/2022,,f8bbf4d850cea52a,4/29/2038,,,Bragança Paulista,,
LIC-LIC-01,TELEFONICA BRASIL S.A.,50409146447,10,48422023,1017389940,RUA RAMON REINA BONILHA  S/N,ESTRADA MUNICIPAL BENTO DE TOLETO  S/N AKRO-PLASTI,SP,3524006,5M00G7W,LTE,,,1867.5,1772.5,340,FB,,,760,"0",0,0,0,2,X,43,35912402519,40,-23.13925,-47.045167,G,2/5/2026,2/5/2026,,f8bbf4d850cea47c,12/22/2032,,,Itupeva,,x
LIC-LIC-01,TELEFONICA BRASIL S.A.,50409146447,10,48412023,1017389931,RUA PARAGUAI  184,X RUA CUBA,SP,3509502,10M0G7W,LTE,,,2160,1970,330,FB,,,760,"38661703257",17.6,25,64,2,X,27,209000000000,40,-22.9329,-47.065581,G,2/5/2026,2/5/2026,,f8bbf4d850cea44f,4/29/2038,,,Campinas,,x
LIC-LIC-01,TELEFONICA BRASIL S.A.,50409146447,10,48422023,1017389893,RUA DOS LIMOEIROS  75,,SP,3525904,5M00G7W,LTE,,,1867.5,1772.5,240,FB,,,760,"0",0,0,0,2,X,27.2,35912402519,40,-23.179861,-46.79875,G,2/5/2026,2/5/2026,,f8bbf4d850cea399,12/22/2032,,,Jundiaí,,x
LIC-LIC-01,TELEFONICA BRASIL S.A.,50409146447,10,48412023,379962870,RUA FRANCISCO SAVONE,,SP,3525201,10M0G7W,LTE,,,2160,1970,270,FB,,,760,"56001603518",17.2,30,60,2,X,53,83192102519,40,-23.10745,-46.729692,G,2/5/2026,12/10/1999,,f8bbf4d850cea2e0,4/29/2038,,,Jarinu,,
LIC-LIC-01,TELEFONICA BRASIL S.A.,50409146447,10,48412023,1017389796,RUA VISCONDE DE TAUNAY  122,,SP,3552403,10M0G7W,LTE,,,2160,1970,330,FB,,,760,"38661703257",17.6,25,64,2,X,37,83071803257,40,-22.8342,-47.278178,G,2/5/2026,2/5/2026,,f8bbf4d850cea05a,4/29/2038,,,Sumaré,,x
LIC-LIC-01,TELEFONICA BRASIL S.A.,50409146447,10,48412023,1017389788,RUA MANSOUR ASSIS  194,,SP,3509502,10M0G7W,LTE,,,2160,1970,300,FB,,,760,"38661703257",17.6,25,64,2,X,58,83071803257,40,-22.956278,-47.18335,G,2/5/2026,2/5/2026,,f8bbf4d850cea048,4/29/2038,,,Campinas,,x
LIC-LIC-01,TELEFONICA BRASIL S.A.,50409146447,10,48412023,1017389745,RUA RIO TAPAJOS - LOTE 35 A - QD. B,S/N,SP,3519071,10M0G7W,LTE,,,2160,1970,300,FB,,,760,"38661703257",17.6,25,64,2,X,47,83071803257,40,-22.890003,-47.205114,G,2/5/2026,2/5/2026,,f8bbf4d850ce9f89,4/29/2038,,,Hortolândia,,x
LIC-LIC-01,TELEFONICA BRASIL S.A.,50409146447,10,48412023,1017389737,RUA MADRE MARIANA DE JESUS SOUSA LEITE  278,,SP,3509502,10M0G7W,LTE,,,2160,1970,260,FB,,,760,"43061703257",16.9,27,63,2,X,29,83071803257,40,-22.921389,-47.068333,G,2/5/2026,2/5/2026,,f8bbf4d850ce9f77,4/29/2038,,,Campinas,,x
LIC-LIC-01,CLARO S.A.,50409105090,10,34672011,686175689,RODOVIA WASHINGTON LUIS,,SP,3546702,10M0G7W,LTE,,,2140,1950,200,FB,,,760,"12720905344",16.18,20,65,-2,X,45.5,27191702519,60,-22.46177,-47.5387,G,2/20/2026,2/25/2005,,b0a333180f3c236b,6/1/2026,,,Santa Gertrudes,,
LIC-LIC-01,CLARO S.A.,50409105090,10,97692014,1014430701,RUA SETE DE SETEMBRO,,SP,3511607,10M0G7W,LTE,,,798,743,210,FB,,,760,,13.4,21,68,0,X,61,33782402519,79.43,-23.22057,-47.9585,G,1/30/2026,10/26/2022,,b0a333189e1db15f,12/8/2029,,,Cesário Lange,,
LIC-LIC-01,CLARO S.A.,50409105090,10,97692014,1008033038,AV CAIAPOS,QD. E  LOTEAMENTO PARQUE ÍNDIO DE OURO,SP,3527009,10M0G7W,LTE,,,798,743,80,FB,,,760,,13.4,21,68,-1,X,49.5,33782402519,79.43,-22.52373,-46.63675,G,2/4/2026,1/28/2019,,b0a33318b875c498,12/8/2029,,,Lindóia,,x
LIC-LIC-01,CLARO S.A.,50409105090,10,34672011,1017371714,RUA ARNALDO ESTRELA - ENTRE OS Nº 33 E 51,,SP,3538709,10M0G7W,LTE,,,2140,1950,250,FB,,,760,,17.4,22,59,0,X,40,13792502519,60,-22.72277,-47.61628,G,1/27/2026,1/27/2026,,a6e763185a741d54,6/1/2026,,,Piracicaba,,x
LIC-LIC-01,CLARO S.A.,50409105090,10,97692014,1017371668,RUA 1 DE MAIO -  ENTRE Nº 369 E 391,,SP,3501608,10M0G7W,LTE,,,798,743,240,FB,,,760,,13.5,24,73,-2,X,40,33782402519,79.43,-22.72856,-47.32151,G,1/27/2026,1/27/2026,,a6e763185a741ca9,12/8/2029,,,Americana,,x
LIC-LIC-01,CLARO S.A.,50409105090,10,97692014,1017371641,AVENIDA TAUBATÉ,LOTE 2 QUADRA 4,SP,3538709,10M0G7W,LTE,,,798,743,250,FB,,,760,,13.5,24,73,-2,X,40,33782402519,79.43,-22.76551,-47.59104,G,1/27/2026,1/27/2026,,a6e763185a741c91,12/8/2029,,,Piracicaba,,x
LIC-LIC-01,CLARO S.A.,50409105090,10,97692014,687381096,R PREFEITO JOSE CARLOS,,SP,3524006,10M0G7W,LTE,,,798,743,355,FB,,,760,,13.4,21,68,-5,X,50,33782402519,79.43,-23.1652,-47.0392,G,4/14/2026,11/4/2021,,1aec631869ead3f9,12/8/2029,,,Itupeva,,x
LIC-LIC-01,CLARO S.A.,50409105090,10,97692014,577970526,ROD DOS BANDEIRANTES  KM 64 424,,SP,3525904,10M0G7W,LTE,,,798,743,320,FB,,,760,"27331703519",14.1,25,66.56,-3,X,55,33782402519,79.43,-23.14657,-46.96511,G,1/23/2026,2/7/2001,,1aec631869e18d48,12/8/2029,,,Jundiaí,,x
LIC-LIC-01,CLARO S.A.,50409105090,10,97692014,1350072,R DONA MARIA LEOPOLDINA - ESQUINA COM RUA JOANA ANGÉLICA  91,,SP,3525904,10M0G7W,LTE,,,798,743,90,FB,,,760,"27331703519",14.1,25,66.56,0,X,40,33782402519,79.43,-23.1771,-46.9307,G,1/23/2026,11/14/2003,,1aec631869e18d27,12/8/2029,,,Jundiaí,,x
LIC-LIC-01,CLARO S.A.,50409105090,10,25152016,1017373881,AV DOS TUPINAMBAS,PRAÇA PATAXÓ,SP,3524006,15M0G7W,LTE,,,1842.5,1747.5,180,FB,,,760,,12.3,25,68,0,X,11,12111805894,40,-23.1315,-47.06156,G,1/28/2026,1/28/2026,,f8bbf4d84bbadfb7,7/27/2031,,,Itupeva,,x
LIC-LIC-01,CLARO S.A.,50409105090,10,25152016,1017373873,PC XINGU,,SP,3524006,15M0G7W,LTE,,,1842.5,1747.5,355,FB,,,760,,12.3,25,68,0,X,11,12111805894,40,-23.142,-47.05978,G,1/28/2026,1/28/2026,,f8bbf4d84bbadfb1,7/27/2031,,,Itupeva,,x
LIC-LIC-01,CLARO S.A.,50409105090,10,97692014,1017369868,AV DOS JACARANDAS,LOTE 06 QUADRA D,SP,3504107,10M0G7W,LTE,,,798,743,55,FB,,,760,,13.5,24,73,0,X,40,33782402519,79.43,-23.11228,-46.52142,G,1/26/2026,1/26/2026,,c475f4d8367c52f4,12/8/2029,,,Atibaia,,
LIC-LIC-01,CLARO S.A.,50409105090,10,34672011,1017346949,R REGINA GALDIN TONON,,SP,3556206,10M0D7W,LTE,,,2140,1950,220,FB,,,760,"27331703519",16.16,26,66.76,0,X,49,10891905894,80,-22.94042,-47.00275,G,1/16/2026,1/16/2026,,a6e763185a03adf9,6/1/2026,,,Valinhos,,
LIC-LIC-01,CLARO S.A.,50409105090,10,97692014,1017335360,EST DO FOGUETEIRO,,SP,3520509,10M0G7W,LTE,,,798,743,350,FB,,,760,,13.5,24,73,-2,X,40,33782402519,79.43,-23.04235,-47.17713,G,1/13/2026,1/13/2026,,c475f4d8365a8a13,12/8/2029,,,Indaiatuba,,x
LIC-LIC-01,CLARO S.A.,50409105090,10,34672011,687387671,RUA PINDARÉ,LOTE 02 QD 01A,SP,3556503,10M0G7W,LTE,,,2140,1950,240,FB,,,760,,17.2,25,65,0,X,52.7,13792502519,60,-23.2311,-46.8501,G,1/21/2026,11/8/2005,,be03f4d8229855e9,6/1/2026,,,Várzea Paulista,,x
LIC-LIC-01,CLARO S.A.,50409105090,10,97692014,684873184,RUA  DOUTOR GRACIANO GERIBELLO,ESQ C/ AV. PRESIDENTE TANCREDO NEVES,SP,3523909,10M0G7W,LTE,,,798,743,290,FB,,,760,,13.4,21,68,-2,X,40,33782402519,79.43,-23.2646,-47.3034,G,1/21/2026,12/3/2004,,be03f4d8229855c2,12/8/2029,,,Itu,,x
LIC-LIC-01,CLARO S.A.,50409105090,10,34672011,3428001,RUA VITÓRIO ROSSI,,SP,3556503,10M0G7W,LTE,,,2140,1950,270,FB,,,760,"12720905344",16.18,20,65,-2,X,57,39201301882,60,-23.21552,-46.82666,G,1/21/2026,4/23/2003,,f78bf4d803e6b8dc,6/1/2026,,,Várzea Paulista,,x
LIC-LIC-01,CLARO S.A.,50409105090,10,34672011,697425401,RUA ALEXANDRE TOMAZINE,GLEBA C-2 - AREA C,SP,3523404,10M0G7W,LTE,,,2140,1950,260,FB,,,760,,17.2,25,65,-1,X,50,13792502519,60,-23.00998,-46.81751,G,1/21/2026,6/26/2012,,f78bf4d803e6b88e,6/1/2026,,,Itatiba,,x
LIC-LIC-01,CLARO S.A.,50409105090,10,97692014,431056668,RUA PROFESSOR MARIO DE ALMEIDA MELLO,LOTE 09 - QUADRA 'I',SP,3507605,10M0G7W,LTE,,,798,743,310,FB,,,760,,13.4,21,68,-2,X,40.5,33782402519,79.43,-22.97043,-46.53136,G,1/21/2026,10/15/1999,,f78bf4d803e6b87c,12/8/2029,,,Bragança Paulista,,
LIC-LIC-01,CLARO S.A.,50409105090,10,46622011,1017118989,AV JOHN BOYD DUNLOP,,SP,3509502,2M50G7W,LTE,,,892.75,847.75,260,FB,,,760,"11471500324",12.85,28,65,0,X,17,39721705894,80,-22.90926,-47.09057,G,12/30/2025,10/29/2025,,f78bf4d8fe5b4f87,3/31/2028,,,Campinas,,x
LIC-LIC-01,TELEFONICA BRASIL S.A.,50409146447,10,48422023,1005222751,RUA CRUZEIRO DO SUL,QUADRA F  LOTE 19,SP,3547304,5M00G7W,LTE,,,1867.5,1772.5,180,FB,,,760,"1.29E+11",14.3,31,63,1,X,27,40952002519,40,-23.410778,-46.898222,G,1/20/2026,11/2/2017,,f78bf4d8c09cd949,12/22/2032,,,Santana de Parnaíba,,
LIC-LIC-01,TELEFONICA BRASIL S.A.,50409146447,10,97432014,1003510687,RUA CABREÚVA,,SP,3556503,10M0G7W,LTE,,,788,733,300,FB,,,760,"0",0,0,0,2,X,60,39452402519,40,-23.247875,-46.82622,G,1/20/2026,11/17/2016,,f78bf4d8c09cd940,12/8/2029,,,Várzea Paulista,,x
LIC-LIC-01,TELEFONICA BRASIL S.A.,50409146447,10,48422023,535811799,RODOVIA ENGENHEIRO CONSTÂNCIO CINTRA,RBR-NÃO,SP,3551603,5M00G7W,LTE,,,1867.5,1772.5,290,FB,,,760,"5152003257",17.2,26,69,1,X,60,83071803257,40,-22.594444,-46.679444,G,1/20/2026,12/22/2000,,f78bf4d8c09cd926,12/22/2032,,,Serra Negra,,x
LIC-LIC-01,TELEFONICA BRASIL S.A.,50409146447,10,48422023,1015922659,RODOVIA TANCREDO AUGUSTO NEVES,SP-348 KM 29 - NORTE,SP,3509007,5M00G7W,LTE,,,1867.5,1772.5,315,FB,,,760,"1.29E+11",14.3,31,63,2,X,68,40952002519,40,-23.383468,-46.765626,G,1/20/2026,7/4/2024,,f78bf4d8c09cd897,12/22/2032,,,Caieiras,,
LIC-LIC-01,TELEFONICA BRASIL S.A.,50409146447,10,97432014,1000270170,Rua Faixa de Servidão,Prolongamento da Avenida Monsenhor Seckler (Chácara do Perneta),SP,3540606,10M0G7W,LTE,,,788,733,310,FB,,,760,"43061703257",13.8,22,66,0,X,18,104000000000,40,-23.212944,-47.4948,G,1/20/2026,7/29/2014,,f78bf4d8c09cd879,12/8/2029,,,Porto Feliz,,x
LIC-LIC-01,TELEFONICA BRASIL S.A.,50409146447,10,48422023,441995047,AVENIDA VICTÓRIO BARADEL,RBR-SIM,SP,3525904,10M0G7W,LTE,,,1865,1770,210,FB,,,760,"72792302519",17.45,0,65,2,X,30,33892302519,40,-23.246167,-46.855847,G,1/20/2026,12/15/1999,,f78bf4d8a60eb9cd,12/22/2032,,,Jundiaí,,x
LIC-LIC-01,TELEFONICA BRASIL S.A.,50409146447,10,48422023,691147523,RUA DANILO VALBUZA,RBR-NÃO,SP,3509007,10M0G7W,LTE,,,1865,1770,280,FB,,,760,"56001603518",16.7,30,64,2,X,56,83192102519,40,-23.392733,-46.720331,G,1/20/2026,2/5/2009,,f78bf4d8a60eb9c7,12/22/2032,,,Caieiras,,
LIC-LIC-01,TELEFONICA BRASIL S.A.,50409146447,10,48412023,693062142,RUA YUNES DEMÉTRIO SABBAG,,SP,3504107,10M0G7W,LTE,,,2160,1970,20,FB,,,760,"72792302519",17.45,0,65,2,X,42,40952002519,40,-23.130083,-46.568058,G,1/20/2026,12/30/2010,,f78bf4d8a60eb9c4,4/29/2038,,,Atibaia,,
LIC-LIC-01,TELEFONICA BRASIL S.A.,50409146447,10,48412023,396842763,RODOVIA DOM PEDRO I,KM 83 SP 65,SP,3504107,10M0G7W,LTE,,,2160,1970,330,FB,,,760,"56001603518",17.2,30,60,2,X,55,83192102519,40,-23.070169,-46.642572,G,1/20/2026,4/29/1999,,ea04f4d87df1b151,4/29/2038,,,Atibaia,,
LIC-LIC-01,TELEFONICA BRASIL S.A.,50409146447,10,48422023,379981025,Estrada Zezico Peçanha,Fazenda Peçanha,SP,3504107,5M00G7W,LTE,,,1867.5,1772.5,330,FB,,,760,"56001603518",16.7,30,64,4,X,37,40952002519,40,-23.135253,-46.533767,G,1/20/2026,12/10/1999,,ea04f4d87df1b13c,12/22/2032,,,Atibaia,,
LIC-LIC-01,TELEFONICA BRASIL S.A.,50409146447,10,48422023,1001991017,ESTRADA MUNICIPAL SLT 170,RBR-NÃO,SP,3545209,5M00G7W,LTE,,,1867.5,1772.5,335,FB,,,760,"1.29E+11",14.3,31,63,2,X,56,40952002519,40,-23.149281,-47.323689,G,1/20/2026,11/9/2015,,ea04f4d87df1b133,12/22/2032,,,Salto,,x
LIC-LIC-01,TELEFONICA BRASIL S.A.,50409146447,10,48422023,441994598,RUA PRIMAVERA,RBR-NÃO,SP,3504107,5M00G7W,LTE,,,1867.5,1772.5,260,FB,,,760,"56001603518",16.7,30,64,2,X,54,40952002519,40,-23.034281,-46.540753,G,1/20/2026,12/15/1999,,ea04f4d87df1b128,12/22/2032,,,Atibaia,,
LIC-LIC-01,CLARO S.A.,50409105090,10,97692014,1017320753,RUA MARIO BETTI,,SP,3527306,10M0G7W,LTE,,,798,743,210,FB,,,760,,13.5,24,73,-2,X,40,33782402519,79.43,-23.08401,-46.98321,G,1/2/2026,1/2/2026,,f78bf4d803c6d27c,12/8/2029,,,Louveira,,x
LIC-LIC-01,CLARO S.A.,50409105090,10,97692014,1009872092,R ANNA IENNE FACCIONI,LOTE19 QUADRA A,SP,3525904,10M0G7W,LTE,,,798,743,240,FB,,,760,,13.4,21,68,-2,X,60,33782402519,79.43,-23.20666,-46.90294,G,1/5/2026,1/6/2020,,f78bf4d8c4ad1e06,12/8/2029,,,Jundiaí,,x
LIC-LIC-01,CLARO S.A.,50409105090,10,97692014,1005185813,AV GUTEMBERG JOSE COBUCCI,,SP,3524006,10M0G7W,LTE,,,798,743,90,FB,,,760,,13.4,21,68,0,X,29,57731705894,80,-23.15197,-47.03796,G,12/30/2025,10/4/2017,,f78bf4d8b4fa2fba,12/8/2029,,,Itupeva,,x
LIC-LIC-01,CLARO S.A.,50409105090,10,97692014,684813572,R JOSÉ EDUARDO TEIXEIRA GUIMARÃES,ACESSO RUA PROF. ANTONIO DIRCEU MARINO S/N,SP,3523909,10M0G7W,LTE,,,798,743,75,FB,,,760,,13.4,21,68,-6,X,48,57731705894,80,-23.2672,-47.276,G,12/30/2025,12/15/2004,,f78bf4d8b4fa2f8d,12/8/2029,,,Itu,,x
LIC-LIC-01,CLARO S.A.,50409105090,10,97692014,688454496,R RIO TOCANTINS,,SP,3509601,10M0G7W,LTE,,,798,743,310,FB,,,760,,13.4,21,68,-3,X,40.5,57731705894,80,-23.2213,-46.76243,G,12/30/2025,6/14/2006,,f78bf4d8b4fa2f3c,12/8/2029,,,Campo Limpo Paulista,,x
LIC-LIC-01,CLARO S.A.,50409105090,10,97692014,1017322055,R ANTÔNIO LÚCIO DOS SANTOS,,SP,3549102,10M0G7W,LTE,,,798,743,30,FB,,,760,,13.5,24,73,0,X,40,33782402519,79.43,-21.98511,-46.80757,G,1/5/2026,1/5/2026,,f78bf4d8c494cff1,12/8/2029,,,São João da Boa Vista,,
LIC-LIC-01,CLARO S.A.,50409105090,10,97692014,1017321954,R ADEMAR PEREIRA DE BARROS,,SP,3538709,10M0G7W,LTE,,,798,743,190,FB,,,760,,13.5,24,73,-2,X,35,33782402519,79.43,-22.72734,-47.58948,G,1/5/2026,1/5/2026,,f78bf4d8b50876c9,12/8/2029,,,Piracicaba,,x
LIC-LIC-01,CLARO S.A.,50409105090,10,97692014,1017321946,R UIRAPURU,,SP,3509502,10M0G7W,LTE,,,798,743,230,FB,,,760,,13.5,24,73,-2,X,40,33782402519,79.43,-22.90892,-47.11459,G,1/5/2026,1/5/2026,,f78bf4d8b50876c0,12/8/2029,,,Campinas,,x
LIC-LIC-01,CLARO S.A.,50409105090,10,97692014,1017303573,R JULIO PATELLI,,SP,3524006,10M0G7W,LTE,,,798,743,70,FB,,,760,,13.5,24,73,0,X,40,33782402519,79.43,-23.14919,-47.04864,G,1/28/2026,12/19/2025,,f78bf4d8c4a5dccc,12/8/2029,,,Itupeva,,x
LIC-LIC-01,CLARO S.A.,50409105090,10,97692014,1004803173,RUA BRAGANCA PAULISTA,,SP,3501905,10M0G7W,LTE,,,798,743,220,FB,,,760,,13.4,21,68,0,X,35.2,33782402519,79.43,-22.72469,-46.77678,G,12/17/2025,9/18/2017,,ea04f4d87e09c419,12/8/2029,,,Amparo,,x
LIC-LIC-01,TELEFONICA BRASIL S.A.,50409146447,10,97432014,1007175823,RUA JOSÉ VULCANO  263 - CIDADE PLANEJADA II,,SP,3507605,10M0G7W,LTE,,,788,733,330,FB,,,760,"56001603518",13.5,25,63,1,X,19,57731705894,40,-22.91,-46.55528,G,12/15/2025,8/28/2018,,ea04f4d86d5f33eb,12/8/2029,,,Bragança Paulista,,
LIC-LIC-01,TELEFONICA BRASIL S.A.,50409146447,10,97432014,627587755,ESTRADA DOS ROMEIROS,KM 50 CAIXA D'ÁGUA DESATIVADA,SP,3539103,10M0G7W,LTE,,,788,733,350,FB,,,760,"24731703257",15.5,25,63.3,0,X,60,48811903257,40,-23.417778,-46.982778,G,12/15/2025,8/31/2001,,ea04f4d86d5f3390,12/8/2029,,,Pirapora do Bom Jesus,,
LIC-LIC-01,CLARO S.A.,50409105090,10,97692014,1017290021,R JOAO ANTUNES MACIEL,,SP,3509502,10M0G7W,LTE,,,798,743,200,FB,,,760,,13.5,24,73,-2,X,40,33782402519,79.43,-22.893,-47.12038,G,12/11/2025,12/11/2025,,ea04f4d85457a273,12/8/2029,,,Campinas,,x
LIC-LIC-01,CLARO S.A.,50409105090,10,105752021,1014434413,EST DO ZANON,,SP,3552205,40M0G7W,LTE,,,2325,0,45,FB,,,760,,17.3,22,53,0,X,50,33892302519,97,-23.4402,-47.42165,G,12/17/2025,10/28/2022,,ea04f4d873b20774,12/8/2041,,,Sorocaba,,
LIC-LIC-01,CLARO S.A.,50409105090,10,97692014,1014434049,AVENIDA URSULA WIEGAND,,SP,3521002,10M0G7W,LTE,,,798,743,280,FB,,,760,,13.4,21,68,-1,X,50,33782402519,79.43,-23.3589,-47.69715,G,12/5/2025,10/28/2022,,ea04f4d87e10d4cf,12/8/2029,,,Iperó,,
LIC-LIC-01,CLARO S.A.,50409105090,10,97692014,1017260408,R RINALDO BORIN,,SP,3530805,10M0G7W,LTE,,,798,743,270,FB,,,760,,13.5,24,73,0,X,40,33782402519,79.43,-22.44553,-46.93806,G,12/4/2025,12/4/2025,,ea04f4d8787a98c3,12/8/2029,,,Mogi Mirim,,
LIC-LIC-01,TELEFONICA BRASIL S.A.,50409146447,10,97432014,691931780,RUA JOÃO ANTÔNIO SOARES,,SP,3552403,10M0G7W,LTE,,,788,733,140,FB,,,760,"0",13.8,22,70,1,X,20,104000000000,40,-22.848083,-47.191139,G,12/11/2025,11/26/2009,,ea04f4d8588d4488,12/8/2029,,,Sumaré,,x
LIC-LIC-01,TELEFONICA BRASIL S.A.,50409146447,10,48422023,1012603510,RUA IRAPUÃ,AO LADO DO Nº 89,SP,3509205,5M00G7W,LTE,,,1867.5,1772.5,340,FB,,,760,"1.29E+11",14.3,31,63,2,X,40,40952002519,40,-23.4136,-46.835642,G,12/11/2025,11/19/2021,,ea04f4d8588d4412,12/22/2032,,,Cajamar,,
LIC-LIC-01,TELEFONICA BRASIL S.A.,50409146447,10,48422023,2151154,RUA VEREADOR ROBERTO CARLOS SD,,SP,3539103,5M00G7W,LTE,,,1867.5,1772.5,355,FB,,,760,"56001603518",16.7,30,64,2,X,54,40952002519,40,-23.396961,-47.0053,G,12/11/2025,12/10/1999,,ea04f4d8588d43fd,12/22/2032,,,Pirapora do Bom Jesus,,
LIC-LIC-01,TELEFONICA BRASIL S.A.,50409146447,10,48422023,1001102581,ESTRADA TEODORO FEDERZONI  777,,SP,3516309,5M00G7W,LTE,,,1867.5,1772.5,340,FB,,,760,"56001603518",16.9,25,67,2,X,35.5,40952002519,40,-23.28575,-46.73231,G,12/11/2025,6/12/2015,,ea04f4d8588d43f4,12/22/2032,,,Francisco Morato,,
LIC-LIC-01,TELEFONICA BRASIL S.A.,50409146447,10,48422023,1010178730,RUA VER DERCY LOURENÇO,RBR-NÃO,SP,3539103,5M00G7W,LTE,,,1867.5,1772.5,340,FB,,,760,"44181403519",15.1,29,62,2,X,48,40952002519,40,-23.412411,-46.972889,G,12/11/2025,4/7/2020,,ea04f4d8588d43d3,12/22/2032,,,Pirapora do Bom Jesus,,
LIC-LIC-01,TELEFONICA BRASIL S.A.,50409146447,10,48422023,699764467,RUA PIRAPORA DO BOM JESUS,RBR-NÃO,SP,3509205,5M00G7W,LTE,,,1867.5,1772.5,330,FB,,,760,"56001603518",16.7,30,64,2,X,49,40952002519,40,-23.3353,-46.9058,G,12/11/2025,3/31/2014,,ea04f4d8588d43c4,12/22/2032,,,Cajamar,,
LIC-LIC-01,TELEFONICA BRASIL S.A.,50409146447,10,48422023,379962853,AVENIDA CHRISANTO HENRIQUE DUARTE FILHO,,SP,3504107,5M00G7W,LTE,,,1867.5,1772.5,340,FB,,,760,"1.29E+11",14.3,31,63,2,X,39,40952002519,40,-23.108611,-46.526389,G,12/11/2025,12/10/1999,,ea04f4d8588d43b2,12/22/2032,,,Atibaia,,
LIC-LIC-01,TELEFONICA BRASIL S.A.,50409146447,10,48412023,688447570,RODOVIA ROMILDO PRADO,KM 10 SP 63 SÍTIO SÃO JOSÉ,SP,3523404,10M0G7W,LTE,,,2160,1970,260,FB,,,760,"1.29E+11",15.8,32,56,2,X,78,83192102519,40,-23.05295,-46.874208,G,12/11/2025,6/7/2006,,ea04f4d8588d4373,4/29/2038,,,Itatiba,,x
LIC-LIC-01,TELEFONICA BRASIL S.A.,50409146447,10,48422023,441994750,RODOVIA PRESIDENTE TANCREDO DE ALMEIDA NEVES,RBR-NÃO,SP,3516408,5M00G7W,LTE,,,1867.5,1772.5,360,FB,,,760,"56001603518",16.7,30,64,2,X,57,40952002519,40,-23.291692,-46.791875,G,12/11/2025,12/15/1999,,ea04f4d8588d4358,12/22/2032,,,Franco da Rocha,,
LIC-LIC-01,TELEFONICA BRASIL S.A.,50409146447,10,48422023,1010133575,RUA ANIBAL LPES DA FONSECA,,SP,3509601,5M00G7W,LTE,,,1867.5,1772.5,340,FB,,,760,"44181403519",15.1,29,62,2,X,48,40952002519,40,-23.210256,-46.782489,G,12/11/2025,3/18/2020,,ea04f4d8588d42e9,12/22/2032,,,Campo Limpo Paulista,,x
LIC-LIC-01,TELEFONICA BRASIL S.A.,50409146447,10,48422023,405602022,RUA VICENTE JOSÉ DOS SANTOS  721,,SP,3550308,5M00G7W,LTE,,,1867.5,1772.5,350,FB,,,760,"1.29E+11",14.3,31,63,2,X,40,40952002519,40,-23.44104,-46.789566,G,12/11/2025,12/10/1999,,ea04f4d8588d42dd,12/22/2032,,,São Paulo,,
LIC-LIC-01,CLARO S.A.,50409105090,10,97692014,1017253460,R ANTONIO PEREIRA MADRUGA,,SP,3530706,10M0G7W,LTE,,,798,743,260,FB,,,760,,13.5,24,73,-2,X,40,33782402519,79.43,-22.33337,-46.94526,G,12/1/2025,12/1/2025,,ea04f4d8545d767d,12/8/2029,,,Mogi Guaçu,,
LIC-LIC-01,CLARO S.A.,50409105090,10,97692014,1017253452,R SEBASTIÃO MARTINS MAFRA,,SP,3519071,10M0G7W,LTE,,,798,743,310,FB,,,760,,13.5,24,73,-2,X,40,33782402519,79.43,-22.88177,-47.17227,G,12/1/2025,12/1/2025,,ea04f4d8545d767a,12/8/2029,,,Hortolândia,,x
LIC-LIC-01,CLARO S.A.,50409105090,10,97692014,442734913,R SÃO ROQUE,ED ITAPOÃ,SP,3507001,10M0G7W,LTE,,,798,743,250,FB,,,760,,13.3,25,60,-4,X,55,33782402519,79.43,-23.28587,-47.67106,G,12/11/2025,4/10/2000,,ea04f4d8544cb4e3,12/8/2029,,,Boituva,,x
LIC-LIC-01,CLARO S.A.,50409105090,10,97692014,1017289953,RUA CONGO,,SP,3525904,10M0G7W,LTE,,,798,743,180,FB,,,760,,13.5,24,73,0,X,58.4,33782402519,79.43,-23.20791,-46.89254,G,12/11/2025,12/11/2025,,ea04f4d84fab5a82,12/8/2029,,,Jundiaí,,x
LIC-LIC-01,CLARO S.A.,50409105090,10,97692014,1004779426,AV REGINA BASSETO BORDIGNON,,SP,3536505,10M0G7W,LTE,,,798,743,225,FB,,,760,,13.4,21,68,0,X,40,33782402519,79.43,-22.71895,-47.17374,G,12/4/2025,9/18/2017,,ea04f4d815f52d3e,12/8/2029,,,Paulínia,,x
LIC-LIC-01,CLARO S.A.,50409105090,10,97692014,1004453369,ROD MARECHAL RONDON,KM132,SP,3540606,10M0G7W,LTE,,,798,743,265,FB,,,760,,13.4,21,68,-1,X,35.5,33782402519,79.43,-23.23344,-47.51994,G,12/4/2025,7/21/2017,,ea04f4d815f52d26,12/8/2029,,,Porto Feliz,,x
LIC-LIC-01,CLARO S.A.,50409105090,10,97692014,1003049408,EST DO BARREIRINHO,MADEREIRA FERNANDES,SP,3545803,10M0G7W,LTE,,,798,743,250,FB,,,760,,13.4,21,68,-1,X,41.5,33782402519,79.43,-22.76865,-47.40355,G,12/4/2025,8/1/2016,,ea04f4d815f52d0b,12/8/2029,,,Santa Bárbara d'Oeste,,x
LIC-LIC-01,TELEFONICA BRASIL S.A.,50409146447,10,48412023,700002413,AVENIDA DAS SAUDADES,,SP,3548104,10M0G7W,LTE,,,2160,1970,350,FB,,,760,"24731703257",15.3,25,62,2,X,60,83071803257,40,-22.121933,-46.686117,G,12/3/2025,7/29/2004,,ea04f4d8268df219,4/29/2038,,,Santo Antônio do Jardim,,x
LIC-LIC-01,TELEFONICA BRASIL S.A.,50409146447,10,48412023,691931747,RUA TRES PEDRAS,RBR-NÃO,SP,3512803,10M0G7W,LTE,,,2160,1970,330,FB,,,760,"0",17.9,24,64,2,X,62,83071803257,40,-22.70875,-47.202881,G,12/3/2025,11/26/2009,,ea04f4d8268df1d7,4/29/2038,,,Cosmópolis,,x
LIC-LIC-01,TELEFONICA BRASIL S.A.,50409146447,10,48412023,1014962606,AVENIDA ALEXANDRE CAZELLATO,,SP,3536505,10M0G7W,LTE,,,2160,1970,280,FB,,,760,"0",17.9,24,64,2,X,56,83071803257,40,-22.805833,-47.116944,G,12/3/2025,6/8/2023,,ea04f4d8268df17a,4/29/2038,,,Paulínia,,x
LIC-LIC-01,TELEFONICA BRASIL S.A.,50409146447,10,48412023,5113687,RODOVIA MARECHAL RONDON,RBR-NÃO,SP,3540606,10M0G7W,LTE,,,2160,1970,290,FB,,,760,"5152003257",17.3,25,68,2,X,50,83071803257,40,-23.233169,-47.520033,G,12/3/2025,12/10/1999,,ea04f4d8268df15c,4/29/2038,,,Porto Feliz,,x
LIC-LIC-01,TELEFONICA BRASIL S.A.,50409146447,10,48412023,687380707,LOTEAMENTO PAULINIA BUSSINES CENTER,RBR-NÃO,SP,3536505,10M0G7W,LTE,,,2160,1970,175,FB,,,760,"56001603518",16,25,67,6,X,36,83071803257,40,-22.764306,-47.114444,G,12/3/2025,8/24/2005,,ea04f4d8268df14a,4/29/2038,,,Paulínia,,x
LIC-LIC-01,TELEFONICA BRASIL S.A.,50409146447,10,48412023,1001329926,ESTRADA FIORAVANTE CARLOTTI,FAZENDA SÃO FRANCISCO GLEBA C,SP,3537107,10M0G7W,LTE,,,2160,1970,250,FB,,,760,"0",17.9,24,64,3,X,50,83071803257,40,-22.704332,-46.886097,G,12/3/2025,7/29/2016,,ea04f4d8268df120,4/29/2038,,,Pedreira,,x
LIC-LIC-01,TELEFONICA BRASIL S.A.,50409146447,10,48412023,687533856,RUA AMADEU AMARAL,PROXIMO AO CARTORIO,SP,3530904,10M0G7W,LTE,,,2160,1970,350,FB,,,760,"5152003257",17.3,25,68,2,X,55,83071803257,40,-22.928869,-47.565143,G,12/3/2025,10/25/2005,,ea04f4d8268df0a2,4/29/2038,,,Mombuca,,x
LIC-LIC-01,TELEFONICA BRASIL S.A.,50409146447,10,48412023,1014944616,AVENIDA URSULA WIEGAND,RBR-NÃO,SP,3521002,10M0G7W,LTE,,,2160,1970,280,FB,,,760,"56001603518",16,25,67,2,X,45,83071803257,40,-23.35885,-47.697053,G,12/3/2025,5/30/2023,,ea04f4d8268df06c,4/29/2038,,,Iperó,,
LIC-LIC-01,TELEFONICA BRASIL S.A.,50409146447,10,48412023,535811624,RUA ERNESTO MONFARDINI  535,,SP,3515186,10M0G7W,LTE,,,2160,1970,340,FB,,,760,"5152003257",17.3,25,68,2,X,47,83071803257,40,-22.187917,-46.754006,G,12/3/2025,11/10/2000,,ea04f4d8268defe8,4/29/2038,,,Espírito Santo do Pinhal,,x
LIC-LIC-01,TELEFONICA BRASIL S.A.,50409146447,10,48412023,641030789,RUA CORONEL DOMINGOS FERREIRA,,SP,3514908,10M0G7W,LTE,,,2160,1970,250,FB,,,760,"24731703257",15.3,25,62,2,X,59,83071803257,40,-23.043592,-47.3755,G,12/3/2025,12/28/2001,,ea04f4d8268defe2,4/29/2038,,,Elias Fausto,,x
LIC-LIC-01,TELEFONICA BRASIL S.A.,50409146447,10,48412023,700033831,RUA ELENIR BELLAGAMBA ORLANDI,,SP,3501905,10M0G7W,LTE,,,2160,1970,280,FB,,,760,"24731703257",15.9,25,62,2,X,39,83071803257,40,-22.687468,-46.72721,G,12/3/2025,11/9/2015,,ea04f4d8268defb2,4/29/2038,,,Amparo,,x
LIC-LIC-01,TELEFONICA BRASIL S.A.,50409146447,10,48412023,1012645298,RUA MARIA DE JESUS MADIA FRADE,,SP,3556206,10M0G7W,LTE,,,2160,1970,270,FB,,,760,"56001603518",16,25,67,2,X,28,83071803257,40,-22.976686,-47.022569,G,12/3/2025,12/6/2021,,ea04f4d8268def9d,4/29/2038,,,Valinhos,,
LIC-LIC-01,TELEFONICA BRASIL S.A.,50409146447,10,48412023,396721745,Rua Bahia,,SP,3512308,10M0G7W,LTE,,,2160,1970,240,FB,,,760,"26960904280",16.5,30,65,2,X,40,83071803257,40,-23.014175,-48.007403,G,12/3/2025,12/10/1999,,ea04f4d8268def8b,4/29/2038,,,Conchas,,
LIC-LIC-01,TELEFONICA BRASIL S.A.,50409146447,10,48412023,535744404,RUA JOÃO ANTÔNIO NUNES,,SP,3510302,10M0G7W,LTE,,,2160,1970,285,FB,,,760,"56001603518",17.4,25,62,2,X,42,83071803257,40,-23.469431,-47.734386,G,12/3/2025,11/10/2000,,ea04f4d8268def4c,4/29/2038,,,Capela do Alto,,
LIC-LIC-01,TELEFONICA BRASIL S.A.,50409146447,10,48412023,1012674069,RUA CRISTIANO GOMES DA AGUIAR  S/N,RODOVIA WASHINGTON LUIZ  KM 162,SP,3512407,10M0G7W,LTE,,,2160,1970,350,FB,,,760,"24731703257",15.3,25,62,2,X,49,83071803257,40,-22.482436,-47.475614,G,12/3/2025,12/16/2021,,ea04f4d8268def46,4/29/2038,,,Cordeirópolis,,
LIC-LIC-01,TELEFONICA BRASIL S.A.,50409146447,10,48412023,1014493606,RUA 05,LOTE 05 - QUADRA 50,SP,3507506,10M0G7W,LTE,,,2160,1970,280,FB,,,760,"0",17.9,24,64,2,X,60,83071803257,40,-22.70031,-48.26743,G,12/3/2025,11/22/2022,,ea04f4d8268def3a,4/29/2038,,,Botucatu,,
LIC-LIC-01,TELEFONICA BRASIL S.A.,50409146447,10,48412023,441560156,RUA DO TECELÃO,,SP,3501608,10M0G7W,LTE,,,2160,1970,300,FB,,,760,"44181403519",16.4,32,57,4,X,28,83071803257,40,-22.751419,-47.306581,G,12/3/2025,12/15/1999,,ea04f4d8268deea7,4/29/2038,,,Americana,,x
LIC-LIC-01,TELEFONICA BRASIL S.A.,50409146447,10,48412023,1013276750,RUA FRANCISCO GLICERIO,LOTE 09 QUADRA A (278),SP,3556206,10M0G7W,LTE,,,2160,1970,350,FB,,,760,"0",17.9,24,64,2,X,40,83071803257,40,-22.976011,-47.010911,G,12/3/2025,7/12/2022,,ea04f4d8268dee65,4/29/2038,,,Valinhos,,
LIC-LIC-01,TELEFONICA BRASIL S.A.,50409146447,10,48412023,1012405548,RUA DOUTOR CARLOS DE CAMPOS,DIREITA DO Nº 872,SP,3531803,10M0G7W,LTE,,,2160,1970,300,FB,,,760,"24731703257",15.3,25,62,2,X,55,83071803257,40,-22.941011,-47.3168,G,12/3/2025,10/6/2021,,ea04f4d8268dee59,4/29/2038,,,Monte Mor,,x
LIC-LIC-01,TELEFONICA BRASIL S.A.,50409146447,10,48412023,1008573121,AV. PADRE MATEUS VON HERKHUIZEN  S/N,,SP,3515186,10M0G7W,LTE,,,2160,1970,320,FB,,,760,"56001603518",16,25,67,2,X,60,83071803257,40,-22.209003,-46.753567,G,12/3/2025,5/14/2019,,ea04f4d8268dee32,4/29/2038,,,Espírito Santo do Pinhal,,x
LIC-LIC-01,TELEFONICA BRASIL S.A.,50409146447,10,48412023,1008940922,RUA ANTONIO NUNES FELIPE,,SP,3509502,10M0G7W,LTE,,,2160,1970,210,FB,,,760,"56001603518",17.5,25,65,5,X,50,83071803257,40,-22.893028,-46.943222,G,12/3/2025,8/1/2019,,ea04f4d8268dee2c,4/29/2038,,,Campinas,,x
LIC-LIC-01,TELEFONICA BRASIL S.A.,50409146447,10,48422023,1007841734,RUA DO SOL,,SP,3509502,5M00G7W,LTE,,,1867.5,1772.5,350,FB,,,760,"0",17.4,23,69,3,X,35,83071803257,40,-22.792339,-47.085181,G,12/1/2025,12/18/2018,,ea04f4d815e26813,12/22/2032,,,Campinas,,x
LIC-LIC-01,TELEFONICA BRASIL S.A.,50409146447,10,48422023,1012553652,RUA 15JW,,SP,3543907,5M00G7W,LTE,,,1867.5,1772.5,290,FB,,,760,"0",17.4,23,69,4,X,34,83071803257,40,-22.412239,-47.606011,G,12/1/2025,10/28/2021,,ea04f4d815e267f8,12/22/2032,,,Rio Claro,,
LIC-LIC-01,TELEFONICA BRASIL S.A.,50409146447,10,48422023,410854980,RUA ALAYDE NASCIMENTO DE LEMOS,,SP,3509502,5M00G7W,LTE,,,1867.5,1772.5,310,FB,,,760,"0",17,25,69,1,X,27,83071803257,40,-22.916194,-47.040906,G,12/1/2025,12/13/1999,,ea04f4d815e267ef,12/22/2032,,,Campinas,,x
LIC-LIC-01,TELEFONICA BRASIL S.A.,50409146447,10,48422023,689145772,AVENIDA ANTÔNIO BAPTISTA PIVA,,SP,3536505,5M00G7W,LTE,,,1867.5,1772.5,220,FB,,,760,"56001603518",16.7,30,64,3,X,39,83071803257,40,-22.778113,-47.172045,G,12/1/2025,5/4/2007,,ea04f4d815e267dd,12/22/2032,,,Paulínia,,x
LIC-LIC-01,TELEFONICA BRASIL S.A.,50409146447,10,48422023,1003683719,RUA ILDA REIS DE OLIVEIRA,5 LOTE  12 QUADRA,SP,3519071,5M00G7W,LTE,,,1867.5,1772.5,120,FB,,,760,"0",17.4,23,69,2,X,40,83071803257,40,-22.860619,-47.204544,G,12/1/2025,1/3/2017,,ea04f4d815e26771,12/22/2032,,,Hortolândia,,x
LIC-LIC-01,TELEFONICA BRASIL S.A.,50409146447,10,48422023,535540191,RUA ADONIS,MORRO DO CRUZEIRO,SP,3500501,5M00G7W,LTE,,,1867.5,1772.5,200,FB,,,760,"5152003257",17.2,26,69,2,X,44,83071803257,40,-22.481028,-46.629647,G,12/1/2025,9/15/2000,,ea04f4d815e26768,12/22/2032,,,Águas de Lindóia,,x
LIC-LIC-01,TELEFONICA BRASIL S.A.,50409146447,10,48422023,1008197006,RUA CARIJÓS,,SP,3538709,5M00G7W,LTE,,,1867.5,1772.5,240,FB,,,760,"0",17,25,69,2,X,24,83071803257,40,-22.749981,-47.649675,G,12/1/2025,2/26/2019,,ea04f4d815e2675f,12/22/2032,,,Piracicaba,,x
LIC-LIC-01,TELEFONICA BRASIL S.A.,50409146447,10,48422023,1014954476,RUA CAETANO LADAGA PISANI  362 E 372,,SP,3526902,5M00G7W,LTE,,,1867.5,1772.5,235,FB,,,760,"44181403519",15.1,29,62,2,X,34,83071803257,40,-22.5828,-47.4162,G,12/1/2025,6/5/2023,,ea04f4d815e2672f,12/22/2032,,,Limeira,,
LIC-LIC-01,CLARO S.A.,50409105090,10,97692014,1017248220,R SOFIA ATAURI FADIN,,SP,3536505,10M0G7W,LTE,,,798,743,220,FB,,,760,,13.5,24,73,-2,X,40,33782402519,79.43,-22.7886,-47.13096,G,11/27/2025,11/27/2025,,ea04f4d811c89421,12/8/2029,,,Paulínia,,x
LIC-LIC-01,CLARO S.A.,50409105090,10,97692014,1017248203,R FERNÃO LOPES,LADO DIREITO DO N°754,SP,3509502,10M0G7W,LTE,,,798,743,180,FB,,,760,,13.5,24,73,-2,X,40,33782402519,79.43,-22.8712,-47.05502,G,11/27/2025,11/27/2025,,ea04f4d811c89415,12/8/2029,,,Campinas,,x
LIC-LIC-01,CLARO S.A.,50409105090,10,97692014,1017248190,AV OSCÁR PEDROSO HORTA,,SP,3509502,10M0G7W,LTE,,,798,743,220,FB,,,760,,13.5,24,73,-2,X,40,33782402519,79.43,-22.81163,-47.07507,G,11/27/2025,11/27/2025,,ea04f4d811c8940f,12/8/2029,,,Campinas,,x
LIC-LIC-01,CLARO S.A.,50409105090,10,97692014,1017248068,R 30,,SP,3543907,10M0G7W,LTE,,,798,743,220,FB,,,760,,13.5,24,73,-2,X,42.25,33782402519,79.43,-22.4241,-47.5823,G,11/27/2025,11/27/2025,,ea04f4d801f7c210,12/8/2029,,,Rio Claro,,
LIC-LIC-01,CLARO S.A.,50409105090,10,97692014,442517483,R FRANCISCO LUIS DA SILVA,,SP,3501905,10M0G7W,LTE,,,798,743,260,FB,,,760,,13.4,21,68,-1,X,41,33782402519,79.43,-22.71634,-46.77019,G,11/27/2025,12/11/2001,,ea04f4d801e10b6b,12/8/2029,,,Amparo,,x
LIC-LIC-01,CLARO S.A.,50409105090,10,97692014,1017221836,R ITAIM,LOTE 51  QUADRA K,SP,3520509,10M0G7W,LTE,,,798,743,40,FB,,,760,,13.5,24,73,-2,X,40,33782402519,79.43,-23.12575,-47.25272,G,11/19/2025,11/19/2025,,2306f4d8c9e89b19,12/8/2029,,,Indaiatuba,,x
LIC-LIC-01,CLARO S.A.,50409105090,10,25152016,1017253398,R JOSE FRANCISCO DE CASTRO,LADO DO 176,SP,3525904,15M0G7W,LTE,,,1842.5,1747.5,290,FB,,,760,,17.1,25,61,0,X,34,49882402519,60,-23.15735,-46.91612,G,1/7/2026,12/1/2025,,ea04f4d84fb835cb,7/27/2031,,,Jundiaí,,x
LIC-LIC-01,CLARO S.A.,50409105090,10,97692014,1017221976,ROD DO AÇUCAR,FAZENDA CACHOEIRINHA,SP,3510401,10M0G7W,LTE,,,798,743,250,FB,,,760,,13.5,24,73,0,X,40,33782402519,79.43,-23.02343,-47.44624,G,11/19/2025,11/19/2025,,ea04f4d8161e0768,12/8/2029,,,Capivari,,x
LIC-LIC-01,CLARO S.A.,50409105090,10,97692014,1009193950,R ROMEU ANTONIO RICCI,ANTIGA RUA QUATROZE,SP,3551603,10M0G7W,LTE,,,798,743,220,FB,,,760,,13.4,21,68,-2,X,52,57731705894,80,-22.62068,-46.73377,G,11/21/2025,10/3/2019,,ea04f4d81615c4ea,12/8/2029,,,Serra Negra,,x
LIC-LIC-01,CLARO S.A.,50409105090,10,97692014,1017225165,R MIGUEL DE CILLO,,SP,3538709,10M0G7W,LTE,,,798,743,210,FB,,,760,,13.5,24,73,-2,X,40,33782402519,79.43,-22.67556,-47.67559,G,11/21/2025,11/21/2025,,ea04f4d81615c4d2,12/8/2029,,,Piracicaba,,x
LIC-LIC-01,CLARO S.A.,50409105090,10,97692014,1017221968,ROD SP 097 EMERENCIANO PRESTES BARROS,,SP,3552205,10M0G7W,LTE,,,798,743,250,FB,,,760,,13.5,24,73,0,X,40,33782402519,79.43,-23.37453,-47.52799,G,11/19/2025,11/19/2025,,ea04f4d811dad2d3,12/8/2029,,,Sorocaba,,
LIC-LIC-01,CLARO S.A.,50409105090,10,97692014,1017221950,ROD ENGENHEIRO JOAO TOSELLO,,SP,3530805,10M0G7W,LTE,,,798,743,260,FB,,,760,,13.5,24,73,-2,X,40,33782402519,79.43,-22.46977,-47.11803,G,11/19/2025,11/19/2025,,ea04f4d811dad2d0,12/8/2029,,,Mogi Mirim,,
LIC-LIC-01,CLARO S.A.,50409105090,10,97692014,1017221941,R EMILIO HONHARDT,,SP,3515152,10M0G7W,LTE,,,798,743,300,FB,,,760,,13.5,24,73,-2,X,35,33782402519,79.43,-22.4878,-47.2079,G,11/19/2025,11/19/2025,,ea04f4d811dad2c7,12/8/2029,,,Engenheiro Coelho,,
LIC-LIC-01,TELEFONICA BRASIL S.A.,50409146447,10,59072012,1016854827,ESTRADA MUNICIPAL PASTOR WALTER BOGER,,SP,3515152,20M0G7W,LTE,,,2680,2560,350,FB,,,760,"0",18.7,24,58,2,X,39,58221803257,40,-22.505564,-47.159693,G,11/27/2025,8/15/2025,,ea04f4d802b45adc,10/18/2027,,,Engenheiro Coelho,,
LIC-LIC-01,TELEFONICA BRASIL S.A.,50409146447,10,48422023,1002591373,RUA MAURICIO AYRES MARTINS CAMARGO,RBR-NÃO,SP,3522307,5M00G7W,LTE,,,1867.5,1772.5,330,FB,,,760,"56001603518",17.4,25,68,2,X,59,83071803257,40,-23.478833,-47.956056,G,11/27/2025,5/2/2016,,ea04f4d8f89421ad,12/22/2032,,,Itapetininga,,
LIC-LIC-01,TELEFONICA BRASIL S.A.,50409146447,10,48422023,1011594029,RUA SILVIO ALCANTARA,,SP,3556206,5M00G7W,LTE,,,1867.5,1772.5,260,FB,,,760,"56001603518",17.4,25,68,0,X,34,83071803257,40,-22.952881,-47.002889,G,11/27/2025,12/12/2020,,ea04f4d8f8942180,12/22/2032,,,Valinhos,,
LIC-LIC-01,TELEFONICA BRASIL S.A.,50409146447,10,48412023,1017247584,RUA FRANCISCO ANSELMO SCACHETTI  676,,SP,3520509,10M0G7W,LTE,,,2160,1970,350,FB,,,760,"0",17.9,24,64,2,X,33,83071803257,40,-23.02805,-47.246139,G,11/27/2025,11/27/2025,,ea04f4d8f8942174,4/29/2038,,,Indaiatuba,,x
LIC-LIC-01,TELEFONICA BRASIL S.A.,50409146447,10,48422023,691931810,ESTRADA DO JEQUITIBÁ,RESERVATÓRIO DE AGUA ETA II,SP,3556206,5M00G7W,LTE,,,1867.5,1772.5,270,FB,,,760,"0",17,25,69,2,X,30,83071803257,40,-22.9699,-46.982,G,11/27/2025,11/26/2009,,ea04f4d8f894215f,12/22/2032,,,Valinhos,,
LIC-LIC-01,TELEFONICA BRASIL S.A.,50409146447,10,48412023,692040668,RUA ADEMIR BEVILAQUA,CHÁCARAS COLINAS DO SOSSEGO,SP,3556701,10M0G7W,LTE,,,2160,1970,305,FB,,,760,"24731703257",15.3,25,62,2,X,60,83071803257,40,-23.047481,-47.014327,G,11/27/2025,1/11/2010,,ea04f4d8f8942156,4/29/2038,,,Vinhedo,,x
LIC-LIC-01,TELEFONICA BRASIL S.A.,50409146447,10,48412023,690817460,RUA GIUSEPPE URSO,ESTRADA SANTA FÉ,SP,3556701,10M0G7W,LTE,,,2160,1970,330,FB,,,760,"24731703257",15.3,25,62,2,X,56,83071803257,40,-23.032492,-46.920319,G,11/27/2025,10/28/2008,,ea04f4d8f8942141,4/29/2038,,,Vinhedo,,x
LIC-LIC-01,TELEFONICA BRASIL S.A.,50409146447,10,48422023,1007380370,RUA AFONSO GARBUIO,,SP,3556701,5M00G7W,LTE,,,1867.5,1772.5,260,FB,,,760,"56001603518",17,25,67,2,X,31,83071803257,40,-23.007381,-46.989917,G,11/27/2025,10/4/2018,,ea04f4d8f8942117,12/22/2032,,,Vinhedo,,x
LIC-LIC-01,TELEFONICA BRASIL S.A.,50409146447,10,48412023,396721273,ESTRADA MUNICIPAL,SÍTIO SÃO JOSÉ,SP,3554706,10M0G7W,LTE,,,2160,1970,220,FB,,,760,"56001603518",17.5,25,65,0,X,56,83071803257,40,-22.4178,-48.177228,G,11/27/2025,12/10/1999,,ea04f4d8f8942050,4/29/2038,,,Torrinha,,
LIC-LIC-01,TELEFONICA BRASIL S.A.,50409146447,10,48422023,577092782,RUA TODOS OS SANTOS,RBR-NÃO,SP,3545159,5M00G7W,LTE,,,1867.5,1772.5,220,FB,,,760,"0",17,25,69,2,X,40,83071803257,40,-22.84194,-47.67611,G,11/27/2025,6/7/2001,,ea04f4d8f8941fe1,12/22/2032,,,Saltinho,,x
LIC-LIC-01,TELEFONICA BRASIL S.A.,50409146447,10,97432014,691931798,RUA PRESIDENTE GETÚLIO VARGAS,,SP,3545803,10M0G7W,LTE,,,788,733,330,FB,,,760,"0",13.8,22,70,3,X,21,104000000000,40,-22.756667,-47.421667,G,11/27/2025,11/26/2009,,ea04f4d8f8941fa8,12/8/2029,,,Santa Bárbara d'Oeste,,x
LIC-LIC-01,TELEFONICA BRASIL S.A.,50409146447,10,48412023,693080965,RODOVIA PREFEITO AZIZ LIAN,KM 3 5 SP 107 AGROPECUÁRIA TUIUTI - LEITE SHEFA,SP,3501905,10M0G7W,LTE,,,2160,1970,330,FB,,,760,"24731703257",15.3,25,62,2,X,39,83071803257,40,-22.703108,-46.864692,G,11/27/2025,12/30/2010,,ea04f4d8f8941f7b,4/29/2038,,,Amparo,,x
LIC-LIC-01,TELEFONICA BRASIL S.A.,50409146447,10,48412023,690654910,AVENIDA JOSÉ PAULINO,BLOCO A CONDOMÍNIO RESIDENCIAL ITÁLIA,SP,3536505,10M0G7W,LTE,,,2160,1970,330,FB,,,760,"56001603518",17.2,30,60,6,X,33,83071803257,40,-22.782139,-47.142028,G,11/27/2025,9/16/2008,,ea04f4d8f8941f56,4/29/2038,,,Paulínia,,x
LIC-LIC-01,TELEFONICA BRASIL S.A.,50409146447,10,48422023,691931771,RUA AYRES PEREIRA DE CASTRO FILHO,,SP,3509502,5M00G7W,LTE,,,1867.5,1772.5,50,FB,,,760,"56001603518",17.4,25,68,3,X,21,83071803257,40,-22.979778,-47.131472,G,11/27/2025,11/26/2009,,ea04f4d8f8941f4a,12/22/2032,,,Campinas,,x
LIC-LIC-01,TELEFONICA BRASIL S.A.,50409146447,10,48422023,687190690,AVENIDA SIDNEY CARDON OLIVEIRA,RBR-NÃO,SP,3536505,5M00G7W,LTE,,,1867.5,1772.5,235,FB,,,760,"24731703257",14.9,25,63,5,X,54,83071803257,40,-22.716889,-47.142778,G,11/27/2025,6/21/2005,,ea04f4d8f8941f0a,12/22/2032,,,Paulínia,,x
LIC-LIC-01,TELEFONICA BRASIL S.A.,50409146447,10,48422023,699723043,ESTRADA MUNICIPAL VICENTE ORTIZ CAMARGO,SÍTIO QUINTA,SP,3530706,5M00G7W,LTE,,,1867.5,1772.5,340,FB,,,760,"56001603518",17.4,25,68,4,X,59,83071803257,40,-22.327877,-46.846044,G,11/27/2025,2/12/2014,,ea04f4d8f8941f01,12/22/2032,,,Mogi Guaçu,,
LIC-LIC-01,TELEFONICA BRASIL S.A.,50409146447,10,48422023,1002098960,AVENIDA LUIZ POLLO,,SP,3503307,5M00G7W,LTE,,,1867.5,1772.5,230,FB,,,760,"5152003257",17.2,26,69,3,X,50,83071803257,40,-22.317778,-47.375058,G,11/27/2025,11/9/2015,,ea04f4d8f8941ee6,12/22/2032,,,Araras,,
LIC-LIC-01,TELEFONICA BRASIL S.A.,50409146447,10,48422023,687634962,RODOVIA VIA ANHANGUERA  S/N,KM 124 SP 330 FAZENDA SANTA ANGÉLICA,SP,3501608,5M00G7W,LTE,,,1867.5,1772.5,315,FB,,,760,"0",17,25,69,2,X,42,83071803257,40,-22.735194,-47.285325,G,11/27/2025,12/1/2005,,ea04f4d8f8941eb2,12/22/2032,,,Americana,,x
LIC-LIC-01,TELEFONICA BRASIL S.A.,50409146447,10,48422023,441554555,RUA SILVIO DE PAULA,CONDOMÍNIO PORTAL DOS NOBRES,SP,3533403,5M00G7W,LTE,,,1867.5,1772.5,140,FB,,,760,"56001603518",16.7,30,64,2,X,29,83071803257,40,-22.778466,-47.283752,G,11/27/2025,12/15/1999,,ea04f4d8f3283e4b,12/22/2032,,,Nova Odessa,,x
LIC-LIC-01,TELEFONICA BRASIL S.A.,50409146447,10,97432014,1003498806,Avenida Aquilegias,Chácara Recinto do Jó,SP,3528502,10M0G7W,LTE,,,788,733,250,FB,,,760,"0",0,0,0,2,X,43.5,39452402519,40,-23.31105,-46.551619,G,11/27/2025,11/3/2016,,ea04f4d8f3283df4,12/8/2029,,,Mairiporã,,
LIC-LIC-01,TELEFONICA BRASIL S.A.,50409146447,10,48422023,691930147,RODOVIA GOVERNADOR DOUTOR ADHEMAR PEREIRA DE BARROS,KM 170 SP 340,SP,3530706,5M00G7W,LTE,,,1867.5,1772.5,320,FB,,,760,"0",17,25,69,3,X,51,83071803257,40,-22.367139,-46.969778,G,11/27/2025,2/1/2010,,ea04f4d8f3283df1,12/22/2032,,,Mogi Guaçu,,
LIC-LIC-01,TELEFONICA BRASIL S.A.,50409146447,10,97432014,698099044,Estrada da Boiada,LOTE B LADO D SEGMENTO 26,SP,3527306,10M0G7W,LTE,,,788,733,340,FB,,,760,"0",13.8,22,70,2,X,36,104000000000,40,-23.071528,-46.953944,G,11/27/2025,11/12/2012,,ea04f4d8f3283dd9,12/8/2029,,,Louveira,,x
LIC-LIC-01,TELEFONICA BRASIL S.A.,50409146447,10,48422023,1000803756,RUA MANOEL DE AQUINO PEREIRA,LOTE 26 QUADRA G,SP,3509502,5M00G7W,LTE,,,1867.5,1772.5,90,FB,,,760,"5152003257",17.2,26,69,3,X,32,83071803257,40,-22.951014,-47.119056,G,11/27/2025,5/2/2016,,ea04f4d8f3283dbb,12/22/2032,,,Campinas,,x
LIC-LIC-01,TELEFONICA BRASIL S.A.,50409146447,10,48422023,687635101,Estrada da Boiada,Rodovia Vereador Geraldo Dias SP 332,SP,3556701,5M00G7W,LTE,,,1867.5,1772.5,75,FB,,,760,"56001603518",16.7,30,64,4,X,41,83071803257,40,-23.018972,-47.001028,G,11/27/2025,12/1/2005,,ea04f4d8f3283d97,12/22/2032,,,Vinhedo,,x
LIC-LIC-01,TELEFONICA BRASIL S.A.,50409146447,10,48422023,691931607,Rua Jorge Antônio Cury,,SP,3524709,5M00G7W,LTE,,,1867.5,1772.5,290,FB,,,760,"56001603518",17.4,25,68,2,X,49,83071803257,40,-22.715581,-46.97425,G,11/27/2025,11/26/2009,,ea04f4d8f3283d85,12/22/2032,,,Jaguariúna,,x
LIC-LIC-01,TELEFONICA BRASIL S.A.,50409146447,10,48422023,1003595747,RUA OSWALDO CRUZ,,SP,3520509,5M00G7W,LTE,,,1867.5,1772.5,210,FB,,,760,"24731703257",14.9,25,63,3,X,31,83071803257,40,-23.091464,-47.211581,G,11/27/2025,12/8/2016,,ea04f4d8f3283d5b,12/22/2032,,,Indaiatuba,,x
LIC-LIC-01,TELEFONICA BRASIL S.A.,50409146447,10,48412023,1012405653,RUA CELENCINA CALDAS SARKIS  S/N,LOTE ESQ.,SP,3522604,10M0G7W,LTE,,,2160,1970,300,FB,,,760,"43061703257",16.9,27,63,0,X,29,83071803257,40,-22.431689,-46.807078,G,11/27/2025,10/6/2021,,ea04f4d8f3283d2e,4/29/2038,,,Itapira,,x
LIC-LIC-01,TELEFONICA BRASIL S.A.,50409146447,10,48422023,443389012,RUA BORORÓ,,SP,3520509,5M00G7W,LTE,,,1867.5,1772.5,340,FB,,,760,"5152003257",17.2,26,69,5,X,38,83071803257,40,-23.078917,-47.198325,G,11/27/2025,9/15/2000,,ea04f4d8f3283d19,12/22/2032,,,Indaiatuba,,x
LIC-LIC-01,TELEFONICA BRASIL S.A.,50409146447,10,48422023,1002026480,RUA DAS COLOMÉIAS,,SP,3519071,5M00G7W,LTE,,,1867.5,1772.5,344,FB,,,760,"0",17.4,23,69,2,X,33,83071803257,40,-22.885697,-47.166333,G,11/27/2025,11/9/2015,,ea04f4d8f3283d07,12/22/2032,,,Hortolândia,,x
LIC-LIC-01,TELEFONICA BRASIL S.A.,50409146447,10,48422023,689110294,RUA ALCIDES MODESTO DE CAMARGO,LOTE 2 QUADRA E,SP,3509502,5M00G7W,LTE,,,1867.5,1772.5,20,FB,,,760,"56001603518",17.4,25,68,3,X,35,83071803257,40,-22.886806,-47.148722,G,11/27/2025,5/4/2007,,ea04f4d8f3283cf2,12/22/2032,,,Campinas,,x
LIC-LIC-01,TELEFONICA BRASIL S.A.,50409146447,10,48422023,1002998147,ESTRADA MUNICIPAL PFZ,GOLF CLUB RANDALL THOMPSON ACESSO PELA RODOVIA PRESIDENTE CASTELLO BRANCO  KM 10,SP,3540606,5M00G7W,LTE,,,1867.5,1772.5,340,FB,,,760,"0",17,25,69,0,X,18,83071803257,40,-23.34235,-47.5675,G,11/27/2025,6/30/2016,,ea04f4d8f3283cc2,12/22/2032,,,Porto Feliz,,x
LIC-LIC-01,TELEFONICA BRASIL S.A.,50409146447,10,48422023,699067600,RODOVIA PRESIDENTE CASTELLO BRANCO  S/N,KM 102 5 SP 280 (HOTEL FASANO BOA VISTA),SP,3540606,5M00G7W,LTE,,,1867.5,1772.5,350,FB,,,760,"24731703257",14.9,25,63,2,X,50,83071803257,40,-23.349694,-47.554642,G,11/27/2025,2/12/2014,,ea04f4d8f3283ca1,12/22/2032,,,Porto Feliz,,x
LIC-LIC-01,TELEFONICA BRASIL S.A.,50409146447,10,48422023,442159366,RUA PERCILIO FERNANDES,RBR-NÃO,SP,3557303,5M00G7W,LTE,,,1867.5,1772.5,80,FB,,,760,"24731703257",14.9,25,63,5,X,37,83071803257,40,-22.279769,-46.953542,G,11/27/2025,12/15/1999,,ea04f4d8f3283c95,12/22/2032,,,Estiva Gerbi,,
LIC-LIC-01,TELEFONICA BRASIL S.A.,50409146447,10,48412023,695586769,RODOVIA DO AÇUCAR,KM 127 SP 308 FAZENDA SOBRADO,SP,3510401,10M0G7W,LTE,,,2160,1970,100,FB,,,760,"5152003257",17.3,25,68,2,X,15,83071803257,40,-23.01555,-47.457419,G,11/27/2025,7/20/2011,,ea04f4d8f3283c80,4/29/2038,,,Capivari,,x
LIC-LIC-01,TELEFONICA BRASIL S.A.,50409146447,10,48412023,1017247266,RUA ARACAJÚ  355,AO LADO DO Nº 415,SP,3538709,10M0G7W,LTE,,,2160,1970,290,FB,,,760,"38661703257",17.6,25,64,2,X,33,83071803257,40,-22.713583,-47.678194,G,11/27/2025,11/27/2025,,ea04f4d8f3283c0e,4/29/2038,,,Piracicaba,,x
LIC-LIC-01,TELEFONICA BRASIL S.A.,50409146447,10,48422023,691929700,RODOVIA GERALDO PEREIRA DE BARROS,ACESSO PELO KM 178 SP 304 NO TREVO DO DISTRITO DE ARTEMIS  DISTRITO ARTEMIS,SP,3538709,5M00G7W,LTE,,,1867.5,1772.5,300,FB,,,760,"24731703257",14.9,25,63,2,X,59,83071803257,40,-22.666947,-47.760806,G,11/27/2025,11/26/2009,,ea04f4d8f3283bed,12/22/2032,,,Piracicaba,,x
LIC-LIC-01,TELEFONICA BRASIL S.A.,50409146447,10,48422023,534854443,RUA PADRE FABIANO,,SP,3510401,5M00G7W,LTE,,,1867.5,1772.5,350,FB,,,760,"0",17,25,69,2,X,28,83071803257,40,-22.997111,-47.505392,G,11/27/2025,9/15/2000,,ea04f4d8f3283bcf,12/22/2032,,,Capivari,,x
LIC-LIC-01,TELEFONICA BRASIL S.A.,50409146447,10,48422023,1014944560,ESTRADA MUNICIPAL JOSÉ SEDANO,ESTRADA DOS AMARAIS - TILI FLORES - RUA DO POLO AQUATICO,SP,3509502,5M00G7W,LTE,,,1867.5,1772.5,250,FB,,,760,"56001603518",17.4,25,68,2,X,40,83071803257,40,-22.831003,-47.146358,G,11/27/2025,5/30/2023,,ea04f4d8f3283bab,12/22/2032,,,Campinas,,x
LIC-LIC-01,TELEFONICA BRASIL S.A.,50409146447,10,48422023,1009786056,AVENIDA 3 DE MAIO,,SP,3511607,5M00G7W,LTE,,,1867.5,1772.5,230,FB,,,760,"56001603518",15.8,25,67,2,X,50,83071803257,40,-23.216631,-47.969961,G,11/27/2025,12/20/2019,,ea04f4d8f3283b66,12/22/2032,,,Cesário Lange,,
LIC-LIC-01,TELEFONICA BRASIL S.A.,50409146447,10,97432014,1001352421,VIA DAS PRIMAVERAS,,SP,3508405,10M0G7W,LTE,,,788,733,350,FB,,,760,"0",0,0,0,4,X,43,39452402519,40,-23.2652,-47.090125,G,11/27/2025,7/29/2016,,ea04f4d8f3283b4e,12/8/2029,,,Cabreúva,,
LIC-LIC-01,TELEFONICA BRASIL S.A.,50409146447,10,48422023,1001990738,RUA BENEDITO PEREIRA,,SP,3530706,5M00G7W,LTE,,,1867.5,1772.5,280,FB,,,760,"56001603518",16.7,30,64,6,X,53,83071803257,40,-22.362569,-46.91005,G,11/27/2025,11/9/2015,,ea04f4d8f3283b24,12/22/2032,,,Mogi Guaçu,,
LIC-LIC-01,TELEFONICA BRASIL S.A.,50409146447,10,59072012,1012405238,RUA SEBASTIÃO VIEIRA DE ANDRADE,,SP,3556206,15M0G7W,LTE,,,2680,2560,70,FB,,,760,"56001603518",16,25,60,2,X,33,58221803257,40,-23.008306,-47.014822,G,11/27/2025,10/6/2021,,ea04f4d8f3283af4,10/18/2027,,,Valinhos,,
LIC-LIC-01,TELEFONICA BRASIL S.A.,50409146447,10,48412023,1017247231,CONDOMÍNIO DO EDIFÍCIO MELOTTI - RUA DOLORES SABORIDO PEREIRA  N. 21 ESQUINA COM AVENIDA JOÃO ERBO,,SP,3509502,10M0G7W,LTE,,,2160,1970,260,FB,,,760,"43061703257",16.9,27,63,2,X,35,83071803257,40,-22.887903,-47.085959,G,11/27/2025,11/27/2025,,ea04f4d8f3283aae,4/29/2038,,,Campinas,,x
LIC-LIC-01,TELEFONICA BRASIL S.A.,50409146447,10,48412023,1017247215,RUA LÚCIA COSMO VARGAS 30,,SP,3556701,10M0G7W,LTE,,,2160,1970,220,FB,,,760,"0",17.9,24,64,2,X,23,83071803257,40,-23.06027,-46.97023,G,11/27/2025,11/27/2025,,ea04f4d8f3283a7a,4/29/2038,,,Vinhedo,,x
LIC-LIC-01,TELEFONICA BRASIL S.A.,50409146447,10,48412023,1017247207,Rua Arvido Plepis  65,,SP,3531803,10M0G7W,LTE,,,2160,1970,340,FB,,,760,"38661703257",17.6,25,64,2,X,32,83071803257,40,-22.946416,-47.289019,G,11/27/2025,11/27/2025,,ea04f4d8f3283a65,4/29/2038,,,Monte Mor,,x
LIC-LIC-01,CLARO S.A.,50409105090,10,97692014,1005864079,R JOAO TOMAZ DE ALMEIDA,,SP,3540606,10M0G7W,LTE,,,798,743,80,FB,,,760,,13.4,21,68,-2,X,52,57731705894,80,-23.21694,-47.51181,G,11/17/2025,3/26/2018,,2306f4d8de5587a7,12/8/2029,,,Porto Feliz,,x
LIC-LIC-01,CLARO S.A.,50409105090,10,97692014,1017221852,R JORGE ZOHLNER,ESQUINA COM RUA JACOB DIEHL,SP,3538709,10M0G7W,LTE,,,798,743,250,FB,,,760,,13.5,24,73,0,X,40,33782402519,79.43,-22.73149,-47.6265,G,11/19/2025,11/19/2025,,2306f4d8cec6af4a,12/8/2029,,,Piracicaba,,x
LIC-LIC-01,CLARO S.A.,50409105090,10,97692014,1017221844,R IRACEMA PEREIRA,LOTE 07  QUADRA B,SP,3538709,10M0G7W,LTE,,,798,743,30,FB,,,760,,13.5,24,73,-2,X,35,33782402519,79.43,-22.74287,-47.61134,G,11/19/2025,11/19/2025,,2306f4d8cec6af44,12/8/2029,,,Piracicaba,,x
LIC-LIC-01,CLARO S.A.,50409105090,10,97692014,1007676105,R ARISTEU VALENTE,,SP,3500501,10M0G7W,LTE,,,798,743,350,FB,,,760,,13.4,21,68,-3,X,40,57731705894,80,-22.48526,-46.59105,G,11/19/2025,11/28/2018,,2306f4d8cec6aefd,12/8/2029,,,Águas de Lindóia,,x
LIC-LIC-01,CLARO S.A.,50409105090,10,97692014,1005808675,R CONSELHEIRO JOSE ANTONIO DE ARRUDA VILAS BOAS,,SP,3530706,10M0G7W,LTE,,,798,743,320,FB,,,760,,13.3,25,60,-2,X,38.5,33782402519,79.43,-22.38093,-46.93714,G,11/17/2025,3/7/2018,,2306f4d8cebf4947,12/8/2029,,,Mogi Guaçu,,
LIC-LIC-01,CLARO S.A.,50409105090,10,97692014,399687602,R BERNARDINO DE CAMPOS,ESQUINA COM JOSÉ DE ALENCAR,SP,3503307,10M0G7W,LTE,,,798,743,260,FB,,,760,"27331703519",14.1,25,66.56,-1,X,31.2,57731705894,80,-22.36949,-47.38927,G,11/17/2025,2/13/2004,,2306f4d8cebf48d8,12/8/2029,,,Araras,,
LIC-LIC-01,CLARO S.A.,50409105090,10,97692014,1017225149,R CAIEIRAS,,SP,3525904,10M0G7W,LTE,,,798,743,300,FB,,,760,,13.5,24,73,0,X,17,33782402519,79.43,-23.21477,-46.85902,G,11/21/2025,11/21/2025,,ea04f4d82a777458,12/8/2029,,,Jundiaí,,x
LIC-LIC-01,CLARO S.A.,50409105090,10,97692014,1017225130,R NAPOLEÃO DE BENEDICTIS,,SP,3524006,10M0G7W,LTE,,,798,743,30,FB,,,760,,13.5,24,73,0,X,40,33782402519,79.43,-23.15563,-47.06002,G,1/28/2026,11/21/2025,,ea04f4d82a777455,12/8/2029,,,Itupeva,,x
LIC-LIC-01,CLARO S.A.,50409105090,10,97692014,1017225122,EST MUNICIPAL BENEDICTO ANTONIO RAGAGNIM,PARQUE DA COLINA 1,SP,3523404,10M0G7W,LTE,,,798,743,255,FB,,,760,,13.5,24,73,0,X,40,33782402519,79.43,-23.01433,-46.81454,G,11/21/2025,11/21/2025,,ea04f4d82a777452,12/8/2029,,,Itatiba,,x
LIC-LIC-01,CLARO S.A.,50409105090,10,97692014,1017225114,R JAIR GARCIA FRIAS,PROXIMO AO 61,SP,3507605,10M0G7W,LTE,,,798,743,240,FB,,,760,,13.5,24,73,0,X,39,33782402519,79.43,-22.94146,-46.54507,G,11/21/2025,11/21/2025,,ea04f4d82a77744f,12/8/2029,,,Bragança Paulista,,
LIC-LIC-01,CLARO S.A.,50409105090,10,97692014,1017202068,R EURIDICE AZARIAS,RUA A  N°51 - VALE DOS CEBRANTES - JUNDIAÍ/SP - CEP: 13212-240,SP,3525904,10M0G7W,LTE,,,798,743,330,FB,,,760,,13.5,24,73,0,X,40.43,33782402519,79.43,-23.20298,-47.00568,G,11/17/2025,11/17/2025,,7f1c14d886944b76,12/8/2029,,,Jundiaí,,x
LIC-LIC-01,CLARO S.A.,50409105090,10,97692014,1007554689,AV MONTE SIAO,,SP,3500501,10M0G7W,LTE,,,798,743,50,FB,,,760,,13.4,21,68,-2,X,50,33782402519,79.43,-22.47111,-46.60468,G,11/17/2025,11/1/2018,,2306f4d8de4ad9dd,12/8/2029,,,Águas de Lindóia,,x
LIC-LIC-01,CLARO S.A.,50409105090,10,97692014,1017202505,R ILHA DA VITORIA,,SP,3550308,10M0G7W,LTE,,,798,743,330,FB,,,760,,13.5,24,73,0,X,18.5,33782402519,79.43,-23.41868,-46.74896,G,11/17/2025,11/17/2025,,7f1c14d8ba37488a,12/8/2029,,,São Paulo,,
LIC-LIC-01,CLARO S.A.,50409105090,10,34672011,697339068,AV JOSÉ BOAVA,,SP,3523404,10M0G7W,LTE,,,2140,1950,220,FB,,,760,,17.2,25,65,-2,X,50,13792502519,60,-22.99048,-46.83367,G,11/21/2025,5/15/2012,,ea04f4d83ad131b0,6/1/2026,,,Itatiba,,x
LIC-LIC-01,TELEFONICA BRASIL S.A.,50409146447,10,48412023,441559905,RUA DUQUE DE CAXIAS,,SP,3545803,10M0G7W,LTE,,,2160,1970,210,FB,,,760,"44181403519",16.4,32,57,4,X,45,83071803257,40,-22.753133,-47.414636,G,11/11/2025,12/15/1999,,7f1c14d8ab1e4098,4/29/2038,,,Santa Bárbara d'Oeste,,x
LIC-LIC-01,TELEFONICA BRASIL S.A.,50409146447,10,48422023,1016272607,ALAMEDA CESP  S/N,,SP,3525904,5M00G7W,LTE,,,1862.5,1767.5,285,FB,,,760,"56001603518",16.7,30,64,2,X,40,6091702519,40,-23.152473,-46.989639,G,11/10/2025,11/13/2024,,7f1c14d8a4ab83b2,12/22/2032,,,Jundiaí,,x
LIC-LIC-01,CLARO S.A.,50409105090,10,59592012,1005779462,R JOSE ALVES GUEDES,,SP,3524709,20M0G7W,LTE,,,2640,2520,90,FB,,,760,"27331703519",17.05,28,65.49,-1,X,41,56351705894,40,-22.70341,-46.98497,G,11/11/2025,2/27/2018,,7f1c14d886745b4a,10/18/2027,,,Jaguariúna,,x
LIC-LIC-01,CLARO S.A.,50409105090,10,97692014,1017193638,ROD ENGENHEIRO ERMÊNIO DE OLIVEIRA PENTEADO,,SP,3520509,10M0G7W,LTE,,,798,743,330,FB,,,760,,13.5,24,73,-2,X,40,33782402519,79.43,-23.08289,-47.17702,G,11/11/2025,11/11/2025,,7f1c14d886745b35,12/8/2029,,,Indaiatuba,,x
LIC-LIC-01,CLARO S.A.,50409105090,10,97692014,1017193620,AV CORONEL ANTONIO ESTANISLAU DO AMARAL,CHACARA BOM RETIRO GLEBA B,SP,3520509,10M0G7W,LTE,,,798,743,220,FB,,,760,,13.5,24,73,-2,X,40,33782402519,79.43,-23.10044,-47.18706,G,11/11/2025,11/11/2025,,7f1c14d886745b2f,12/8/2029,,,Indaiatuba,,x
LIC-LIC-01,CLARO S.A.,50409105090,10,97692014,1017107669,AV SEBASTIAO CABOTTO CORRETTA,,SP,3550407,10M0G7W,LTE,,,798,743,240,FB,,,760,,13.5,24,73,-2,X,40,33782402519,79.43,-22.53881,-47.90563,G,10/29/2025,10/29/2025,,7f1c14d8a4ba6c15,12/8/2029,,,São Pedro,,x
LIC-LIC-01,CLARO S.A.,50409105090,10,97692014,1017063122,R DIVA APARECIDA LATORRE CHRISTIANSEN,,SP,3523404,10M0G7W,LTE,,,798,743,30,FB,,,760,,13.5,24,73,0,X,39,33782402519,79.43,-23.01587,-46.82732,G,10/24/2025,10/24/2025,,7f1c14d8869fe386,12/8/2029,,,Itatiba,,x
LIC-LIC-01,CLARO S.A.,50409105090,10,97692014,1017063114,AV JOSÉ TESCAROLLO,,SP,3523404,10M0G7W,LTE,,,798,743,255,FB,,,760,,13.5,24,73,0,X,40,33782402519,79.43,-23.00829,-46.82669,G,10/24/2025,10/24/2025,,7f1c14d8869fe377,12/8/2029,,,Itatiba,,x
LIC-LIC-01,CLARO S.A.,50409105090,10,97692014,1017107553,R JOAQUIM LEITE DA CUNHA,,SP,3533403,10M0G7W,LTE,,,798,743,60,FB,,,760,,13.5,24,73,-2,X,40,33782402519,79.43,-22.77372,-47.27989,G,10/29/2025,10/29/2025,,7f1c14d8867bc856,12/8/2029,,,Nova Odessa,,x
LIC-LIC-01,TELEFONICA BRASIL S.A.,50409146447,10,105802021,1010327094,RODOVIA DEPUTADO DO ARCHIMEDES LAMMOGLIA,,SP,3523909,40M0G7W,LTE,,,2370,2370,240,FB,,,760,"0",0,0,0,4,X,42,100000000000,40,-23.342633,-47.347675,G,11/4/2025,5/19/2020,,7f1c14d875e983ce,12/8/2041,,,Itu,,x
LIC-LIC-01,TELEFONICA BRASIL S.A.,50409146447,10,97432014,1016836993,RODOVIA FAUSTO SANTO MAURO S/N,JARDIM NOVO II KM 7 SP 127,SP,3543907,10M0G7W,LTE,,,788,733,340,FB,,,760,"56001603518",14.6,25,68,2,X,59,48811903257,40,-22.491,-47.579939,G,11/4/2025,8/4/2025,,7f1c14d875e98376,12/8/2029,,,Rio Claro,,
LIC-LIC-01,CLARO S.A.,50409105090,10,34672011,1017107529,RUA SEBASTIAO ARAUJO SILVA,,SP,3526902,10M0G7W,LTE,,,2140,1950,240,FB,,,760,,17.4,22,59,-2,X,39.2,39452402519,80,-22.61903,-47.42191,G,10/29/2025,10/29/2025,,7f1c14d85752815a,6/1/2026,,,Limeira,,
LIC-LIC-01,CLARO S.A.,50409105090,10,97692014,1017107472,RUA ANTONIO SOSTER,,SP,3520509,10M0G7W,LTE,,,798,743,290,FB,,,760,,13.5,24,73,-2,X,40,33782402519,79.43,-23.099,-47.2295,G,10/29/2025,10/29/2025,,7f1c14d8337efc8d,12/8/2029,,,Indaiatuba,,x
LIC-LIC-01,TELEFONICA BRASIL S.A.,50409146447,10,97432014,1005142472,RUA DAS CAMELIAS,LOTE 4 DA QUADRA J,SP,3504107,10M0G7W,LTE,,,788,733,325,FB,,,760,"56001603518",13.6,25,74,2,X,40,39452402519,40,-23.153278,-46.547444,G,11/4/2025,10/23/2017,,7f1c14d871e7908b,12/8/2029,,,Atibaia,,
LIC-LIC-01,TELEFONICA BRASIL S.A.,50409146447,10,97432014,441554512,AVENIDA DOUTOR ERNESTO SPROGIS,X RUA ANCHIETA,SP,3533403,10M0G7W,LTE,,,788,733,230,FB,,,760,"0",13.8,22,70,2,X,35,104000000000,40,-22.789702,-47.293849,G,11/4/2025,12/15/1999,,7f1c14d871e79030,12/8/2029,,,Nova Odessa,,x
LIC-LIC-01,TELEFONICA BRASIL S.A.,50409146447,10,97432014,1015800049,RODOVIA DOM PEDRO I KM,PONTE NOVA SENTIDO JACAREI - SITIO BELA VISTA,SP,3523404,10M0G7W,LTE,,,788,733,310,FB,,,760,"56001603518",13.5,25,63,2,X,46,39452402519,40,-23.006311,-46.771781,G,11/4/2025,5/13/2024,,7f1c14d871e78ff1,12/8/2029,,,Itatiba,,x
LIC-LIC-01,TELEFONICA BRASIL S.A.,50409146447,10,97432014,1003502960,AVENIDA BRASÍLIA,,SP,3523404,10M0G7W,LTE,,,788,733,240,FB,,,760,"0",0,0,0,2,X,50,39452402519,40,-23.008611,-46.854583,G,11/4/2025,11/17/2016,,7f1c14d871e78fd6,12/8/2029,,,Itatiba,,x
LIC-LIC-01,TELEFONICA BRASIL S.A.,50409146447,10,97432014,693059257,RUA DOS JEQUITIBÁS,,SP,3556503,10M0G7W,LTE,,,788,733,0,FB,,,760,"0",0,0,0,4,X,46,39452402519,40,-23.225972,-46.801806,G,11/4/2025,12/30/2010,,7f1c14d871e78fa6,12/8/2029,,,Várzea Paulista,,x
LIC-LIC-01,TELEFONICA BRASIL S.A.,50409146447,10,97432014,1017161876,RODOVIA BANDEIRANTES  S/N,VIA DE ACESSO NORTE KM 33,SP,3509007,10M0G7W,LTE,,,788,733,295,FB,,,760,"0",0,0,0,2,X,85.2,39452402519,40,-23.357811,-46.785303,G,11/4/2025,11/4/2025,,7f1c14d871e78fa0,12/8/2029,,,Caieiras,,
LIC-LIC-01,CLARO S.A.,50409105090,10,105752021,1011637615,ROD PRESIDENTE CASTELO BRANCO,KM 68 5,SP,3523909,40M0G7W,LTE,,,2325,0,340,FB,,,760,,22.1,25,65,-1,X,41,33892302519,97,-23.41228,-47.24511,G,11/3/2025,12/21/2020,,2306f4d8dc86bca4,12/8/2041,,,Itu,,x
LIC-LIC-01,CLARO S.A.,50409105090,10,46622011,1001904408,AV JOHN BOYD DUMLOP,,SP,3509502,2M50G7W,LTE,,,892.75,847.75,240,FB,,,760,"11471500324",12.85,28,65,0,X,18,39721705894,80,-22.91173,-47.09672,G,10/29/2025,8/27/2015,,7f1c14d834abf39b,3/31/2028,,,Campinas,,x
LIC-LIC-01,CLARO S.A.,50409105090,10,46622011,699668433,AV JONH BOYD DUNLOP,,SP,3509502,2M50G7W,LTE,,,892.75,847.75,240,FB,,,760,"11471500324",12.85,28,65,0,X,18,39721705894,80,-22.91155,-47.09694,G,10/29/2025,3/25/2014,,7f1c14d834abf395,3/31/2028,,,Campinas,,x
LIC-LIC-01,CLARO S.A.,50409105090,10,34672011,535652275,RUA ALEXANDRE FERRARI,,SP,3540606,10M0G7W,LTE,,,2140,1950,230,FB,,,760,,16.9,22,62,-1,X,62,8041101882,61.52,-23.2053,-47.51543,G,10/29/2025,12/17/2002,,7f1c14d83392c791,6/1/2026,,,Porto Feliz,,x
LIC-LIC-01,CLARO S.A.,50409105090,10,97692014,1017021292,R LINDOR MULK,,SP,3526902,10M0G7W,LTE,,,798,743,250,FB,,,760,,13.5,24,73,-2,X,40,33782402519,79.43,-22.59508,-47.43647,G,10/14/2025,10/14/2025,,7f1c14d80b2396cb,12/8/2029,,,Limeira,,
LIC-LIC-01,CLARO S.A.,50409105090,10,59592012,687314682,AV JANUARIO ELISEU DE NAVARRO,,SP,3524709,20M0G7W,LTE,,,2640,2520,60,FB,,,760,"8541105344",16.85,33.74,67.81,0,X,62,45621602519,40,-22.71041,-46.97592,G,10/14/2025,8/18/2005,,7f1c14d80b2396b9,10/18/2027,,,Jaguariúna,,x
LIC-LIC-01,CLARO S.A.,50409105090,10,97692014,1017021241,RUA INDAIA,,SP,3545803,10M0G7W,LTE,,,798,743,250,FB,,,760,,13.5,24,73,-2,X,30,33782402519,79.43,-22.73919,-47.40953,G,10/14/2025,10/14/2025,,7f1c14d8f07d896f,12/8/2029,,,Santa Bárbara d'Oeste,,x
LIC-LIC-01,CLARO S.A.,50409105090,10,46662011,1017016671,ROD PRESIDENTE CASTELO BRANCO,KM 68 5,SP,3523909,2M50G7W,LTE,,,892.75,847.75,360,FB,,,168,,11,25,360,0,V,18,75462401647,60,-23.40993,-47.24915,G,10/10/2025,10/10/2025,,7f1c14d8623cad3b,8/6/2027,,,Itu,,x
LIC-LIC-01,TELEFONICA BRASIL S.A.,50409146447,10,105802021,689956673,RUA NATAL PAULO GULLO,,SP,3526902,40M0G7W,LTE,,,2370,2370,250,FB,,,760,"1.68E+11",16.8,23.8,65,0,X,43,168000000000,40,-22.58675,-47.373083,G,10/14/2025,2/11/2008,,7f1c14d8152637db,12/8/2041,,,Limeira,,
LIC-LIC-01,TELEFONICA BRASIL S.A.,50409146447,10,59072012,1017018569,Rodovia Deputado Archimedes Lamoglia  Km 18  s/n,,SP,3523909,20M0G7W,LTE,,,2680,2560,240,FB,,,760,"56001603518",17.5,30,57,0,X,15,38411301882,40,-23.344847,-47.351272,G,10/13/2025,10/13/2025,,7f1c14d8f6a5b7e8,10/18/2027,,,Itu,,x
LIC-LIC-01,TELEFONICA BRASIL S.A.,50409146447,10,59072012,1017018550,Rodovia Deputado Archimedes Lamoglia  Km 18  s/n,,SP,3523909,20M0G7W,LTE,,,2680,2560,240,FB,,,760,"56001603518",17.5,30,57,0,X,15,38411301882,40,-23.345322,-47.348769,G,10/13/2025,10/13/2025,,7f1c14d8f6a5b7d3,10/18/2027,,,Itu,,x
LIC-LIC-01,TELEFONICA BRASIL S.A.,50409146447,10,59072012,1017018542,Rodovia Deputado Archimedes Lamoglia  Km 18  s/n,,SP,3523909,20M0G7W,LTE,,,2680,2560,240,FB,,,760,"56001603518",17.5,30,57,0,X,15,38411301882,40,-23.347214,-47.351356,G,10/13/2025,10/13/2025,,7f1c14d8f6a5b7be,10/18/2027,,,Itu,,x
LIC-LIC-01,CLARO S.A.,50409105090,10,34672011,1016930752,RUA LUIZ DELFINI,,SP,3538709,10M0G7W,LTE,,,2140,1950,240,FB,,,760,,17.4,22,59,0,X,40,39452402519,80,-22.67315,-47.6983,G,9/19/2025,9/19/2025,,7f1c14d8bda4c7e2,6/1/2026,,,Piracicaba,,x
LIC-LIC-01,CLARO S.A.,50409105090,10,97692014,1016930744,RUA CAMPOS SALLES,,SP,3538709,10M0G7W,LTE,,,798,743,260,FB,,,760,,13.5,24,73,0,X,33,33782402519,79.43,-22.72213,-47.63554,G,9/19/2025,9/19/2025,,7f1c14d8bda4c7cd,12/8/2029,,,Piracicaba,,x
LIC-LIC-01,TELEFONICA BRASIL S.A.,50409146447,10,48422023,1017018470,R HAMILTON DE ARAUJO  1,LT 1- QD D,SP,3550308,5M00G7W,LTE,,,1867.5,1772.5,310,FB,,,760,"0",0,0,0,2,X,38.5,35912402519,40,-23.399631,-46.753583,G,10/13/2025,10/13/2025,,7f1c14d8f5a2390d,12/22/2032,,,São Paulo,,
LIC-LIC-01,CLARO S.A.,50409105090,10,97692014,1016930558,R CRISTA DE GALO,LOTE 01 QD 22 (ESQUINA COM A R. JARDIM BOTÂNICO  320),SP,3504107,10M0G7W,LTE,,,798,743,255,FB,,,760,,13.5,24,73,0,X,40,33782402519,79.43,-23.12797,-46.59315,G,9/19/2025,9/19/2025,,7f1c14d8f13e64b0,12/8/2029,,,Atibaia,,
LIC-LIC-01,CLARO S.A.,50409105090,10,97692014,1016930876,RUA EMILIA MARIA ANTONIO,,SP,3533403,10M0G7W,LTE,,,798,743,280,FB,,,760,,13.5,24,73,-2,X,40,33782402519,79.43,-22.7971,-47.28655,G,9/19/2025,9/19/2025,,7f1c14d8f08e14ad,12/8/2029,,,Nova Odessa,,x
LIC-LIC-01,CLARO S.A.,50409105090,10,97692014,1016930604,R CAETANO LADAGA PISANI,,SP,3526902,10M0G7W,LTE,,,798,743,210,FB,,,760,,13.5,24,73,-2,X,40,33782402519,79.43,-22.58259,-47.4162,G,9/19/2025,9/19/2025,,7f1c14d8bd532e17,12/8/2029,,,Limeira,,
LIC-LIC-01,CLARO S.A.,50409105090,10,34672011,684711710,ROD MARECHAL RONDON,,SP,3525854,10M0G7W,LTE,,,2140,1950,280,FB,,,760,"27331703519",16.16,26,66.76,0,X,54,8041101882,61.52,-23.0788,-47.79296,G,10/15/2025,9/14/2004,,7f1c14d87b9b3915,6/1/2026,,,Jumirim,,
LIC-LIC-01,CLARO S.A.,50409105090,10,34672011,1000329132,R LAZARO LOBO,,SP,3531803,10M0G7W,LTE,,,2140,1950,80,FB,,,760,"8541105344",16.97,34.65,71.05,-1,X,38,8041101882,61.52,-22.93972,-47.30295,G,10/14/2025,7/18/2014,,7f1c14d80b1656f6,6/1/2026,,,Monte Mor,,x
LIC-LIC-01,CLARO S.A.,50409105090,10,34672011,1011651766,ESTRADA AFFONSO RIBEIRO PERSICANO,CRISTO,SP,3501905,10M0G7W,LTE,,,2140,1950,210,FB,,,760,"56001603518",14.7,25,53,-1,X,24,27191702519,60,-22.69431,-46.7732,G,10/14/2025,1/13/2021,,7f1c14d8f0795501,6/1/2026,,,Amparo,,x
LIC-LIC-01,CLARO S.A.,50409105090,10,34672011,1011793641,RUA JOSE ALBERTO CAMPANINI,,SP,3526902,10M0G7W,LTE,,,2140,1950,300,FB,,,760,"56001603518",14.7,25,53,-2,X,22.5,27191702519,60,-22.59953,-47.42033,G,10/14/2025,3/5/2021,,7f1c14d8e0abcdbf,6/1/2026,,,Limeira,,
LIC-LIC-01,CLARO S.A.,50409105090,10,34672011,1011751531,RUA AMADEU AMARAL,,SP,3530904,10M0G7W,LTE,,,2140,1950,300,FB,,,760,"56001603518",14.7,25,53,0,X,40,27191702519,60,-22.92897,-47.56514,G,10/9/2025,3/3/2021,,7f1c14d857634a77,6/1/2026,,,Mombuca,,x
LIC-LIC-01,CLARO S.A.,50409105090,10,34672011,1011787544,RUA JÁCOMO VIVALDINI,PONTO REF. CEMITÉRIO PARQUE DOS EUCALIPTOS,SP,3503307,10M0G7W,LTE,,,2140,1950,210,FB,,,760,"56001603518",14.7,25,53,0,X,60,27191702519,60,-22.34354,-47.40401,G,10/9/2025,3/4/2021,,7f1c14d857634a4a,6/1/2026,,,Araras,,
LIC-LIC-01,TELEFONICA BRASIL S.A.,50409146447,10,97432014,1001103812,Rodovia Waldomiro Corrêa de Camargo,,SP,3523909,10M0G7W,LTE,,,788,733,290,FB,,,760,"0",0,0,0,2,X,33,39452402519,40,-23.32125,-47.303031,G,9/23/2025,6/12/2015,,7f1c14d8c7b91034,12/8/2029,,,Itu,,x
LIC-LIC-01,TELEFONICA BRASIL S.A.,50409146447,10,97432014,1003699364,AVENIDA BARRETOS,,SP,3504107,10M0G7W,LTE,,,788,733,320,FB,,,760,"0",0,0,0,2,X,38,39452402519,40,-23.129338,-46.555289,G,9/23/2025,1/16/2017,,7f1c14d8c7b9102e,12/8/2029,,,Atibaia,,
LIC-LIC-01,TELEFONICA BRASIL S.A.,50409146447,10,97432014,1006965090,RUA TOCANTINS,,SP,3547304,10M0G7W,LTE,,,788,733,320,FB,,,760,"56001603518",13.5,25,63,3,X,54,57731705894,40,-23.426408,-46.858623,G,9/23/2025,7/16/2018,,7f1c14d8c7b91028,12/8/2029,,,Santana de Parnaíba,,
LIC-LIC-01,TELEFONICA BRASIL S.A.,50409146447,10,97432014,1006964964,Rua Presidente Vargas,Entre N° 836 E 812,SP,3504107,10M0G7W,LTE,,,788,733,340,FB,,,760,"56001603518",13.5,25,63,2,X,43.5,29361602519,40,-23.1236,-46.5838,G,9/23/2025,7/16/2018,,7f1c14d8c7b9100f,12/8/2029,,,Atibaia,,
LIC-LIC-01,TELEFONICA BRASIL S.A.,50409146447,10,48422023,1016256938,RUA ADOLFO BLOCH,,SP,3509502,5M00G7W,LTE,,,1867.5,1772.5,190,FB,,,760,"0",17.4,23,69,2,X,33,83071803257,40,-22.9632,-47.2013,G,9/17/2025,11/7/2024,,384d34d89a0499ff,12/22/2032,,,Campinas,,x
LIC-LIC-01,CLARO S.A.,50409105090,10,97692014,1016909443,RUA DERALDO MARQUES,,SP,3552403,10M0G7W,LTE,,,798,743,210,FB,,,760,,13.5,24,73,0,X,40,33782402519,79.43,-22.84553,-47.16853,G,9/11/2025,9/11/2025,,685534d8855bcc8d,12/8/2029,,,Sumaré,,x
LIC-LIC-01,CLARO S.A.,50409105090,10,97692014,1016909397,R ESCRIVA BEATO MONSENHOR,,SP,3509502,10M0G7W,LTE,,,798,743,240,FB,,,760,,13.5,24,73,0,X,40,33782402519,79.43,-22.9844,-47.12323,G,9/11/2025,9/11/2025,,cdfef4c879eb1be4,12/8/2029,,,Campinas,,x
LIC-LIC-01,CLARO S.A.,50409105090,10,34672011,1012635535,AV HELIO REALI,(LOTE 05 / QUADRA 06),SP,3554003,10M0G7W,LTE,,,2140,1950,60,FB,,,760,"9371303519",17.08,30,72.66,0,X,60,27191702519,60,-23.29789,-47.81472,G,9/23/2025,12/1/2021,,7f1c14d80b42e210,6/1/2026,,,Tatuí,,
LIC-LIC-01,CLARO S.A.,50409105090,10,34672011,1011756878,EST MUNICIPAL,ESTRADA MUNICIPAL TATUI - IPERO,SP,3554003,10M0G7W,LTE,,,2140,1950,240,FB,,,760,"56001603518",14.7,25,53,0,X,40,27191702519,60,-23.35132,-47.77399,G,9/23/2025,3/3/2021,,7f1c14d80b42e201,6/1/2026,,,Tatuí,,
LIC-LIC-01,CLARO S.A.,50409105090,10,34672011,1011756800,EST MUNICIPAL SAO SEBASTIAO G BUENO,SITIO SANTA CANDIDA,SP,3551603,10M0G7W,LTE,,,2140,1950,90,FB,,,760,"56001603518",14.7,25,53,0,X,33,27191702519,60,-22.61594,-46.73231,G,9/23/2025,3/3/2021,,7f1c14d80b42e1a4,6/1/2026,,,Serra Negra,,x
LIC-LIC-01,CLARO S.A.,50409105090,10,59592012,1001805051,R IX,,SP,3536505,20M0G7W,LTE,,,2640,2520,60,FB,,,760,"9371303519",16.96,30,63.58,0,X,33,43341501882,40,-22.76286,-47.19171,G,9/23/2025,8/11/2015,,7f1c14d80b42e147,10/18/2027,,,Paulínia,,x
LIC-LIC-01,CLARO S.A.,50409105090,10,34672011,1011756738,R DOUTOR CARLOS DE AGUIAR MAIA,,SP,3537107,10M0G7W,LTE,,,2140,1950,60,FB,,,760,"56001603518",14.7,25,53,0,X,36,27191702519,60,-22.72648,-46.90051,G,9/23/2025,3/3/2021,,7f1c14d80b42e135,6/1/2026,,,Pedreira,,x
LIC-LIC-01,CLARO S.A.,50409105090,10,97692014,1016908625,RODOVIA CASTELO BRANCO -  KM 61 5 KM 61 5 61,SÃO PAULO CATARINA AEROPORTO EXECUTIVO INTERNACIONAL,SP,3550605,10M0G7W,LTE,,,798,743,270,FB,,,760,,13.5,24,73,0,X,75,33782402519,79.43,-23.42065,-47.17842,G,9/11/2025,9/11/2025,,685534d8852f5e96,12/8/2029,,,São Roque,,
LIC-LIC-01,CLARO S.A.,50409105090,10,34672011,1011793633,RUA DOUTOR JOSE CARVALHO FERREIRA,,SP,3526902,10M0G7W,LTE,,,2140,1950,280,FB,,,760,"56001603518",14.7,25,53,-2,X,22.4,27191702519,60,-22.54334,-47.39021,G,9/19/2025,3/5/2021,,7f1c14d8bd98e9a9,6/1/2026,,,Limeira,,
LIC-LIC-01,CLARO S.A.,50409105090,10,34672011,1016093028,R ARLETE MARIA DE MARCHI,COND. CARAVELLE,SP,3552403,10M0G7W,LTE,,,2140,1950,240,FB,,,760,,17.4,22,59,0,X,51,27191702519,60,-22.82431,-47.26932,G,9/19/2025,9/18/2024,,7f1c14d8bd0acbd3,6/1/2026,,,Sumaré,,x
LIC-LIC-01,CLARO S.A.,50409105090,10,34672011,1011756851,EST SUMARE,,SP,3552403,10M0G7W,LTE,,,2140,1950,60,FB,,,760,"56001603518",14.7,25,53,0,X,51,27191702519,60,-22.89563,-47.29876,G,9/19/2025,3/3/2021,,7f1c14d8bd0acbc1,6/1/2026,,,Sumaré,,x
LIC-LIC-01,CLARO S.A.,50409105090,10,34672011,1016001441,R JOÃO BORGES RIBEIRO,,SP,3552205,10M0G7W,LTE,,,2140,1950,90,FB,,,760,,16.9,22,62,0,X,40,27191702519,60,-23.45752,-47.47173,G,9/19/2025,8/2/2024,,7f1c14d8bd0acbac,6/1/2026,,,Sorocaba,,
LIC-LIC-01,CLARO S.A.,50409105090,10,34672011,1011793722,AV UM,HOTEL VIVENDAS,SP,3543907,10M0G7W,LTE,,,2140,1950,340,FB,,,760,,16.9,22,62,0,X,52,27191702519,60,-22.41223,-47.56779,G,9/19/2025,3/5/2021,,7f1c14d8bd0acafb,6/1/2026,,,Rio Claro,,
LIC-LIC-01,CLARO S.A.,50409105090,10,34672011,1011793714,AV M 41,,SP,3543907,10M0G7W,LTE,,,2140,1950,230,FB,,,760,,16.9,22,62,0,X,70,27191702519,60,-22.37388,-47.55633,G,9/19/2025,3/5/2021,,7f1c14d8bd0acae9,6/1/2026,,,Rio Claro,,
LIC-LIC-01,CLARO S.A.,50409105090,10,34672011,1011793706,R 8,,SP,3543907,10M0G7W,LTE,,,2140,1950,50,FB,,,760,,16.9,22,62,0,X,35,27191702519,60,-22.39183,-47.57173,G,9/19/2025,3/5/2021,,7f1c14d8bd0acad7,6/1/2026,,,Rio Claro,,
LIC-LIC-01,CLARO S.A.,50409105090,10,34672011,1011751523,ROD GOV DR ADHEMAR PEREIRA DE BARROS,DIST INDL II LUIZ TORRANI,SP,3530805,10M0G7W,LTE,,,2140,1950,240,FB,,,760,"56001603518",14.7,25,53,-1,X,60,27191702519,60,-22.48259,-46.98196,G,9/19/2025,3/3/2021,,7f1c14d8bd0acac2,6/1/2026,,,Mogi Mirim,,
LIC-LIC-01,CLARO S.A.,50409105090,10,34672011,1011751507,R CAETANO SCHINCARIOL,,SP,3530805,10M0G7W,LTE,,,2140,1950,280,FB,,,760,"56001603518",14.7,25,53,0,X,30,27191702519,60,-22.457,-46.9676,G,9/19/2025,3/3/2021,,7f1c14d8bd0acaad,6/1/2026,,,Mogi Mirim,,
LIC-LIC-01,CLARO S.A.,50409105090,10,34672011,1011793650,R DR. TRAJANO DE BARROS CAMARGO,EDIFICIO  OURO PRETO,SP,3526902,10M0G7W,LTE,,,2140,1950,240,FB,,,760,"56001603518",14.7,25,53,-3,X,36.8,27191702519,60,-22.55505,-47.41054,G,9/19/2025,3/5/2021,,7f1c14d8bd0aca9b,6/1/2026,,,Limeira,,
LIC-LIC-01,CLARO S.A.,50409105090,10,97692014,1016896600,RUA APARECIDO ANTONIO DE OLIVEIRA,,SP,3500303,10M0G7W,LTE,,,798,743,230,FB,,,760,,13.5,24,73,0,X,40,33782402519,79.43,-22.04439,-46.97554,G,9/4/2025,9/4/2025,,685534d8858565c0,12/8/2029,,,Aguaí,,
LIC-LIC-01,CLARO S.A.,50409105090,10,97692014,1016896597,AVENIDA 46,,SP,3543907,10M0G7W,LTE,,,798,743,250,FB,,,760,,13.5,24,73,0,X,40.55,33782402519,79.43,-22.39505,-47.58318,G,9/4/2025,9/4/2025,,685534d88556253a,12/8/2029,,,Rio Claro,,
LIC-LIC-01,CLARO S.A.,50409105090,10,34672011,1007421069,AV JOHN BOYD DUMLOP,,SP,3509502,10M0G7W,LTE,,,2140,1950,290,FB,,,760,,21.3,28,11,0,X,17,35912402519,60,-22.91173,-47.09672,G,9/4/2025,10/26/2018,,cdfef4c856e6b667,6/1/2026,,,Campinas,,x
LIC-LIC-01,CLARO S.A.,50409105090,10,34672011,690399162,AV JOHN BOYD DUNLOP,,SP,3509502,10M0G7W,LTE,,,2140,1950,260,FB,,,760,"27331703519",16.16,26,66.76,0,X,18,27191702519,60,-22.91119,-47.09661,G,9/4/2025,7/31/2008,,cdfef4c856e6b616,6/1/2026,,,Campinas,,x
LIC-LIC-01,CLARO S.A.,50409105090,10,34672011,1011758056,RUA DR. PEDRO DE ARAUJO,,SP,3501905,10M0G7W,LTE,,,2140,1950,250,FB,,,760,"56001603518",14.7,25,53,0,X,42,6801103257,36.98,-22.68985,-46.73958,G,9/18/2025,3/3/2021,,7f1c14d8f0876612,6/1/2026,,,Amparo,,x
LIC-LIC-01,CLARO S.A.,50409105090,10,34672011,1011758048,RODOVIA PREFEITO AZIZ LIAN,,SP,3501905,10M0G7W,LTE,,,2140,1950,240,FB,,,760,"56001603518",14.7,25,53,0,X,55,27191702519,60,-22.66407,-46.89707,G,9/18/2025,3/3/2021,,7f1c14d8f08765ff,6/1/2026,,,Amparo,,x
LIC-LIC-01,CLARO S.A.,50409105090,10,34672011,1015830002,AVENIDA 3 DE MAIO,,SP,3511607,10M0G7W,LTE,,,2140,1950,220,FB,,,760,,17.4,22,59,0,X,21,27191702519,60,-23.21563,-47.97038,G,9/17/2025,6/3/2024,,7f1c14d8eb6d0f54,6/1/2026,,,Cesário Lange,,
LIC-LIC-01,CLARO S.A.,50409105090,10,34672011,684823764,AVENIDA GETÚLIO VARGAS,,SP,3545209,10M0G7W,LTE,,,2140,1950,220,FB,,,760,"8541105344",16.97,34.65,71.05,0,X,52,39201301882,60,-23.1878,-47.312,G,9/16/2025,12/15/2004,,7f1c14d8e5bad021,6/1/2026,,,Salto,,x
LIC-LIC-01,CLARO S.A.,50409105090,10,97692014,1016896481,AVENIDA HENRICH REISMANN,ACESSO DA RODOVIA D.PEDRO I,SP,3507100,10M0G7W,LTE,,,798,743,265,FB,,,760,,13.5,24,73,0,X,51,33782402519,79.43,-23.11824,-46.48323,G,9/4/2025,9/4/2025,,685534d8852b1f3b,12/8/2029,,,Bom Jesus dos Perdões,,
LIC-LIC-01,CLARO S.A.,50409105090,10,46662011,1016896473,EST MUNICIPAL TOMOTERU TAKASE,SITIO SANTA VIRGINIA,SP,3504107,2M50G7W,LTE,,,892.75,847.75,360,FB,,,168,,11,25,360,0,V,18,75462401647,60,-23.01597,-46.64269,G,9/4/2025,9/4/2025,,685534d8852b1f36,8/6/2027,,,Atibaia,,
LIC-LIC-01,CLARO S.A.,50409105090,10,34672011,1011758021,RODOVIA PREFEITO AZIZ LIAN,,SP,3503802,10M0G7W,LTE,,,2140,1950,300,FB,,,760,,16.9,22,62,0,X,70,27191702519,60,-22.59097,-47.11989,G,9/8/2025,3/3/2021,,7f1c14d8bd9c0623,6/1/2026,,,Artur Nogueira,,
LIC-LIC-01,CLARO S.A.,50409105090,10,34672011,1011756843,R CARIJOS,,SP,3545803,10M0G7W,LTE,,,2140,1950,60,FB,,,760,,16.9,22,62,0,X,21,27191702519,60,-22.75949,-47.39492,G,9/8/2025,3/3/2021,,7f1c14d8bd043952,6/1/2026,,,Santa Bárbara d'Oeste,,x
LIC-LIC-01,CLARO S.A.,50409105090,10,34672011,1011751590,ROD FAUSTO SANTOMAURO,SP-127,SP,3538709,10M0G7W,LTE,,,2140,1950,220,FB,,,760,"56001603518",14.7,25,53,0,X,81,27191702519,60,-22.60998,-47.59571,G,9/8/2025,3/3/2021,,7f1c14d8bd0438f6,6/1/2026,,,Piracicaba,,x
LIC-LIC-01,CLARO S.A.,50409105090,10,34672011,1011751493,R RUBENS DA SILVA TAVEIRA,,SP,3530805,10M0G7W,LTE,,,2140,1950,310,FB,,,760,,16.9,22,62,0,X,16,27191702519,60,-22.40205,-46.95151,G,9/8/2025,3/3/2021,,7f1c14d8bd0438e7,6/1/2026,,,Mogi Mirim,,
LIC-LIC-01,CLARO S.A.,50409105090,10,34672011,1011763688,ROD SP 340,ADEMAR DE BARROS - FAZENDA TAQUARANTÃ,SP,3530706,10M0G7W,LTE,,,2140,1950,350,FB,,,760,,16.9,22,62,0,X,45,27191702519,60,-22.14493,-46.99493,G,9/8/2025,2/25/2021,,7f1c14d8bd0438d8,6/1/2026,,,Mogi Guaçu,,
LIC-LIC-01,CLARO S.A.,50409105090,10,97692014,1016866140,RUA ESTRELA DO OESTE,,SP,3538709,10M0G7W,LTE,,,798,743,250,FB,,,760,,13.5,24,73,-2,X,40,33782402519,79.43,-22.76134,-47.60959,G,8/25/2025,8/25/2025,,cdfef4c83d164dd2,12/8/2029,,,Piracicaba,,x
LIC-LIC-01,CLARO S.A.,50409105090,10,97692014,1016857184,RUA BRAS CUBAS,,SP,3509007,10M0G7W,LTE,,,798,743,265,FB,,,760,,13.5,24,73,0,X,40,33782402519,79.43,-23.34633,-46.7473,G,8/18/2025,8/18/2025,,cdfef4c82db9979c,12/8/2029,,,Caieiras,,
LIC-LIC-01,CLARO S.A.,50409105090,10,34672011,1016866132,AV ENG JOAO FERNANDES GIMENES MOLINA,,SP,3525904,10M0G7W,LTE,,,2140,1950,0,FB,,,168,,3,0,360,0,V,3,27191702519,60,-23.15712,-46.94893,G,8/25/2025,8/25/2025,,cdfef4c8663f4a57,6/1/2026,,,Jundiaí,,x
LIC-LIC-01,CLARO S.A.,50409105090,10,97692014,1016866108,ESTRADA MUNICIPAL ETSUO AKAI,ACESSO ROD. PEDRO I KM 86 - TAUÁ RESORT ATIBAIA,SP,3504107,10M0G7W,LTE,,,798,743,260,FB,,,760,,13.4,21,68,0,X,18,33782402519,79.43,-23.05682,-46.66063,G,8/25/2025,8/25/2025,,cdfef4c83d3eac30,12/8/2029,,,Atibaia,,
LIC-LIC-01,CLARO S.A.,50409105090,10,34672011,692578706,RUA ELBA,LOTE 02 QUADRA 01,SP,3545209,10M0G7W,LTE,,,2140,1950,225,FB,,,760,"9371303519",17.08,30,72.66,-4,X,40,39201301882,60,-23.16547,-47.31215,G,8/28/2025,7/27/2010,,685534d8851e1dc8,6/1/2026,,,Salto,,x
LIC-LIC-01,TELEFONICA BRASIL S.A.,50409146447,10,166262022,1016854924,RODOVIA ENGENHEIRO ERMENIO DE OLIVEIRA PENTEADO,,SP,3520509,10M0G7W,LTE,,,2150,1960,240,FB,,,168,"0",0,0,0,0,V,3,83071803257,40,-23.089728,-47.180258,G,8/15/2025,8/15/2025,,dec3f4c813ef7a2f,12/22/2032,,,Indaiatuba,,x
LIC-LIC-01,TELEFONICA BRASIL S.A.,50409146447,10,166262022,1014690169,RUA FLORIANO ALVES DA COSTA,,SP,3550308,10M0G7W,LTE,,,2150,1960,140,FB,,,760,"56001603518",17.5,25,65,2,X,32.5,35912402519,40,-23.427881,-46.797819,G,8/15/2025,2/9/2023,,dec3f4c813ef7a0d,12/22/2032,,,São Paulo,,
LIC-LIC-01,TELEFONICA BRASIL S.A.,50409146447,10,97432014,1016854819,ESTRADA MUNICIPAL GIOVANNI BATTISTA PIRELLI,GLEBA B1-C1 - KM 3.3,SP,3514908,10M0G7W,LTE,,,788,733,240,FB,,,760,"0",15,21,70.7,2,X,34,48811903257,40,-23.15561,-47.4062,G,8/15/2025,8/15/2025,,dec3f4c813ef7906,12/8/2029,,,Elias Fausto,,x
LIC-LIC-01,TELEFONICA BRASIL S.A.,50409146447,10,48412023,1015799830,RUA DIEGO VELASQUEZ,LOTE 25,SP,3550308,10M0G7W,LTE,,,2160,1970,280,FB,,,760,"56001603518",17.5,25,65,3,X,38.5,56351705894,40,-23.42983,-46.78986,G,8/15/2025,5/13/2024,,dec3f4c813ef78e8,4/29/2038,,,São Paulo,,
LIC-LIC-01,TELEFONICA BRASIL S.A.,50409146447,10,48412023,1016256571,IPIRANGA,,SP,3501608,10M0G7W,LTE,,,2160,1970,350,FB,,,760,"0",17.5,25,65,2,X,52,83071803257,40,-22.7395,-47.334186,G,8/15/2025,11/7/2024,,dec3f4c813ef77e6,4/29/2038,,,Americana,,x
LIC-LIC-01,TELEFONICA BRASIL S.A.,50409146447,10,97432014,1012806534,RUA UBIRAJARA DONIZETE DE ANDRADE,,SP,3550308,10M0G7W,LTE,,,788,733,350,FB,,,760,"1.29E+11",13.9,33,74,2,X,38.5,39452402519,40,-23.440686,-46.791784,G,8/15/2025,2/8/2022,,dec3f4c813ef77a1,12/8/2029,,,São Paulo,,
LIC-LIC-01,CLARO S.A.,50409105090,10,97692014,1016858423,R DAS FLORES,,SP,3503307,10M0G7W,LTE,,,798,743,30,FB,,,760,,13.5,24,73,2,X,40,33782402519,79.43,-22.36863,-47.4051,G,8/19/2025,8/19/2025,,360bf4c80dfc780b,12/8/2029,,,Araras,,
LIC-LIC-01,CLARO S.A.,50409105090,10,97692014,692734112,RUA ERNESTO PORTANTE,,SP,3538709,10M0G7W,LTE,,,798,743,230,FB,,,760,"27331703519",14.1,25,66.56,0,X,29,33782402519,79.43,-22.74284,-47.62154,G,8/19/2025,9/1/2010,,9003f4c8c2191505,12/8/2029,,,Piracicaba,,x
LIC-LIC-01,CLARO S.A.,50409105090,10,97692014,1016858393,R OLINDO MAZURCHI,LOTE 16 QUADRA 17,SP,3523909,10M0G7W,LTE,,,798,743,245,FB,,,760,,13.5,24,73,0,X,38,33782402519,79.43,-23.40491,-47.35189,G,1/7/2026,8/19/2025,,cdfef4c83d37ce10,12/8/2029,,,Itu,,x
LIC-LIC-01,CLARO S.A.,50409105090,10,97692014,1016858377,RUA PAULO HONDA,AO LADO DO N° 124,SP,3523909,10M0G7W,LTE,,,798,743,295,FB,,,760,,13.5,24,73,0,X,40,33782402519,79.43,-23.28324,-47.3089,G,8/19/2025,8/19/2025,,cdfef4c82d2da50d,12/8/2029,,,Itu,,x
LIC-LIC-01,CLARO S.A.,50409105090,10,97692014,1016858300,RUA 15,ANTIGA RUA 15 (LT 17 QD 17) EM FRENTE N°164,SP,3516309,10M0G7W,LTE,,,798,743,285,FB,,,760,,13.5,24,73,0,X,40,33782402519,79.43,-23.26672,-46.72424,G,9/11/2025,8/19/2025,,2a09f4c819642db2,12/8/2029,,,Francisco Morato,,
LIC-LIC-01,CLARO S.A.,50409105090,10,105752021,686130588,ESTRADA DE IPANEMA,AO LADO Nº 2805 (COND VALVILLE I E II),SP,3547304,20M0G7W,LTE,,,2325,2325,235,FB,,,760,"2.22E+11",25,25,65,5,X,63,222000000000,160,-23.4441,-46.8829,G,8/19/2025,1/27/2005,,2a09f4c8182ac384,12/8/2041,,,Santana de Parnaíba,,
LIC-LIC-01,CLARO S.A.,50409105090,10,105752021,1016858202,RUA CASTRO ALVES,ESQ C/ RUA ANTONIO DE LIMA,SP,3507605,20M0G7W,LTE,,,2325,2325,270,FB,,,760,"2.22E+11",25,25,65,1,X,40,222000000000,160,-22.95243,-46.53213,G,8/19/2025,8/19/2025,,360bf4c80e61de61,12/8/2041,,,Bragança Paulista,,
LIC-LIC-01,CLARO S.A.,50409105090,10,46622011,1016852859,RUA MARISA CARRIEL DA FONSECA,,SP,3554003,10M0G7W,LTE,,,1875,1780,60,FB,,,760,"44181403519",16.34,29,72.61,0,X,34,12111805894,40,-23.31681,-47.82616,G,8/13/2025,8/13/2025,,cdfef4c831df397f,3/31/2028,,,Tatuí,,
LIC-LIC-01,CLARO S.A.,50409105090,10,97692014,1016849262,RUA GENERAL OSORIO,,SP,3526902,10M0G7W,LTE,,,798,743,220,FB,,,760,,13.5,24,73,2,X,40,33782402519,79.43,-22.55611,-47.39336,G,8/11/2025,8/11/2025,,9003f4c8b25cf59c,12/8/2029,,,Limeira,,
LIC-LIC-01,CLARO S.A.,50409105090,10,97692014,1016849246,RUA ARCEBISPO DOM LUCIANO MENDES DE ALMEIDA,,SP,3509502,10M0G7W,LTE,,,798,743,240,FB,,,760,,13.5,24,73,2,X,28,33782402519,79.43,-22.97699,-47.06811,G,8/11/2025,8/11/2025,,9003f4c8b25cf578,12/8/2029,,,Campinas,,x
LIC-LIC-01,TELEFONICA BRASIL S.A.,50409146447,10,48422023,1016844023,ROD. ALKINDAR MONTEIRO JUNQUEIRA  KM 39 5,,SP,3523404,5M00G7W,LTE,,,1867.5,1772.5,170,FB,,,760,"0",0,0,0,0,X,12,35912402519,40,-22.940904,-46.704335,G,8/7/2025,8/7/2025,,2a09f4c8190be20f,12/22/2032,,,Itatiba,,x
LIC-LIC-01,CLARO S.A.,50409105090,10,97692014,1016829199,RUA SEBASTIÃO ALVES,ESQ C/  RUA BENEDITO FERNANDES REZENDE,SP,3530706,10M0G7W,LTE,,,798,743,250,FB,,,760,,13.5,24,73,2,X,26.8,33782402519,79.43,-22.3294,-46.91763,G,7/30/2025,7/30/2025,,9003f4c8b26a1030,12/8/2029,,,Mogi Guaçu,,
LIC-LIC-01,CLARO S.A.,50409105090,10,46622011,1016829156,RUA PIAPARA,,SP,3512308,2M50G7W,LTE,,,892.75,847.75,0,FB,,,168,,11,25,360,0,V,9,75462401647,60,-22.83097,-48.10036,G,7/30/2025,7/30/2025,,9003f4c8b26a1017,3/31/2028,,,Conchas,,
LIC-LIC-01,CLARO S.A.,50409105090,10,97692014,1016829148,RUA OSWALDO LEITE DE LIMA,AO LADO Nº 150,SP,3507001,10M0G7W,LTE,,,798,743,230,FB,,,760,,13.5,24,73,0,X,40,33782402519,79.43,-23.27546,-47.67878,G,7/30/2025,7/30/2025,,9003f4c8b26a1013,12/8/2029,,,Boituva,,x
LIC-LIC-01,CLARO S.A.,50409105090,10,97692014,1016840257,RUA JOAQUIM PUPO,,SP,3520509,10M0G7W,LTE,,,798,743,260,FB,,,760,,13.5,24,73,2,X,39,33782402519,79.43,-23.13427,-47.22569,G,8/5/2025,8/5/2025,,02598c088d9a3583,12/8/2029,,,Indaiatuba,,x
LIC-LIC-01,TELEFONICA BRASIL S.A.,50409146447,10,97432014,1011329830,AVENIDA 24 A,,SP,3543907,10M0G7W,LTE,,,788,733,270,FB,,,760,"56001603518",14.6,25,68,2,X,50,104000000000,40,-22.399214,-47.557008,G,8/4/2025,10/23/2020,,02598c0875fa6f65,12/8/2029,,,Rio Claro,,
LIC-LIC-01,TELEFONICA BRASIL S.A.,50409146447,10,48412023,441564631,RODOVIA VIA ANHANGUERA,KM 154 SP 330 FAZENDA SANTO ANTÔNIO DO BARREIRO,SP,3512407,10M0G7W,LTE,,,2160,1970,325,FB,,,760,"56001603518",17.2,30,60,2,X,59,83071803257,40,-22.499894,-47.397747,G,8/4/2025,12/15/1999,,02598c0875fa6f0b,4/29/2038,,,Cordeirópolis,,
LIC-LIC-01,TELEFONICA BRASIL S.A.,50409146447,10,97432014,441553192,AVENIDA 2,,SP,3543907,10M0G7W,LTE,,,788,733,260,FB,,,760,"44181403519",14.2,32,58,2,X,34,104000000000,40,-22.409047,-47.561056,G,8/4/2025,12/15/1999,,02598c0875fa6ea1,12/8/2029,,,Rio Claro,,
LIC-LIC-01,TELEFONICA BRASIL S.A.,50409146447,10,48412023,1016836950,RUA CALIMÉRIO PAES DE CAMPOS  227  CHÁCARA LUCÍLIA  AMERICANA/SP  13475-412,,SP,3501608,10M0G7W,LTE,,,2160,1970,240,FB,,,760,"38661703257",17.6,25,64,2,X,50,83071803257,40,-22.70852,-47.273105,G,8/4/2025,8/4/2025,,02598c0875fa6e65,4/29/2038,,,Americana,,x
LIC-LIC-01,TELEFONICA BRASIL S.A.,50409146447,10,48422023,1016836942,ALAMEDA ARAUCARIAS  S/Nº LOTE 88 QD. B,,SP,3525201,5M00G7W,LTE,,,1867.5,1772.5,220,FB,,,760,"0",0,0,0,2,X,47.3,35912402519,40,-22.993164,-46.712031,G,8/4/2025,8/4/2025,,02598c0875fa6e38,12/22/2032,,,Jarinu,,
LIC-LIC-01,TELEFONICA BRASIL S.A.,50409146447,10,59072012,1016836934,RUA DOM LINO DEODATO DE CARVALHO  484,,SP,3509502,20M0G7W,LTE,,,2680,2560,240,FB,,,760,"4521703257",18.1,28,60,2,X,36,209000000000,40,-22.917492,-47.047053,G,8/4/2025,8/4/2025,,02598c0875fa6e16,10/18/2027,,,Campinas,,x
LIC-LIC-01,TELEFONICA BRASIL S.A.,50409146447,10,48412023,1016836918,MARIO MORO  SN,,SP,3545803,10M0G7W,LTE,,,2160,1970,340,FB,,,760,"38661703257",17.6,25,64,2,X,53,83071803257,40,-22.762084,-47.465189,G,8/4/2025,8/4/2025,,02598c0875d99cce,4/29/2038,,,Santa Bárbara d'Oeste,,x
LIC-LIC-01,TELEFONICA BRASIL S.A.,50409146447,10,59072012,1016836888,ARGEU BITTENCOURT ALVES  102,,SP,3509502,20M0G7W,LTE,,,2680,2560,290,FB,,,760,"4521703257",18.1,28,60,2,X,41,209000000000,40,-22.9635,-47.04469,G,8/4/2025,8/4/2025,,02598c0875d99c90,10/18/2027,,,Campinas,,x
LIC-LIC-01,TELEFONICA BRASIL S.A.,50409146447,10,59072012,1007660861,Avenida Navarro de Andrade,,SP,3525904,20M0G7W,LTE,,,2680,2560,310,FB,,,760,"56001603518",17.5,30,57,2,X,38,45621602519,40,-23.138444,-46.910967,G,8/4/2025,11/14/2018,,02598c0875d99c4e,10/18/2027,,,Jundiaí,,x
LIC-LIC-01,TELEFONICA BRASIL S.A.,50409146447,10,48422023,1016836764,ROD. ANHANGUERA  KM 30 5,,SP,3509205,5M00G7W,LTE,,,1867.5,1772.5,0,FB,,,760,"0",0,0,0,0,X,4,35912402519,40,-23.40065,-46.829769,G,8/4/2025,8/4/2025,,02598c0875d99b46,12/22/2032,,,Cajamar,,
LIC-LIC-01,TELEFONICA BRASIL S.A.,50409146447,10,48412023,1015800367,RUA EMÍLIO ANTONON,,SP,3525904,10M0G7W,LTE,,,2160,1970,250,FB,,,760,"56001603518",17.5,25,65,2,X,40,35912402519,40,-23.18331,-46.94039,G,8/4/2025,5/13/2024,,02598c0875d99b35,4/29/2038,,,Jundiaí,,x
LIC-LIC-01,TELEFONICA BRASIL S.A.,50409146447,10,97432014,442159641,RODOVIA DEPUTADO MARIO BENI,KM 186 SP 340 SÍTIO ITAQUI,SP,3530706,10M0G7W,LTE,,,788,733,210,FB,,,760,"56001603518",13.5,25,63,4,X,60,104000000000,40,-22.223331,-46.980278,G,8/4/2025,12/15/1999,,02598c08753ff16c,12/8/2029,,,Mogi Guaçu,,
LIC-LIC-01,TELEFONICA BRASIL S.A.,50409146447,10,97432014,1007662724,ESTRADA MUNICIPAL LOUVEIRA TRAVIU,,SP,3527306,10M0G7W,LTE,,,788,733,240,FB,,,760,"0",13.8,22,70,6,X,23,104000000000,40,-23.107044,-46.956258,G,8/4/2025,11/13/2018,,02598c08753ff156,12/8/2029,,,Louveira,,x
LIC-LIC-01,TELEFONICA BRASIL S.A.,50409146447,10,59072012,1014954484,RUA SANTANA,CONDOMÍNIO EDIFÍCIO LARANJEIRAS,SP,3526902,15M0G7W,LTE,,,2680,2560,180,FB,,,760,"4521703257",18.1,27,60,2,X,31.5,58221803257,40,-22.554747,-47.396019,G,8/4/2025,6/5/2023,,02598c08753ff153,10/18/2027,,,Limeira,,
LIC-LIC-01,TELEFONICA BRASIL S.A.,50409146447,10,97432014,441562094,RUA PARÁ,,SP,3526902,10M0G7W,LTE,,,788,733,340,FB,,,760,"44181403519",14.2,32,58,3,X,42,48811903257,40,-22.575814,-47.405678,G,8/4/2025,12/15/1999,,02598c08753ff14a,12/8/2029,,,Limeira,,
LIC-LIC-01,TELEFONICA BRASIL S.A.,50409146447,10,97432014,687635055,ESTRADA  MUNICIPAL DO PINHAL,RBR-SIM,SP,3526902,10M0G7W,LTE,,,788,733,210,FB,,,760,"0",13.8,22,70,1,X,35,104000000000,40,-22.55075,-47.356942,G,8/4/2025,12/1/2005,,02598c08753ff0f3,12/8/2029,,,Limeira,,
LIC-LIC-01,TELEFONICA BRASIL S.A.,50409146447,10,105802021,1015800260,AVENIDA DOUTOR ANTÔNIO JOÃO ABDALA,,SP,3509205,40M0G7W,LTE,,,2370,2370,330,FB,,,760,"33892302519",25,25,65,2,X,58.5,33892302519,40,-23.34416,-46.84736,G,8/4/2025,5/13/2024,,02598c08753ff0e3,12/8/2041,,,Cajamar,,
LIC-LIC-01,TELEFONICA BRASIL S.A.,50409146447,10,59072012,1016836624,RUA HOLAMBRA (PRQ RES JORDANÉSIA)  222,LOTE 30 QUADRA I,SP,3509205,20M0G7W,LTE,,,2680,2560,280,FB,,,760,"0",0,0,0,2,X,40,56351705894,40,-23.340936,-46.822821,G,8/4/2025,8/4/2025,,02598c08753ff0a6,10/18/2027,,,Cajamar,,
LIC-LIC-01,TELEFONICA BRASIL S.A.,50409146447,10,48422023,683350439,AVENIDA IGUATEMI,SHOPPING CENTER IGUATEMI,SP,3509502,5M00G7W,LTE,,,1867.5,1772.5,0,FB,,,760,"0",0,0,0,0,X,4,83071803257,40,-22.892883,-47.027383,G,8/4/2025,5/23/2003,,02598c08753fefaa,12/22/2032,,,Campinas,,x
LIC-LIC-01,TELEFONICA BRASIL S.A.,50409146447,10,97432014,1003657998,Rodovia Engenheiro Constâncio Cintra,,SP,3523404,10M0G7W,LTE,,,788,733,80,FB,,,760,"0",0,0,0,0,X,10,39452402519,40,-23.100139,-46.813681,G,8/4/2025,12/28/2016,,02598c08753fefa6,12/8/2029,,,Itatiba,,x
LIC-LIC-01,TELEFONICA BRASIL S.A.,50409146447,10,48412023,699340152,Estrada Vicinal Santa Maria da Serra x Torrinha,FAZENDA BELA ALIANÇA,SP,3554706,10M0G7W,LTE,,,2160,1970,270,FB,,,760,"24731703257",15.3,25,62,6,X,55,83071803257,40,-22.515642,-48.128478,G,8/4/2025,2/12/2014,,02598c087526955a,4/29/2038,,,Torrinha,,
LIC-LIC-01,TELEFONICA BRASIL S.A.,50409146447,10,97432014,1003170100,ESTRADA MUNICIPAL PFZ,ACESSO PELA RODOVIA PRESIDENTE CASTELLO BRANCO  KM 102 5 SP 280,SP,3540606,10M0G7W,LTE,,,788,733,290,FB,,,760,"0",13.8,22,70,0,X,17,104000000000,40,-23.365869,-47.565061,G,8/4/2025,8/23/2016,,02598c087526954b,12/8/2029,,,Porto Feliz,,x
LIC-LIC-01,TELEFONICA BRASIL S.A.,50409146447,10,48412023,1016836390,SP 478-ROD.EMERCIANO PRESTES DE BARROS  KM12,FAZENDA VILLAGE VISTA ALEGRE,SP,3540606,10M0G7W,LTE,,,2160,1970,360,FB,,,760,"0",17.5,25,65,0,X,24,83071803257,40,-23.366767,-47.534969,G,8/4/2025,8/4/2025,,02598c0875269545,4/29/2038,,,Porto Feliz,,x
LIC-LIC-01,TELEFONICA BRASIL S.A.,50409146447,10,48422023,1016836381,RUA CACAPAVA  SN,,SP,3516309,5M00G7W,LTE,,,1867.5,1772.5,240,FB,,,760,"0",0,0,0,2,X,25,35912402519,40,-23.2952,-46.74143,G,8/4/2025,8/4/2025,,02598c0875269533,12/22/2032,,,Francisco Morato,,
LIC-LIC-01,TELEFONICA BRASIL S.A.,50409146447,10,166262022,688884946,RUA 1  S/N,X RUA DJALMA INÁCIO FURTADO - CHÁCARA VISTA LINDA,SP,3509502,10M0G7W,LTE,,,1855,1760,20,FB,,,760,"44181403519",15.1,29,62,5,X,40,83071803257,40,-22.955167,-47.025528,G,8/4/2025,12/19/2006,,02598c0875269523,12/22/2032,,,Campinas,,x
LIC-LIC-01,TELEFONICA BRASIL S.A.,50409146447,10,48422023,1016836373,RUA DAS GAIVOTEAS  S/N - (ROTATÓRIA),CONDOMINIO FAZENDA VILA REAL,SP,3523909,5M00G7W,LTE,,,1867.5,1772.5,50,FB,,,760,"0",0,0,0,0,X,11,35912402519,40,-23.265572,-47.376737,G,8/4/2025,8/4/2025,,02598c0875269514,12/22/2032,,,Itu,,x
LIC-LIC-01,TELEFONICA BRASIL S.A.,50409146447,10,48422023,1016836365,RUA DAS ROLINHAS  S/N (ROTATÓRIA) - CONDOMÍNIO FAZENDA VILA REAL,ACESSO ATRAVÉS DA RODOVIA MARECHAL RONDON  KM 113,SP,3523909,5M00G7W,LTE,,,1867.5,1772.5,250,FB,,,760,"0",0,0,0,0,X,11,35912402519,40,-23.259882,-47.367588,G,8/4/2025,8/4/2025,,02598c087526950f,12/22/2032,,,Itu,,x
LIC-LIC-01,TELEFONICA BRASIL S.A.,50409146447,10,48422023,1016836357,RUA DOS JUTITIS  S/N (ROTATÓRIA),CONDOMINIO FAZENDA VILA REAL,SP,3523909,5M00G7W,LTE,,,1867.5,1772.5,260,FB,,,760,"0",0,0,0,0,X,20,35912402519,40,-23.25621,-47.3621,G,8/4/2025,8/4/2025,,02598c087526950a,12/22/2032,,,Itu,,x
LIC-LIC-01,TELEFONICA BRASIL S.A.,50409146447,10,48422023,1016836349,RUA DAS ROLINHAS  S/N (ROTATÓRIA) - CONDOMÍNIO FAZENDA VILA REAL,ACESSO ATRAVÉS DA RODOVIA MARECHAL RONDON  KM 113,SP,3523909,5M00G7W,LTE,,,1867.5,1772.5,10,FB,,,760,"0",0,0,0,0,X,11,35912402519,40,-23.259236,-47.3776,G,8/4/2025,8/4/2025,,02598c0875269505,12/22/2032,,,Itu,,x
LIC-LIC-01,TELEFONICA BRASIL S.A.,50409146447,10,48422023,1016836330,RUA COTOVIAS  S/N (ACESSO A ROTATORIA  AREA VERDE COM A R: DOS PIXOXOS,FAZENDA VILA REAL,SP,3523909,5M00G7W,LTE,,,1867.5,1772.5,70,FB,,,760,"0",0,0,0,0,X,13,35912402519,40,-23.257793,-47.383731,G,8/4/2025,8/4/2025,,02598c0875269500,12/22/2032,,,Itu,,x
LIC-LIC-01,TELEFONICA BRASIL S.A.,50409146447,10,48422023,1016836322,RUA MANUEL BERNARDO DA SILVA,,SP,3516309,5M00G7W,LTE,,,1867.5,1772.5,330,FB,,,760,"0",0,0,0,2,X,48.4,35912402519,40,-23.280044,-46.737303,G,8/4/2025,8/4/2025,,02598c08752694ec,12/22/2032,,,Francisco Morato,,
LIC-LIC-01,TELEFONICA BRASIL S.A.,50409146447,10,48412023,1009194116,Estrada da Glória,,SP,3523909,10M0G7W,LTE,,,2160,1970,250,FB,,,760,"1.29E+11",15.8,32,56,1,X,53,83192102519,40,-23.264264,-47.390992,G,8/4/2025,10/2/2019,,02598c08752694d1,4/29/2038,,,Itu,,x
LIC-LIC-01,TELEFONICA BRASIL S.A.,50409146447,10,59072012,413164284,RODOVIA ANTÔNIO ROMANO SCHINCARIOL,KM 124 SP 127,SP,3554003,15M0G7W,LTE,,,2680,2560,285,FB,,,760,"56001603518",17.5,30,57,1,X,55,58221803257,40,-23.398358,-47.926469,G,8/4/2025,12/15/1999,,02598c08752694a8,10/18/2027,,,Tatuí,,
LIC-LIC-01,TELEFONICA BRASIL S.A.,50409146447,10,48422023,1016836314,AV. SENADOR MARCOS FREIRE  N° 350,,SP,3549102,5M00G7W,LTE,,,1867.5,1772.5,350,FB,,,760,"72052203257",0,0,0,0,X,8,72052203257,40,-21.978906,-46.774728,G,8/4/2025,8/4/2025,,02598c0875269487,12/22/2032,,,São João da Boa Vista,,
LIC-LIC-01,TELEFONICA BRASIL S.A.,50409146447,10,97432014,1013193838,RUA GIUSEPPE MÁXIMO SCOLFARO,GLEBA 75 QUARTEIRÃO 30007,SP,3509502,10M0G7W,LTE,,,788,733,240,FB,,,168,"0",0,0,0,0,V,4,48811903257,40,-22.804356,-47.059481,G,8/4/2025,6/21/2022,,02598c0875269451,12/8/2029,,,Campinas,,x
LIC-LIC-01,TELEFONICA BRASIL S.A.,50409146447,10,48412023,691929777,ESTRADA PROFESSOR DOUTOR AGENOR MONDADORI,,SP,3515186,10M0G7W,LTE,,,2160,1970,260,FB,,,760,"0",17.5,25,65,3,X,54,83071803257,40,-22.135785,-46.741234,G,8/4/2025,2/1/2010,,02598c0875269430,4/29/2038,,,Espírito Santo do Pinhal,,x
LIC-LIC-01,TELEFONICA BRASIL S.A.,50409146447,10,59072012,1016836012,RODOVIA DOM PEDRO I KM 118  SN,,SP,3509502,20M0G7W,LTE,,,2680,2560,280,FB,,,760,"44181403519",16.9,32,58,4,X,57,58221803257,40,-22.9232,-46.9288,G,8/4/2025,8/4/2025,,02598c086eddfd01,10/18/2027,,,Campinas,,x
LIC-LIC-01,TELEFONICA BRASIL S.A.,50409146447,10,48412023,1016835962,AVENIDA LUIZ DE PAULA  Nº 145,,SP,3509502,10M0G7W,LTE,,,2160,1970,300,FB,,,760,"0",17.9,24,64,2,X,44,83071803257,40,-22.8695,-46.96741,G,8/4/2025,8/4/2025,,02598c086eddfc60,4/29/2038,,,Campinas,,x
LIC-LIC-01,TELEFONICA BRASIL S.A.,50409146447,10,48412023,1016030816,AVENIDA DOUTOR ANTONIO JOÃO ABDALLA  1265,GLP CAJAMAR II,SP,3509205,10M0G7W,LTE,,,2160,1970,305,FB,,,760,"56001603518",17.5,25,65,2,X,50,35912402519,40,-23.35045,-46.873111,G,4/7/2026,8/16/2024,,02598c086eddfc0e,4/29/2038,,,Cajamar,,
LIC-LIC-01,TELEFONICA BRASIL S.A.,50409146447,10,59072012,1016835938,RUA EVANDRO BATISTA VIEIRA  S/Nº,,SP,3509502,20M0G7W,LTE,,,2680,2560,240,FB,,,760,"4521703257",18.1,28,60,2,X,27,209000000000,40,-22.81903,-47.02726,G,8/4/2025,8/4/2025,,02598c086eddfbff,10/18/2027,,,Campinas,,x
LIC-LIC-01,TELEFONICA BRASIL S.A.,50409146447,10,48412023,1016835920,RUA DIAMANTINO PEREIRA  S/N,X RUA LAERCIO MORENO DE LIMA,SP,3509502,10M0G7W,LTE,,,2160,1970,220,FB,,,760,"0",17.9,24,64,2,X,38,83071803257,40,-22.950494,-47.135003,G,8/4/2025,8/4/2025,,02598c086eddfbed,4/29/2038,,,Campinas,,x
LIC-LIC-01,TELEFONICA BRASIL S.A.,50409146447,10,97432014,1012916097,AVENIDA JOSÉ SARTORELLI,,SP,3507001,10M0G7W,LTE,,,788,733,320,FB,,,760,"56001603518",14.5,25,68,2,X,53,104000000000,40,-23.31313,-47.6818,G,8/4/2025,3/17/2022,,02598c086eddfbb4,12/8/2029,,,Boituva,,x
LIC-LIC-01,TELEFONICA BRASIL S.A.,50409146447,10,97432014,1006552470,RUA FELICIO HELITO,,SP,3507605,10M0G7W,LTE,,,788,733,310,FB,,,760,"56001603518",15.4,25,68,2,X,44,39452402519,40,-22.953434,-46.525776,G,8/4/2025,4/25/2018,,02598c086eddfbb1,12/8/2029,,,Bragança Paulista,,
LIC-LIC-01,TELEFONICA BRASIL S.A.,50409146447,10,59072012,1006964980,RUA CAPITÃO BASÍLIO RIBEIRO DA COSTA,X ALAMEDA QUINZE DE DEZEMBRO,SP,3507605,15M0G7W,LTE,,,2680,2560,80,FB,,,760,"56001603518",17.5,30,57,1,X,18.5,45621602519,40,-22.938611,-46.527469,G,8/4/2025,7/16/2018,,02598c086eddfb92,10/18/2027,,,Bragança Paulista,,
LIC-LIC-01,TELEFONICA BRASIL S.A.,50409146447,10,97432014,1002593163,RUA FRANCISCO DE ARRUDA MELLO,CONDOMÍNIO EDIFÍCIO AMÉRICA DO SUL,SP,3530706,10M0G7W,LTE,,,788,733,260,FB,,,760,"0",13.8,22,70,3,X,17,104000000000,40,-22.357153,-46.928417,G,8/4/2025,5/2/2016,,02598c0876208fc3,12/8/2029,,,Mogi Guaçu,,
LIC-LIC-01,TELEFONICA BRASIL S.A.,50409146447,10,59072012,1001352456,Avenida Giustiniano Borin,,SP,3525904,20M0G7W,LTE,,,2680,2560,310,FB,,,760,"56001603518",17.5,30,57,2,X,42,45621602519,40,-23.159122,-46.851794,G,8/4/2025,5/2/2016,,02598c0876208fad,10/18/2027,,,Jundiaí,,x
LIC-LIC-01,TELEFONICA BRASIL S.A.,50409146447,10,59072012,1004662910,RUA SANTA CRUZ X RUA PRÍNCIPE REGENTE,x Rua Santa Cruz,SP,3502754,20M0G7W,LTE,,,2680,2560,300,FB,,,760,"1.29E+11",15.8,29,57,2,X,19.5,45621602519,40,-23.436811,-47.063528,G,8/4/2025,9/4/2017,,02598c0876208f8a,10/18/2027,,,Araçariguama,,
LIC-LIC-01,TELEFONICA BRASIL S.A.,50409146447,10,97432014,699335825,RUA CARLOS DE AGUIAR,,SP,3537107,10M0G7W,LTE,,,788,733,205,FB,,,760,"56001603518",13.5,25,63,2,X,34,104000000000,40,-22.726367,-46.900286,G,8/4/2025,2/12/2014,,02598c0876208f6f,12/8/2029,,,Pedreira,,x
LIC-LIC-01,TELEFONICA BRASIL S.A.,50409146447,10,48412023,1016837540,FAZENDA DO FUNIL GLEBA C - CONJUNTO INDUSTRIAL USINA ESTER - RODOVIA SP-332 (RODOVIA ESTADUAL PRO,,SP,3512803,10M0G7W,LTE,,,2160,1970,290,FB,,,760,"0",17.9,24,64,4,X,36,83071803257,40,-22.659447,-47.210078,G,8/4/2025,8/4/2025,,02598c0876208ee2,4/29/2038,,,Cosmópolis,,x
LIC-LIC-01,TELEFONICA BRASIL S.A.,50409146447,10,59072012,1007629778,RUA RIBEIRÃO PRETO  909 - Jardim Marília,,SP,3545209,20M0G7W,LTE,,,2680,2560,300,FB,,,760,"56001603518",17.5,30,57,4,X,27,45621602519,40,-23.20472,-47.27861,G,8/4/2025,10/30/2018,,02598c0876208e03,10/18/2027,,,Salto,,x
LIC-LIC-01,TELEFONICA BRASIL S.A.,50409146447,10,48422023,413159990,RODOVIA GOVERNADOR DOUTOR ADHEMAR PEREIRA DE BARROS,KM 182 SP 342,SP,3530706,5M00G7W,LTE,,,1867.5,1772.5,70,FB,,,760,"56001603518",17.4,25,68,3,X,58,83071803257,40,-22.284636,-46.889439,G,8/4/2025,6/8/2005,,02598c0876208dd6,12/22/2032,,,Mogi Guaçu,,
LIC-LIC-01,TELEFONICA BRASIL S.A.,50409146447,10,48412023,1016837396,RUA SERAFIM DE SOUZA 800 VILA NOVA SOROCABA,,SP,3552205,10M0G7W,LTE,,,2160,1970,320,FB,,,760,"0",17.9,24,64,2,X,38,83071803257,40,-23.4653,-47.497336,G,8/4/2025,8/4/2025,,02598c0876208dac,4/29/2038,,,Sorocaba,,
LIC-LIC-01,TELEFONICA BRASIL S.A.,50409146447,10,59072012,1016837353,LOTE 21  SN,,SP,3509502,20M0G7W,LTE,,,2680,2560,330,FB,,,760,"4521703257",18.1,27,60,0,X,15,209000000000,40,-22.934651,-47.114184,G,8/4/2025,8/4/2025,,02598c0876208d66,10/18/2027,,,Campinas,,x
LIC-LIC-01,TELEFONICA BRASIL S.A.,50409146447,10,59072012,691075638,Rua Rio Tocantins  135 - Jardim Santo Antônio II,,SP,3509601,20M0G7W,LTE,,,2680,2560,330,FB,,,760,"56001603518",17.5,30,57,4,X,32.5,38411301882,40,-23.220686,-46.762394,G,8/4/2025,3/27/2009,,02598c0876208d4d,10/18/2027,,,Campo Limpo Paulista,,x
LIC-LIC-01,TELEFONICA BRASIL S.A.,50409146447,10,48412023,1016837205,RODOVIA FAUSTO SANTO MAURO S/N,JARDIM NOVO II KM 7 SP 127,SP,3543907,10M0G7W,LTE,,,2160,1970,340,FB,,,760,"56001603518",17.5,25,65,2,X,59,83071803257,40,-22.491,-47.579939,G,8/4/2025,8/4/2025,,02598c0876208beb,4/29/2038,,,Rio Claro,,
LIC-LIC-01,TELEFONICA BRASIL S.A.,50409146447,10,48412023,1016837167,RUA CALIMÉRIO PAES DE CAMPOS  227  CHÁCARA LUCÍLIA  AMERICANA/SP  13475-412,,SP,3501608,10M0G7W,LTE,,,2160,1970,240,FB,,,760,"38661703257",17.6,25,64,2,X,50,83071803257,40,-22.70852,-47.273105,G,8/4/2025,8/4/2025,,02598c0876208bb8,4/29/2038,,,Americana,,x
LIC-LIC-01,TELEFONICA BRASIL S.A.,50409146447,10,48422023,1016837159,ALAMEDA ARAUCARIAS  S/Nº LOTE 88 QD. B,,SP,3525201,5M00G7W,LTE,,,1867.5,1772.5,220,FB,,,760,"0",0,0,0,2,X,47.3,35912402519,40,-22.993164,-46.712031,G,8/4/2025,8/4/2025,,02598c0876208b8b,12/22/2032,,,Jarinu,,
LIC-LIC-01,TELEFONICA BRASIL S.A.,50409146447,10,59072012,1016837140,RUA DOM LINO DEODATO DE CARVALHO  484,,SP,3509502,20M0G7W,LTE,,,2680,2560,240,FB,,,760,"4521703257",18.1,28,60,2,X,36,209000000000,40,-22.917492,-47.047053,G,8/4/2025,8/4/2025,,02598c0876208b69,10/18/2027,,,Campinas,,x
LIC-LIC-01,TELEFONICA BRASIL S.A.,50409146447,10,48412023,617511560,RODOVIA VEREADOR RUBENS LEME ASPRINO,KM 215 4 SP 344,SP,3500303,10M0G7W,LTE,,,2160,1970,310,FB,,,760,"0",17.9,24,64,2,X,51,83071803257,40,-22.024683,-46.883156,G,8/4/2025,6/7/2001,,02598c086e81af49,4/29/2038,,,Aguaí,,
LIC-LIC-01,TELEFONICA BRASIL S.A.,50409146447,10,48422023,1016838015,ROD. ALKINDAR MONTEIRO JUNQUEIRA  KM 39 5,,SP,3523404,5M00G7W,LTE,,,1867.5,1772.5,200,FB,,,760,"0",0,0,0,0,X,12,35912402519,40,-22.932037,-46.706492,G,8/4/2025,8/4/2025,,02598c086e81aefe,12/22/2032,,,Itatiba,,x
LIC-LIC-01,TELEFONICA BRASIL S.A.,50409146447,10,48412023,1016838007,AVENIDA COMENDADOR LUCIANO GUIDOTTI 2153,,SP,3538709,10M0G7W,LTE,,,2160,1970,260,FB,,,760,"38661703257",17.6,25,64,2,X,56,83071803257,40,-22.75603,-47.638181,G,8/4/2025,8/4/2025,,02598c086e81aef8,4/29/2038,,,Piracicaba,,x
LIC-LIC-01,TELEFONICA BRASIL S.A.,50409146447,10,48422023,1016837990,ROD. ALKINDAR MONTEIRO JUNQUEIRA  KM 39 5,,SP,3523404,5M00G7W,LTE,,,1867.5,1772.5,90,FB,,,760,"0",0,0,0,0,X,12,35912402519,40,-22.931023,-46.714732,G,8/4/2025,8/4/2025,,02598c086e81aee6,12/22/2032,,,Itatiba,,x
LIC-LIC-01,TELEFONICA BRASIL S.A.,50409146447,10,48422023,1016837965,ROD. ALKINDAR MONTEIRO JUNQUEIRA  KM 39 5,,SP,3523404,5M00G7W,LTE,,,1867.5,1772.5,100,FB,,,760,"0",0,0,0,0,X,12,35912402519,40,-22.940215,-46.709677,G,8/4/2025,8/4/2025,,02598c086e81aec2,12/22/2032,,,Itatiba,,x
LIC-LIC-01,TELEFONICA BRASIL S.A.,50409146447,10,48422023,1016837930,ROD. ALKINDAR MONTEIRO JUNQUEIRA  KM 39 5,,SP,3523404,5M00G7W,LTE,,,1867.5,1772.5,80,FB,,,760,"0",0,0,0,0,X,12,35912402519,40,-22.943731,-46.708553,G,8/4/2025,8/4/2025,,02598c086e81ae95,12/22/2032,,,Itatiba,,x
LIC-LIC-01,TELEFONICA BRASIL S.A.,50409146447,10,59072012,1016837841,RUA ANTONIO NUNES DOS SANTOS  42,,SP,3509502,20M0G7W,LTE,,,2680,2560,210,FB,,,760,"4521703257",18.1,28,60,2,X,21,209000000000,40,-22.8995,-47.103786,G,8/4/2025,8/4/2025,,02598c086e81adce,10/18/2027,,,Campinas,,x
LIC-LIC-01,TELEFONICA BRASIL S.A.,50409146447,10,48412023,1016837779,RUA JOSÉ PICIRILI  S/Nº - QUADRA E  LOTE 05,,SP,3509502,10M0G7W,LTE,,,2160,1970,240,FB,,,760,"38661703257",17.6,25,64,2,X,32,209000000000,40,-22.86632,-47.01454,G,8/4/2025,8/4/2025,,02598c086e81adb6,4/29/2038,,,Campinas,,x
LIC-LIC-01,TELEFONICA BRASIL S.A.,50409146447,10,48412023,1016837760,RUA GUILHERME HASSE,"1411",SP,3512803,10M0G7W,LTE,,,2160,1970,220,FB,,,760,"38661703257",17.6,25,64,2,X,38,83071803257,40,-22.63265,-47.171233,G,8/4/2025,8/4/2025,,02598c086e81ada4,4/29/2038,,,Cosmópolis,,x
LIC-LIC-01,TELEFONICA BRASIL S.A.,50409146447,10,48412023,1016837752,Rua dos Tuiuiús,,SP,3538709,10M0G7W,LTE,,,2160,1970,350,FB,,,760,"0",17.9,24,64,2,X,46,83071803257,40,-22.7571,-47.597623,G,8/4/2025,8/4/2025,,02598c086e81ad95,4/29/2038,,,Piracicaba,,x
LIC-LIC-01,TELEFONICA BRASIL S.A.,50409146447,10,97432014,1016837744,RUA RICIERI GOZZO  S/N°,,SP,3538709,10M0G7W,LTE,,,788,733,340,FB,,,760,"4521703257",13.8,28,66,2,X,38,48811903257,40,-22.835693,-47.926666,G,8/4/2025,8/4/2025,,02598c086e81ad8c,12/8/2029,,,Piracicaba,,x
LIC-LIC-01,TELEFONICA BRASIL S.A.,50409146447,10,59072012,1016837736,RUA PEDREIRA 536,,SP,3509502,20M0G7W,LTE,,,2680,2560,320,FB,,,760,"4521703257",18.1,28,60,0,X,15,209000000000,40,-22.941289,-47.101685,G,8/4/2025,8/4/2025,,02598c086e81ad89,10/18/2027,,,Campinas,,x
LIC-LIC-01,CLARO S.A.,50409105090,10,97692014,1016826971,AV DONA ANA CAMARGO DE OLIVEIRA,,SP,3525904,10M0G7W,LTE,,,798,743,310,FB,,,760,,13.5,24,73,0,X,27.45,33782402519,79.43,-23.14959,-46.87142,G,7/29/2025,7/29/2025,,02598c0865121720,12/8/2029,,,Jundiaí,,x
LIC-LIC-01,CLARO S.A.,50409105090,10,97692014,1016827048,R PEDRO ALVARES CABRAL,,SP,3556206,10M0G7W,LTE,,,798,743,250,FB,,,760,,13.5,24,73,2,X,40,33782402519,79.43,-22.98369,-46.99888,G,7/29/2025,7/29/2025,,61228c084beee8b9,12/8/2029,,,Valinhos,,
LIC-LIC-01,CLARO S.A.,50409105090,10,34672011,1011794087,R ALFERES FRANCO,,SP,3526902,10M0G7W,LTE,,,2140,1950,40,FB,,,760,"56001603518",14.7,25,53,1,X,59,27191702519,60,-22.5686,-47.41109,G,7/22/2025,3/5/2021,,b1fa8c082c0b27c4,6/1/2026,,,Limeira,,
LIC-LIC-01,CLARO S.A.,50409105090,10,97692014,1016809996,ROD WALDOMIRO CORREA DE CAMARGO,REF. AV. PARANÁ  - MÓD. ADMINISTRATIVO  - KM 63,SP,3523909,10M0G7W,LTE,,,798,743,50,FB,,,760,,13.5,24,73,0,X,44.3,33782402519,79.43,-23.39,-47.34521,G,7/21/2025,7/21/2025,,02598c08651c32d9,12/8/2029,,,Itu,,x
LIC-LIC-01,CLARO S.A.,50409105090,10,34672011,1016788867,ROD ENG. ERMÊNIO DE OLIVEIRA PENTEADO,,SP,3520509,10M0G7W,LTE,,,2140,1950,1,FB,,,760,,11.5,25,63,0,X,3,39452402519,80,-23.09195,-47.18365,G,7/14/2025,7/14/2025,,61228c084bfe67f5,6/1/2026,,,Indaiatuba,,x
LIC-LIC-01,CLARO S.A.,50409105090,10,34672011,1006994430,R MARTINHO FISCHER,ESQ RUA CAP PAULO SIMÕES,SP,3521408,10M0G7W,LTE,,,2140,1950,60,FB,,,760,,16.9,22,62,0,X,54,13792502519,60,-22.58293,-47.51794,G,7/14/2025,3/22/2019,,61228c084bfe67e2,6/1/2026,,,Iracemápolis,,
LIC-LIC-01,CLARO S.A.,50409105090,10,97692014,1016788840,R ENILSON AUGUSTO TOSELLI,,SP,3512803,10M0G7W,LTE,,,798,743,260,FB,,,760,,13.5,24,73,0,X,40,33782402519,79.43,-22.63062,-47.17017,G,7/14/2025,7/14/2025,,61228c084bfe67d3,12/8/2029,,,Cosmópolis,,x
LIC-LIC-01,CLARO S.A.,50409105090,10,97692014,1016788832,R NOEL ROSA,,SP,3510401,10M0G7W,LTE,,,798,743,30,FB,,,760,,13.5,24,73,0,X,40,33782402519,79.43,-23.00417,-47.52462,G,7/14/2025,7/14/2025,,b1fa8c082be5fc43,12/8/2029,,,Capivari,,x
LIC-LIC-01,CLARO S.A.,50409105090,10,159372023,442517394,R PORTO FERREIRA,,SP,3530706,10M0G7W,LTE,,,2625,2505,250,FB,,,760,,17.6,21,51,1,X,41.5,56351705894,40,-22.34625,-46.9419,G,7/14/2025,8/16/2000,,74a18c0802996543,11/6/2028,,,Mogi Guaçu,,
LIC-LIC-01,CLARO S.A.,50409105090,10,34672011,1350064,ROD TENENTE MARQUES,GLEBA 5 AREA A - FAZENDA ITABERABA,SP,3550308,10M0G7W,LTE,,,2140,1950,315,FB,,,760,"27331703519",16.16,26,66.76,3,X,61,27191702519,60,-23.4102,-46.8196,G,7/24/2025,2/26/2002,,02598c0855254c6f,6/1/2026,,,São Paulo,,
LIC-LIC-01,CLARO S.A.,50409105090,10,34672011,1352253,R MOGEIRO,,SP,3550308,10M0G7W,LTE,,,2140,1950,75,FB,,,760,"27331703519",16.16,26,66.76,0,X,27,27191702519,60,-23.40795,-46.75893,G,7/24/2025,11/14/2003,,02598c0855254c45,6/1/2026,,,São Paulo,,
LIC-LIC-01,CLARO S.A.,50409105090,10,97692014,1016788565,R FIORAVANTE PIOVANI,ACESSO RODOVIA D.PEDRO I SN – SAIDA 108,SP,3523404,10M0G7W,LTE,,,798,743,305,FB,,,760,,13.4,21,68,0,X,60,33782402519,79.43,-22.9646,-46.84542,G,7/14/2025,7/14/2025,,02598c084fb38af4,12/8/2029,,,Itatiba,,x
LIC-LIC-01,CLARO S.A.,50409105090,10,97692014,1016788468,R PADRE JANUARIO BARBOSA,(AO LADO DO 155) LOTE 8 QD A,SP,3525904,10M0G7W,LTE,,,798,743,50,FB,,,760,,13.5,24,73,0,X,34,33782402519,79.43,-23.18012,-46.84859,G,7/14/2025,7/14/2025,,6a3a8c08025e43e5,12/8/2029,,,Jundiaí,,x
LIC-LIC-01,CLARO S.A.,50409105090,10,97692014,1016788450,R PERO VAZ DE CAMINHA,AO LADO DO Nº 104,SP,3516309,10M0G7W,LTE,,,798,743,90,FB,,,760,,13.5,24,73,2,X,40,33782402519,79.43,-23.285,-46.7604,G,7/14/2025,7/14/2025,,6a3a8c08025e43df,12/8/2029,,,Francisco Morato,,
LIC-LIC-01,CLARO S.A.,50409105090,10,34672011,684819520,RUA  SOLAR DAS ANDORINHAS,ACESSO P/ ROD CONSTANCIO CINTRA,SP,3523404,10M0G7W,LTE,,,2140,1950,320,FB,,,760,"27331703519",16.16,26,66.76,0,X,78,8041101882,61.52,-23.09052,-46.84988,G,7/23/2025,12/15/2004,,cdf8f4c892c251c2,6/1/2026,,,Itatiba,,x
LIC-LIC-01,CLARO S.A.,50409105090,10,34672011,696683156,ESTRADA MUNICIPAL DOMINGAS BICHARELLI CARRARA,GLEBA 1 C - ACESSO AO LADO DO Nº 25,SP,3523404,10M0G7W,LTE,,,2140,1950,200,FB,,,760,"27331703519",16.16,26,66.76,0,X,50,5801101882,40,-22.98563,-46.86159,G,7/23/2025,4/4/2012,,cdf8f4c892b9bed3,6/1/2026,,,Itatiba,,x
LIC-LIC-01,CLARO S.A.,50409105090,10,48372023,431367833,RUA MACHADO DE ASSIS,LOTE 28 QUADRA E,SP,3507100,10M0G7W,LTE,,,2130,1940,105,FB,,,760,"27331703519",16.16,26,66.76,2,X,71,27191702519,60,-23.12979,-46.4723,G,7/23/2025,10/15/1999,,cdf8f4c892b9beb4,4/30/2038,,,Bom Jesus dos Perdões,,
LIC-LIC-01,CLARO S.A.,50409105090,10,163412023,1002546513,R ARVIDO PLEPIS,ESQ COM CAETANO BARBIERI,SP,3531803,10M0G7W,LTE,,,2625,2505,90,FB,,,760,,17.6,21,51,1,X,37,43341501882,40,-22.94636,-47.289,G,7/14/2025,2/4/2016,,27c78c0822808035,11/6/2028,,,Monte Mor,,x
LIC-LIC-01,CLARO S.A.,50409105090,10,59592012,1015817286,R FRIEDRICH VON VOITH,,SP,3550308,20M0G7W,LTE,,,2640,2520,60,FB,,,760,"56001603518",18,25,65,0,X,40,45621602519,40,-23.43621,-46.74041,G,7/11/2025,5/21/2024,,da618c08024878de,10/18/2027,,,São Paulo,,
LIC-LIC-01,CLARO S.A.,50409105090,10,59592012,1015847215,R AMOREIRA,LOTE 9 - QUADRA L - COMPL NUMERAÇÃO  101,SP,3518800,20M0G7W,LTE,,,2640,2520,240,FB,,,760,"56001603518",18,25,65,0,X,34,45621602519,40,-23.43276,-46.55094,G,7/11/2025,6/11/2024,,737f8c08039271b7,10/18/2027,,,Guarulhos,,
LIC-LIC-01,CLARO S.A.,50409105090,10,97692014,1016787739,R VINTE E TRES,LOTE 07  AO LADO DO Nº 123,SP,3516309,10M0G7W,LTE,,,798,743,280,FB,,,760,,13.5,24,73,2,X,40,33782402519,79.43,-23.26133,-46.73023,G,7/11/2025,7/11/2025,,74a18c0802cfbd7f,12/8/2029,,,Francisco Morato,,
LIC-LIC-01,Telefonica Brasil S.a.,50409146447,10,48412023,691921482,RODOVIA GENERAL MILTON TAVARES DE SOUZA,KM 138 SP 332,SP,3512803,10M0G7W,LTE,,,2160,1970,170,FB,,,760,"0",17.9,24,64,1,X,48,83071803257,40,-22.668412,-47.163095,G,7/8/2025,11/16/2009,,74a18c080384390d,4/29/2038,,,Cosmópolis,,x
LIC-LIC-01,Telefonica Brasil S.a.,50409146447,10,48422023,683957490,ESTRADA MUNICIPAL SMR 377,,SP,3552403,5M00G7W,LTE,,,1867.5,1772.5,340,FB,,,760,"0",17.4,23,69,2,X,44,83071803257,40,-22.856269,-47.311333,G,7/8/2025,11/7/2003,,74a18c08038438fe,12/22/2032,,,Sumaré,,x
LIC-LIC-01,Telefonica Brasil S.a.,50409146447,10,59072012,1016783962,AVENIDA DOM BOSCO  80,,SP,3507605,20M0G7W,LTE,,,2680,2560,310,FB,,,760,"44181403519",16.9,32,58,2,X,34.5,45621602519,40,-22.935354,-46.562638,G,7/8/2025,7/8/2025,,74a18c08038438f5,10/18/2027,,,Bragança Paulista,,
LIC-LIC-01,Telefonica Brasil S.a.,50409146447,10,48422023,1016783920,SÍTIO SÃO JOSÉ  OUTROS ITUPEVA AO MONTE SERRAT,,SP,3524006,5M00G7W,LTE,,,1867.5,1772.5,340,FB,,,760,"0",0,0,0,2,X,39.3,35912402519,40,-23.067044,-47.044608,G,7/8/2025,7/8/2025,,74a18c08038438a4,12/22/2032,,,Itupeva,,x
LIC-LIC-01,Telefonica Brasil S.a.,50409146447,10,48422023,1016783911,CAMINHO DE SERVIDÃO  245,,SP,3501608,5M00G7W,LTE,,,1867.5,1772.5,190,FB,,,760,"72052203257",0,0,0,0,X,12,72052203257,40,-22.742206,-47.255239,G,7/8/2025,7/8/2025,,74a18c080384388f,12/22/2032,,,Americana,,x
LIC-LIC-01,CLARO S.A.,50409105090,10,34672011,534591426,ROD FERNÃO DIAS,KM 06 - SÍTIO DO VOVÔ - ESTR. MUN. AFONSO FERRINI,SP,3556354,10M0G7W,LTE,,,2140,1950,310,FB,,,760,"27331703519",16.16,26,66.76,4,X,43.8,27191702519,60,-22.89778,-46.41111,G,7/17/2025,9/12/2000,,02598c087535334f,6/1/2026,,,Vargem,,
LIC-LIC-01,CLARO S.A.,50409105090,10,159372023,534297226,R GEMA R RODRIGUES,ESQUINA COM A ANTONIO MATIAZZO,SP,3556206,10M0G7W,LTE,,,2625,2505,30,FB,,,760,"27331703519",17.05,28,65.49,0,X,30,56351705894,40,-22.98232,-46.98663,G,6/25/2025,12/11/2001,,5da18c08022cff4a,11/6/2028,,,Valinhos,,
LIC-LIC-01,CLARO S.A.,50409105090,10,97692014,399686673,R DOUTOR MARINO COSTA TERRA,,SP,3556206,10M0G7W,LTE,,,798,743,250,FB,,,760,"27331703519",14.1,25,66.56,3,X,50,57731705894,80,-22.99219,-47.00475,G,6/25/2025,6/17/1999,,5da18c08022cff29,12/8/2029,,,Valinhos,,
LIC-LIC-01,CLARO S.A.,50409105090,10,163412023,696187345,R MARIA APARECIDA NASCIMENTO,NOVA VENEZA,SP,3552403,10M0G7W,LTE,,,2625,2505,90,FB,,,760,,17.6,21,51,1,X,32,56351705894,40,-22.80094,-47.19686,G,6/25/2025,10/25/2011,,5da18c08022cff02,11/6/2028,,,Sumaré,,x
LIC-LIC-01,CLARO S.A.,50409105090,10,132332023,1000216320,AV JOHN BOYD DUNLOP,LOCAL DE DESCARGA 8191,SP,3509502,10M0G7W,LTE,,,2625,2505,240,FB,,,760,"11471500324",15.81,26,65,0,X,16,56351705894,40,-22.9111,-47.09634,G,6/25/2025,6/24/2014,,5da18c08022cfe34,8/9/2028,,,Campinas,,x
LIC-LIC-01,CLARO S.A.,50409105090,10,34672011,1012383790,R DAS PERDIZES,,SP,3525201,10M0G7W,LTE,,,2140,1950,240,FB,,,760,"56001603518",14.7,25,53,0,X,50,27191702519,60,-23.15619,-46.71518,G,7/11/2025,9/24/2021,,02598c08551b9599,6/1/2026,,,Jarinu,,
LIC-LIC-01,CLARO S.A.,50409105090,10,34672011,691281092,AL GUAÇAÍ,LOTE 3/QUADRA 4,SP,3523909,10M0G7W,LTE,,,2140,1950,300,FB,,,760,"27331703519",16.16,26,66.76,3,X,50,27191702519,60,-23.2501,-47.2944,G,7/11/2025,4/27/2009,,02598c08551b958a,6/1/2026,,,Itu,,x
LIC-LIC-01,CLARO S.A.,50409105090,10,34672011,1005119195,ROD EDGAR MAXIMO ZAMBOTO,SITIO SERRA DOS CRISTAIS - KM 43,SP,3516408,10M0G7W,LTE,,,2140,1950,270,FB,,,760,"27331703519",16.16,26,66.76,0,X,60.5,27191702519,60,-23.31321,-46.81409,G,7/10/2025,9/11/2017,,02598c0851147441,6/1/2026,,,Franco da Rocha,,
LIC-LIC-01,CLARO S.A.,50409105090,10,97692014,1016763406,R SÃO LOURENÇO,NUMERO 367/309,SP,3545209,10M0G7W,LTE,,,798,743,225,FB,,,760,,13.5,24,73,0,X,40,33782402519,79.43,-23.17531,-47.30546,G,6/26/2025,6/26/2025,,6a3a8c08026d6c8a,12/8/2029,,,Salto,,x
LIC-LIC-01,CLARO S.A.,50409105090,10,105752021,692563610,R AFONSO GARBUIO,,SP,3556701,20M0G7W,LTE,,,2325,0,30,FB,,,760,"2.22E+11",25,25,65,2,X,39,222000000000,160,-23.00899,-46.99412,G,6/25/2025,7/20/2010,,94c78c0803be1496,12/8/2041,,,Vinhedo,,x
LIC-LIC-01,CLARO S.A.,50409105090,10,105752021,442830750,R SAO BENEDITO,,SP,3510401,20M0G7W,LTE,,,2325,0,340,FB,,,760,"2.22E+11",25,25,65,1,X,50,222000000000,160,-22.99348,-47.50733,G,6/25/2025,7/3/2000,,94c78c0803a5e023,12/8/2041,,,Capivari,,x
LIC-LIC-01,CLARO S.A.,50409105090,10,97692014,1016760598,AV PRESIDENTE JUSCELINO,,SP,3509502,10M0G7W,LTE,,,798,743,60,FB,,,760,,13.5,24,73,2,X,40,33782402519,79.43,-22.93079,-47.10673,G,6/25/2025,6/25/2025,,94c78c0803a5e00b,12/8/2029,,,Campinas,,x
LIC-LIC-01,CLARO S.A.,50409105090,10,97692014,1016751904,AV EUNICE CAVALCANTE DE SOUZA QUEIROZ,,SP,3525904,10M0G7W,LTE,,,798,743,250,FB,,,760,,13.5,24,73,0,X,34,33782402519,79.43,-23.1487,-47.00741,G,6/18/2025,6/18/2025,,ed0f8c0803dd5841,12/8/2029,,,Jundiaí,,x
LIC-LIC-01,CLARO S.A.,50409105090,10,105752021,1002894058,R  JOSÉ EGÍDIO  DA FONSECA,PRÓXIMO AO NO. 110,SP,3523909,20M0G7W,LTE,,,2325,0,90,FB,,,760,"2.22E+11",25,25,65,2,X,60,222000000000,160,-23.27209,-47.29683,G,6/18/2025,6/8/2016,,ed0f8c0803dd5808,12/8/2041,,,Itu,,x
LIC-LIC-01,Telefonica Brasil S.a.,50409146447,10,48422023,1001809995,AVENIDA DA SAUDADE,X RUA LOURENÇO FRANCO,SP,3504107,5M00G7W,LTE,,,1867.5,1772.5,360,FB,,,760,"4741600762",9.56,0,94.2,0,X,3.4,29701602519,40,-23.116391,-46.550973,G,6/25/2025,7/8/2015,,12518c08035c76b7,12/22/2032,,,Atibaia,,
LIC-LIC-01,Telefonica Brasil S.a.,50409146447,10,48412023,1016509925,ESTR. DO RONDA  100 - RONDA,METALUR BRASIL,SP,3502754,10M0G7W,LTE,,,2160,1970,260,FB,,,760,"0",0,0,0,2,X,40,35912402519,40,-23.423767,-47.101683,G,6/25/2025,2/28/2025,,12518c08035c75d9,4/29/2038,,,Araçariguama,,
LIC-LIC-01,Telefonica Brasil S.a.,50409146447,10,105802021,379963167,RODOVIA PRESIDENTE CASTELLO BRANCO,KM 51 SP 280,SP,3502754,40M0G7W,LTE,,,2370,2370,280,FB,,,760,"1.03E+11",12.2,25,65.5,2,X,56,103000000000,40,-23.437092,-47.075731,G,6/25/2025,12/10/1999,,12518c08035c75c7,12/8/2041,,,Araçariguama,,
LIC-LIC-01,CLARO S.A.,50409105090,10,46622011,1016754334,R HUMBERTO ORSI,,SP,3554003,10M0G7W,LTE,,,885,840,40,FB,,,760,,13.6,24,73,0,X,40,39721705894,80,-23.34711,-47.82791,G,6/23/2025,6/23/2025,,90188c0803cd1af8,3/31/2028,,,Tatuí,,
LIC-LIC-01,Telefonica Brasil S.a.,50409146447,10,48412023,1001103839,Avenida Coronel Sezefredo Fagundes,,SP,3550308,10M0G7W,LTE,,,2160,1970,310,FB,,,760,"2.13E+11",17.5,25,65,2,X,14,100000000000,40,-23.421584,-46.589834,G,6/24/2025,6/12/2015,,7ae78c0803f59d34,4/29/2038,,,São Paulo,,
LIC-LIC-01,Telefonica Brasil S.a.,50409146447,10,48412023,1000607167,RUA CAMPOS SALLES  20,,SP,3556206,10M0G7W,LTE,,,2160,1970,280,FB,,,760,"2.13E+11",17.5,25,65,2,X,60,100000000000,40,-22.968917,-46.998208,G,6/24/2025,11/24/2014,,7ae78c0803f59bf2,4/29/2038,,,Valinhos,,
LIC-LIC-01,Telefonica Brasil S.a.,50409146447,10,48412023,1016756396,AVENIDA COSTA E SILVA  SN,,SP,3509502,10M0G7W,LTE,,,2160,1970,340,FB,,,760,"2.13E+11",17.6,25,64,2,X,23,100000000000,40,-22.856797,-47.070383,G,6/24/2025,6/24/2025,,7ae78c0803f59ac9,4/29/2038,,,Campinas,,x
LIC-LIC-01,Telefonica Brasil S.a.,50409146447,10,48412023,1016257179,RUA CAETÉS,,SP,3501608,10M0G7W,LTE,,,2160,1970,290,FB,,,760,"2.13E+11",17.5,25,65,2,X,33.5,100000000000,40,-22.7577,-47.32532,G,6/24/2025,11/7/2024,,7ae78c0803f59a8c,4/29/2038,,,Americana,,x
LIC-LIC-01,Telefonica Brasil S.a.,50409146447,10,48412023,1016257152,RUA MADALENA BARBOSA FERREIRA,,SP,3509502,10M0G7W,LTE,,,2160,1970,330,FB,,,760,"2.13E+11",17.5,25,65,2,X,32,100000000000,40,-22.924,-47.034441,G,6/24/2025,11/7/2024,,7ae78c0803f59a20,4/29/2038,,,Campinas,,x
LIC-LIC-01,Telefonica Brasil S.a.,50409146447,10,48422023,1016756337,ROD. MARECHAL CÂNDIDO RONDON  SN,,SP,3540606,5M00G7W,LTE,,,1867.5,1772.5,320,FB,,,760,"2.13E+11",17.4,23,69,0,X,30,100000000000,40,-23.223431,-47.463831,G,6/24/2025,6/24/2025,,7ae78c0803f5995b,12/22/2032,,,Porto Feliz,,x
LIC-LIC-01,Telefonica Brasil S.a.,50409146447,10,48412023,1016756248,AV. FERNANDO STECCA  S/Nº,,SP,3552205,10M0G7W,LTE,,,2160,1970,300,FB,,,760,"2.13E+11",16.9,27,63,2,X,31,100000000000,40,-23.4679,-47.42541,G,6/24/2025,6/24/2025,,7ae78c0803f59839,4/29/2038,,,Sorocaba,,
LIC-LIC-01,Telefonica Brasil S.a.,50409146447,10,48422023,1016756205,RUA 1  S/N LOTE 34 AVENIDA SUCUPIRA  LOTE 34  QUADRA D SOROCABA  SP 18072-000,,SP,3552205,5M00G7W,LTE,,,1867.5,1772.5,330,FB,,,760,"2.13E+11",11,24,68,2,X,31,100000000000,40,-23.4433,-47.51432,G,6/24/2025,6/24/2025,,7ae78c0803f597aa,12/22/2032,,,Sorocaba,,
LIC-LIC-01,Telefonica Brasil S.a.,50409146447,10,48412023,1015800570,AVENIDA RAIMUNDO PEREIRA DE MAGALHÃES,"13658",SP,3550308,10M0G7W,LTE,,,2160,1970,310,FB,,,760,"56001603518",17.5,25,65,2,X,48.5,100000000000,40,-23.424919,-46.723911,G,6/24/2025,5/13/2024,,7ae78c0803f59727,4/29/2038,,,São Paulo,,
LIC-LIC-01,Telefonica Brasil S.a.,50409146447,10,48412023,1012821134,RUA ANTÔNIO RODRIGUES BELO  1,LOTE 01 - QD 50,SP,3550308,10M0G7W,LTE,,,2160,1970,340,FB,,,760,"1.29E+11",15.8,32,56,2,X,38.5,100000000000,40,-23.436383,-46.749036,G,6/24/2025,2/14/2022,,7ae78c0803f596f7,4/29/2038,,,São Paulo,,
LIC-LIC-01,Telefonica Brasil S.a.,50409146447,10,48422023,1016756183,ROD DO AÇUCAR SP 308 - SUL APROX,KM 152,SP,3544004,5M00G7W,LTE,,,1867.5,1772.5,220,FB,,,760,"5152003257",17.4,23,69,2,X,69,100000000000,40,-22.81325,-47.5872,G,6/24/2025,6/24/2025,,7ae78c0803f596e2,12/22/2032,,,Rio das Pedras,,x
LIC-LIC-01,Telefonica Brasil S.a.,50409146447,10,48422023,691697442,Rua Orestes Barbosa,,SP,3509601,5M00G7W,LTE,,,1867.5,1772.5,300,FB,,,760,"44181403519",15.1,29,62,2,X,35.7,100000000000,40,-23.193532,-46.779092,G,6/24/2025,9/3/2009,,7ae78c0803f5969d,12/22/2032,,,Campo Limpo Paulista,,x
LIC-LIC-01,Telefonica Brasil S.a.,50409146447,10,48412023,1016756108,ESTRADA DE TERRA SEM NOME  S/N - ACESSO PELA ROD. CASTELO BRANCO KM 104,SÍTIO SÃO JUDAS,SP,3540606,10M0G7W,LTE,,,2160,1970,340,FB,,,760,"5152003257",17.9,24,64,0,X,49,100000000000,40,-23.318581,-47.571267,G,6/24/2025,6/24/2025,,7ae78c0803f5968b,4/29/2038,,,Porto Feliz,,x
LIC-LIC-01,Telefonica Brasil S.a.,50409146447,10,48412023,1016756159,GLEBA A  SN,,SP,3552403,10M0G7W,LTE,,,2160,1970,340,FB,,,760,"1.68E+11",17.9,24,64,2,X,50.8,100000000000,40,-22.7944,-47.2134,G,6/24/2025,6/24/2025,,7ae78c0803f59676,4/29/2038,,,Sumaré,,x
LIC-LIC-01,Telefonica Brasil S.a.,50409146447,10,97432014,699601673,RUA MOREIRA DA SILVA,RBR-NÃO,SP,3502309,10M0G7W,LTE,,,788,733,220,FB,,,760,"24731703257",14.7,22,68,2,X,51,100000000000,40,-22.933358,-48.161075,G,6/24/2025,2/12/2014,,7ae78c0803f59667,12/8/2029,,,Anhembi,,
LIC-LIC-01,Telefonica Brasil S.a.,50409146447,10,48412023,1016756124,RODOVIA DOM PEDRO I  KM 144 5 - ANTIGO 105 - PISTA SUL,,SP,3509502,10M0G7W,LTE,,,2160,1970,300,FB,,,760,"1.68E+11",17.9,24,64,2,X,40,100000000000,40,-22.857483,-47.133917,G,6/24/2025,6/24/2025,,7ae78c0803f595ef,4/29/2038,,,Campinas,,x
LIC-LIC-01,Telefonica Brasil S.a.,50409146447,10,48412023,1016755772,AVENIDA NOVE DE JULHO  613,,SP,3526902,10M0G7W,LTE,,,2160,1970,260,FB,,,760,"5152003257",17.9,24,64,2,X,21.5,100000000000,40,-22.5657,-47.41509,G,6/24/2025,6/24/2025,,7ae78c0803f59495,4/29/2038,,,Limeira,,
LIC-LIC-01,Telefonica Brasil S.a.,50409146447,10,97432014,1016755950,ESTRADA MUNICIPAL LIM 123  S/N,SÍTIO SÃO PEDRO,SP,3526902,10M0G7W,LTE,,,788,733,230,FB,,,760,"0",10.5,22,73,6,X,59,100000000000,40,-22.569357,-47.292889,G,6/24/2025,6/24/2025,,7ae78c0803f59462,12/8/2029,,,Limeira,,
LIC-LIC-01,Telefonica Brasil S.a.,50409146447,10,48412023,1016755900,RUA AUREA VON ZUBEN BARACCAT  SN,,SP,3509502,10M0G7W,LTE,,,2160,1970,340,FB,,,760,"43061703257",16.9,27,63,2,X,27,100000000000,40,-22.9609,-47.0955,G,6/24/2025,6/24/2025,,7ae78c0803f593dd,4/29/2038,,,Campinas,,x
LIC-LIC-01,Telefonica Brasil S.a.,50409146447,10,48412023,1016755861,R. IVAN ROBERTO CANAVEZI - LOTE 19 - QD. 04,,SP,3520509,10M0G7W,LTE,,,2160,1970,250,FB,,,760,"1.68E+11",17.9,24,64,2,X,48,100000000000,40,-23.096054,-47.232498,G,6/24/2025,6/24/2025,,7ae78c0803f5939e,4/29/2038,,,Indaiatuba,,x
LIC-LIC-01,Telefonica Brasil S.a.,50409146447,10,48412023,1016755837,ESTR. CARLOS ROBERTO PRATAVIERA,,SP,3519071,10M0G7W,LTE,,,2160,1970,300,FB,,,760,"2.13E+11",17.2,28,63,2,X,44,100000000000,40,-22.862631,-47.180881,G,6/24/2025,6/24/2025,,7ae78c0803f59379,4/29/2038,,,Hortolândia,,x
LIC-LIC-01,Telefonica Brasil S.a.,50409146447,10,48412023,1016755810,COND. FAZENDA BOA VISTA ROD. CASTELO BRANCO  KM 102,RUA 10 (DEZ) QD I  LT 04  FASE 07  CAMPO DE GOLFE,SP,3540606,10M0G7W,LTE,,,2160,1970,350,FB,,,760,"2.13E+11",17.9,24,64,2,X,38,100000000000,40,-23.367067,-47.552883,G,6/24/2025,6/24/2025,,7ae78c0803f59347,4/29/2038,,,Porto Feliz,,x
LIC-LIC-01,Telefonica Brasil S.a.,50409146447,10,48422023,1016755756,RODOVIA DOM PEDRO I  KM 112  FAZENDA ATIBAINHA - ITATIBA,,SP,3556206,5M00G7W,LTE,,,1867.5,1772.5,280,FB,,,760,"2.13E+11",17.4,23,69,0,X,39,100000000000,40,-22.945011,-46.896571,G,6/24/2025,6/24/2025,,7ae78c0803f592b7,12/22/2032,,,Valinhos,,
LIC-LIC-01,Telefonica Brasil S.a.,50409146447,10,48412023,1016755730,RUA SONIA ROSA GUELERI  S/N  LOTE 26  QUADRA 25,,SP,3552403,10M0G7W,LTE,,,2160,1970,250,FB,,,760,"2.13E+11",17.9,24,64,2,X,39,100000000000,40,-22.801961,-47.260831,G,6/24/2025,6/24/2025,,7ae78c0803f5929f,4/29/2038,,,Sumaré,,x
LIC-LIC-01,Telefonica Brasil S.a.,50409146447,10,48412023,1016755721,RUA 9 DE JULHO 299,,SP,3552403,10M0G7W,LTE,,,2160,1970,350,FB,,,760,"2.13E+11",17.9,24,64,2,X,38,100000000000,40,-22.808719,-47.234889,G,6/24/2025,6/24/2025,,7ae78c0803f5928d,4/29/2038,,,Sumaré,,x
LIC-LIC-01,Telefonica Brasil S.a.,50409146447,10,48422023,1016366806,RUA PEDRO ERCOLIN,,SP,3523404,5M00G7W,LTE,,,1867.5,1772.5,270,FB,,,760,"1.29E+11",0,0,0,2,X,58,100000000000,40,-22.98762,-46.76681,G,6/24/2025,12/18/2024,,7ae78c0803f5927d,12/22/2032,,,Itatiba,,x
LIC-LIC-01,Telefonica Brasil S.a.,50409146447,10,48412023,1016755705,RUA VER. SERGIO LEOPOLDINO ALVES,,SP,3545803,10M0G7W,LTE,,,2160,1970,330,FB,,,760,"1.68E+11",17.9,24,64,2,X,38,100000000000,40,-22.76055,-47.382933,G,6/24/2025,6/24/2025,,7ae78c0803f59265,4/29/2038,,,Santa Bárbara d'Oeste,,x
LIC-LIC-01,Telefonica Brasil S.a.,50409146447,10,48412023,1016755691,ESTRADA ESTADUAL NOVA ODESSA A VIA ANHANGUERA KM 0 88 ACESSO RODOVIA ARNALDO JÚLIO MAUERBERG,,SP,3533403,10M0G7W,LTE,,,2160,1970,230,FB,,,760,"1.68E+11",17.9,24,64,2,X,38,83071803257,40,-22.766714,-47.26277,G,6/24/2025,6/24/2025,,7ae78c0803f59252,4/29/2038,,,Nova Odessa,,x
LIC-LIC-01,Telefonica Brasil S.a.,50409146447,10,48412023,1016755675,RUA EUCLIDES VIEIRA  647,,SP,3509502,10M0G7W,LTE,,,2160,1970,230,FB,,,760,"43061703257",16.9,27,63,2,X,35,83071803257,40,-22.8628,-47.043075,G,6/24/2025,6/24/2025,,7ae78c0803f5922b,4/29/2038,,,Campinas,,x
LIC-LIC-01,Telefonica Brasil S.a.,50409146447,10,48412023,1016755667,R. GEORGE TEODORO  166 - JARDIM SANTO ANTONIO  JAGUARIÚNA - SP  13820-000  BRAZIL,,SP,3524709,10M0G7W,LTE,,,2160,1970,340,FB,,,760,"1.68E+11",17.9,24,64,2,X,37,83071803257,40,-22.6832,-46.98087,G,6/24/2025,6/24/2025,,7ae78c0803f59219,4/29/2038,,,Jaguariúna,,x
LIC-LIC-01,Telefonica Brasil S.a.,50409146447,10,48412023,1016755659,Rua João Guimarães Rosa,,SP,3519071,10M0G7W,LTE,,,2160,1970,260,FB,,,760,"1.68E+11",17.9,24,64,2,X,28,83071803257,40,-22.895,-47.25102,G,6/24/2025,6/24/2025,,7ae78c0803f59207,4/29/2038,,,Hortolândia,,x
LIC-LIC-01,Telefonica Brasil S.a.,50409146447,10,48412023,1016755640,AV. RIO PARANAPANEMA  N.º 446 - BAIRRO: PQ. ORESTES ONGARO,,SP,3519071,10M0G7W,LTE,,,2160,1970,320,FB,,,760,"1.68E+11",17.9,24,64,2,X,39,83071803257,40,-22.8429,-47.221721,G,6/24/2025,6/24/2025,,7ae78c0803f591f5,4/29/2038,,,Hortolândia,,x
LIC-LIC-01,Telefonica Brasil S.a.,50409146447,10,48412023,1016755632,RUA OURO PRETO  15,,SP,3519071,10M0G7W,LTE,,,2160,1970,350,FB,,,760,"1.68E+11",17.9,24,64,2,X,22,83071803257,40,-22.8921,-47.192339,G,6/24/2025,6/24/2025,,7ae78c0803f591e3,4/29/2038,,,Hortolândia,,x
LIC-LIC-01,Telefonica Brasil S.a.,50409146447,10,48412023,1016755624,RUA REGINALDO APARECIDO DA SILVA FURLAN  146  JARDIM SANTO ANTÔNIO,,SP,3509502,10M0G7W,LTE,,,2160,1970,310,FB,,,760,"1.68E+11",17.9,24,64,2,X,50,83071803257,40,-22.90264,-47.16487,G,6/24/2025,6/24/2025,,7ae78c0803f591d1,4/29/2038,,,Campinas,,x
LIC-LIC-01,Telefonica Brasil S.a.,50409146447,10,48412023,1016755616,ROD SP 304  SN,,SP,3545803,10M0G7W,LTE,,,2160,1970,280,FB,,,760,"1.68E+11",17.9,24,64,2,X,20,83071803257,40,-22.7673,-47.423839,G,6/24/2025,6/24/2025,,7ae78c0803f591bf,4/29/2038,,,Santa Bárbara d'Oeste,,x
LIC-LIC-01,CLARO S.A.,50409105090,10,105752021,1011751515,AV CORONEL JOAO LEITE,ED SAMAMBAIA I,SP,3530805,20M0G7W,LTE,,,2325,0,260,FB,,,760,"2.22E+11",25,25,65,1,X,61.5,222000000000,160,-22.43518,-46.95921,G,6/13/2025,3/3/2021,,204d8c0803790bdf,12/8/2041,,,Mogi Mirim,,
LIC-LIC-01,CLARO S.A.,50409105090,10,97692014,1016736387,R DOUTOR MARIO JANUARIO MATALLO,,SP,3509502,10M0G7W,LTE,,,798,743,290,FB,,,760,,13.5,24,73,0,X,30,33782402519,79.43,-23.02742,-47.1158,G,6/13/2025,6/13/2025,,f3b68c08037c1caa,12/8/2029,,,Campinas,,x
LIC-LIC-01,CLARO S.A.,50409105090,10,97692014,1016736379,R MARTIM MARIO PIVA,,SP,3501608,10M0G7W,LTE,,,798,743,300,FB,,,760,,13.5,24,73,0,X,44,33782402519,79.43,-22.74663,-47.2418,G,6/13/2025,6/13/2025,,f3b68c08037c1ca4,12/8/2029,,,Americana,,x
LIC-LIC-01,CLARO S.A.,50409105090,10,105752021,1004803181,EST MUNICIPAL ATN 345,,SP,3503802,20M0G7W,LTE,,,2325,0,310,FB,,,760,"2.22E+11",25,25,65,1,X,50,12111805894,160,-22.53948,-47.17086,G,6/13/2025,9/18/2017,,f3b68c08037c1c8f,12/8/2041,,,Artur Nogueira,,
LIC-LIC-01,CLARO S.A.,50409105090,10,97692014,1016736328,R ITAPIRU,,SP,3545209,10M0G7W,LTE,,,798,743,320,FB,,,760,,13.5,24,73,0,X,37,33782402519,79.43,-23.19153,-47.28856,G,6/13/2025,6/13/2025,,dbf58c0803551f9c,12/8/2029,,,Salto,,x
LIC-LIC-01,CLARO S.A.,50409105090,10,59592012,1003795487,R JEAN ANASTACE KOVELIS,ANHANGUERA PARQUE SHOPPING,SP,3509205,20M0G7W,LTE,,,2640,2520,350,FB,,,760,,17.6,21,51,3,X,40,45621602519,40,-23.40877,-46.85746,G,6/13/2025,3/17/2017,,dbf58c0803551f84,10/18/2027,,,Cajamar,,
LIC-LIC-01,CLARO S.A.,50409105090,10,97692014,1011795091,AV IMPERATRIZ DONA TERESA CRISTINA,,SP,3509502,10M0G7W,LTE,,,798,743,280,FB,,,760,"56001603518",13,23,67,5,X,4,33782402519,79.43,-22.91136,-47.03511,G,6/13/2025,3/5/2021,,f3b68c0803761c96,12/8/2029,,,Campinas,,x
LIC-LIC-01,CLARO S.A.,50409105090,10,34672011,697089495,R MANOEL DA COSTA PATRAO,,SP,3549102,10M0G7W,LTE,,,2140,1950,350,FB,,,760,,16.9,22,62,1,X,17,35912402519,60,-21.98731,-46.7874,G,6/11/2025,5/31/2012,,74a18c0802b44fcf,6/1/2026,,,São João da Boa Vista,,
LIC-LIC-01,CLARO S.A.,50409105090,10,97692014,1011752180,R BENEDITO JOICE BOCCHINI,,SP,3509502,10M0G7W,LTE,,,798,743,60,FB,,,760,"56001603518",13,23,67,3,X,35,33782402519,79.43,-22.83571,-47.03682,G,6/9/2025,3/3/2021,,ca9b8c080367a026,12/8/2029,,,Campinas,,x
LIC-LIC-01,CLARO S.A.,50409105090,10,97692014,1016704230,ROD SANTOS DUMONT,MARGINAL SUL,SP,3520509,10M0G7W,LTE,,,798,743,40,FB,,,760,,13.5,24,73,0,X,36,33782402519,79.43,-23.14673,-47.25124,G,6/5/2025,6/5/2025,,6d0c8c0803be5c64,12/8/2029,,,Indaiatuba,,x
LIC-LIC-01,CLARO S.A.,50409105090,10,97692014,1016725776,ROD FERNAO DIAS,KM 10.5 - BR381ACESSO PELA ROTATÓRIO GALPAO GRILL,SP,3556354,10M0G7W,LTE,,,798,743,60,FB,,,760,,13.5,24,73,0,X,41,33782402519,79.43,-22.92114,-46.45197,G,6/9/2025,6/9/2025,,5da18c080269e1e2,12/8/2029,,,Vargem,,
LIC-LIC-01,CLARO S.A.,50409105090,10,97692014,1016704191,R CLAUDIO FONSECA,,SP,3523909,10M0G7W,LTE,,,798,743,250,FB,,,760,,13.5,24,73,0,X,54,33782402519,79.43,-23.2693,-47.3188,G,6/5/2025,6/5/2025,,87c18c0803b0d0a0,12/8/2029,,,Itu,,x
LIC-LIC-01,CLARO S.A.,50409105090,10,34672011,1016698116,AV MONSENHOR LUIS FERNANDES DE ABREU,ROYAL PALM PLAZA RESORT,SP,3509502,10M0G7W,LTE,,,2140,1950,0,FB,,,168,,3,0,360,0,V,3,35912402519,60,-22.93935,-47.07132,G,11/19/2025,6/2/2025,,273f8c0803aee077,6/1/2026,,,Campinas,,x
LIC-LIC-01,CLARO S.A.,50409105090,10,34672011,1012383722,R NELSON DE CARVALHO PINTO,AREA 2 REMANESCENTE  - SERVISÃO PASSAGEM,SP,3523404,10M0G7W,LTE,,,2140,1950,330,FB,,,760,,16.9,22,62,0,X,50,27191702519,60,-22.98641,-46.83756,G,6/10/2025,9/24/2021,,74a18c08032a764a,6/1/2026,,,Itatiba,,x
LIC-LIC-01,CLARO S.A.,50409105090,10,34672011,1016017437,EST VEREADOR ÁLVARO ALESSANDRI,AO LADO DO Nº 3000,SP,3507605,10M0G7W,LTE,,,2140,1950,230,FB,,,760,,17.4,22,59,2,X,40,27191702519,60,-22.92886,-46.61281,G,6/6/2025,8/12/2024,,5da18c0802646e10,6/1/2026,,,Bragança Paulista,,
LIC-LIC-01,CLARO S.A.,50409105090,10,163412023,698948467,RUA MARCOS DUTRA PEREIRA,CAIXA D'ÁGUA,SP,3552403,10M0G7W,LTE,,,2625,2505,230,FB,,,760,,17.6,21,51,1,X,30.5,56351705894,40,-22.8525,-47.1818,G,5/27/2025,6/17/2013,,ef408c0802edb776,11/6/2028,,,Sumaré,,x
LIC-LIC-01,CLARO S.A.,50409105090,10,97692014,1016685910,RUA TENENTE JUVENTINO PAULINO,,SP,3509502,10M0G7W,LTE,,,798,743,315,FB,,,760,,13.5,24,73,0,X,35,33782402519,79.43,-22.94916,-47.05519,G,5/27/2025,5/27/2025,,ef408c0802edb6d2,12/8/2029,,,Campinas,,x
LIC-LIC-01,CLARO S.A.,50409105090,10,97692014,1011756819,AVENIDA FERNANDO STECCA,ESPETO DE OURO,SP,3552205,10M0G7W,LTE,,,798,743,305,FB,,,760,"56001603518",13,23,67,0,X,40,33782402519,79.43,-23.468,-47.42537,G,5/27/2025,3/3/2021,,ef408c0802e53733,12/8/2029,,,Sorocaba,,
LIC-LIC-01,CLARO S.A.,50409105090,10,97692014,1016685871,R JOÃO BENEDITO BUENO,ACESSO PELA RUA LUIZ BONANCIA  87/88,SP,3525201,10M0G7W,LTE,,,798,743,300,FB,,,760,,13.5,24,73,0,X,53,33782402519,79.43,-23.10669,-46.73172,G,5/27/2025,5/27/2025,,73da8c080356853e,12/8/2029,,,Jarinu,,
LIC-LIC-01,CLARO S.A.,50409105090,10,97692014,1016685847,R JOSÉ TIMOTEO DOS SANTOS,,SP,3525904,10M0G7W,LTE,,,798,743,190,FB,,,760,,13.5,24,73,0,X,40,33782402519,79.43,-23.24515,-46.85919,G,5/27/2025,5/27/2025,,73da8c0803568523,12/8/2029,,,Jundiaí,,x
LIC-LIC-01,CLARO S.A.,50409105090,10,97692014,1016685812,R ANCARÁ,AO LADO DO Nº 280 - QD 28 LT 27,SP,3516408,10M0G7W,LTE,,,798,743,170,FB,,,760,,13.5,24,73,0,X,40,33782402519,79.43,-23.32419,-46.70247,G,5/27/2025,5/27/2025,,73da8c080356850e,12/8/2029,,,Franco da Rocha,,
LIC-LIC-01,CLARO S.A.,50409105090,10,97692014,1016685804,R LUIZ BUCKARTE,,SP,3525904,10M0G7W,LTE,,,798,743,170,FB,,,760,,13.5,24,73,0,X,40,33782402519,79.43,-23.18758,-46.9179,G,5/27/2025,5/27/2025,,73da8c0803568502,12/8/2029,,,Jundiaí,,x
LIC-LIC-01,CLARO S.A.,50409105090,10,97692014,1016685766,R CORINA SOAVE GANDRA,,SP,3525904,10M0G7W,LTE,,,798,743,240,FB,,,760,,13.5,24,73,0,X,34,33782402519,79.43,-23.16212,-46.92031,G,5/27/2025,5/27/2025,,73da8c08035684d8,12/8/2029,,,Jundiaí,,x
LIC-LIC-01,CLARO S.A.,50409105090,10,59592012,1011561228,ROD DOM PEDRO I,KM 73,SP,3504107,20M0G7W,LTE,,,2640,2520,310,FB,,,760,"27331703519",17.05,28,65.49,2,X,51,56351705894,40,-23.09707,-46.56286,G,5/20/2025,12/15/2020,,d1308c0803924161,10/18/2027,,,Atibaia,,
LIC-LIC-01,CLARO S.A.,50409105090,10,97692014,1016666567,R RIO MADEIRA,,SP,3550407,10M0G7W,LTE,,,798,743,260,FB,,,760,,13.5,24,73,2,X,34,33782402519,79.43,-22.6213,-47.8156,G,5/16/2025,5/16/2025,,0e4c8c08020de16f,12/8/2029,,,São Pedro,,x
LIC-LIC-01,CLARO S.A.,50409105090,10,97692014,1016666532,R JOSE DA CORREA DA FONSECA,,SP,3530706,10M0G7W,LTE,,,798,743,350,FB,,,760,,13.5,24,73,0,X,40,83192102519,60,-22.35671,-46.9498,G,5/16/2025,5/16/2025,,0e4c8c08020de12a,12/8/2029,,,Mogi Guaçu,,
LIC-LIC-01,CLARO S.A.,50409105090,10,34672011,1014739931,ROD MARIO BATISTA MORI,SP 143,SP,3511607,10M0G7W,LTE,,,2140,1950,75,FB,,,760,"56001603518",14.7,25,53,2,X,62.8,35912402519,60,-23.26058,-47.93571,G,5/16/2025,3/2/2023,,0e4c8c08020de100,6/1/2026,,,Cesário Lange,,
LIC-LIC-01,CLARO S.A.,50409105090,10,97692014,442516983,R TAILANDIA,,SP,3501608,10M0G7W,LTE,,,798,743,260,FB,,,760,"27331703519",14.1,25,66.56,2,X,46,33782402519,79.43,-22.72535,-47.34846,G,5/13/2025,4/10/2000,,cc698c0803415295,12/8/2029,,,Americana,,x
LIC-LIC-01,CLARO S.A.,50409105090,10,97692014,1016657746,R VITAL BRASIL,,SP,3545209,10M0G7W,LTE,,,798,743,320,FB,,,760,,13.5,24,73,0,X,40,33782402519,79.43,-23.19972,-47.30524,G,1/28/2026,5/9/2025,,dbf58c08036be57f,12/8/2029,,,Salto,,x
LIC-LIC-01,CLARO S.A.,50409105090,10,97692014,1016654925,R QUINZE,LOTE 1 QUADRA 19,SP,3516309,10M0G7W,LTE,,,798,743,320,FB,,,760,,13.5,24,73,0,X,35,33782402519,79.43,-23.26833,-46.75995,G,5/8/2025,5/8/2025,,55908c08032d2291,12/8/2029,,,Francisco Morato,,
LIC-LIC-01,CLARO S.A.,50409105090,10,97692014,1016654895,R RICARDO FELTRE,,SP,3516309,10M0G7W,LTE,,,798,743,30,FB,,,760,,13.5,24,73,4,X,49,33782402519,79.43,-23.2545,-46.74405,G,5/8/2025,5/8/2025,,7ede8c0802bd033c,12/8/2029,,,Francisco Morato,,
LIC-LIC-01,CLARO S.A.,50409105090,10,97692014,698282671,AV JOSÉ BENASSI,CAIXA DÁGUA,SP,3525904,10M0G7W,LTE,,,798,743,355,FB,,,760,,13.4,21,68,2,X,43.5,33782402519,79.43,-23.15676,-47.00013,G,5/8/2025,11/28/2012,,7ede8c0802b7681a,12/8/2029,,,Jundiaí,,x
LIC-LIC-01,CLARO S.A.,50409105090,10,34672011,1011643330,EST HELENA DARCI PIRONDINI ZERBINATTI,,SP,3509007,10M0G7W,LTE,,,2140,1950,40,FB,,,760,,17.4,22,59,0,X,52,35912402519,60,-23.36609,-46.72938,G,5/8/2025,12/23/2020,,7ede8c0802b767ff,6/1/2026,,,Caieiras,,
LIC-LIC-01,CLARO S.A.,50409105090,10,97692014,1016651942,AV JOAO GEROSA,,SP,3551603,10M0G7W,LTE,,,798,743,70,FB,,,760,,13.5,24,73,2,X,34,33782402519,79.43,-22.63297,-46.69806,G,5/6/2025,5/6/2025,,5d308c0803c87a52,12/8/2029,,,Serra Negra,,x
LIC-LIC-01,CLARO S.A.,50409105090,10,97692014,1014434197,R CARDOSO PIMENTEL,,SP,3540606,10M0G7W,LTE,,,798,743,250,FB,,,760,"56001603518",13,23,67,0,X,50.7,33782402519,79.43,-23.20152,-47.5187,G,5/6/2025,10/28/2022,,5d308c0803c87a40,12/8/2029,,,Porto Feliz,,x
LIC-LIC-01,CLARO S.A.,50409105090,10,59592012,1015699291,R ORLANDO DE OLIVEIRA,,SP,3509502,20M0G7W,LTE,,,2640,2520,30,FB,,,760,,17.6,21,51,0,X,40,56351705894,40,-22.8501,-47.11381,G,5/6/2025,3/12/2024,,8d318c0802e3db63,10/18/2027,,,Campinas,,x
LIC-LIC-01,CLARO S.A.,50409105090,10,97692014,1016650130,R FREI ANTONIO DE PADUA,,SP,3509502,10M0G7W,LTE,,,798,743,50,FB,,,760,,13.5,24,73,2,X,40,33782402519,79.43,-22.88873,-47.07063,G,5/5/2025,5/5/2025,,09d48c0802a5bf69,12/8/2029,,,Campinas,,x
LIC-LIC-01,CLARO S.A.,50409105090,10,97692014,1016650121,R ALFREDO PACÍFICO BELGAMA,,SP,3509502,10M0G7W,LTE,,,798,743,260,FB,,,760,,13.5,24,73,2,X,40,27191702519,79.43,-22.951,-47.02306,G,5/5/2025,5/5/2025,,09d48c0802a5bf63,12/8/2029,,,Campinas,,x
LIC-LIC-01,CLARO S.A.,50409105090,10,97692014,1016649212,RUA SILVESTRE JOAQUIM DA SILVA,,SP,3509502,10M0G7W,LTE,,,798,743,260,FB,,,760,,13.5,24,73,2,X,31,33782402519,79.43,-22.83044,-47.09532,G,5/2/2025,5/2/2025,,27358c0803abf7fa,12/8/2029,,,Campinas,,x
LIC-LIC-01,CLARO S.A.,50409105090,10,97692014,1016650016,R DOM PEDRO I - LOTE 17 - ACESSO RUA PINHEIRAL DE SANTA HELENA S/N,,SP,3507605,10M0G7W,LTE,,,798,743,245,FB,,,760,,13.5,24,73,0,X,34,33782402519,79.43,-22.98328,-46.52429,G,2/24/2026,5/5/2025,,09d48c08029dc290,12/8/2029,,,Bragança Paulista,,
LIC-LIC-01,CLARO S.A.,50409105090,10,34672011,1016649255,RUA DUQUE DE CAXIAS,,SP,3545803,10M0G7W,LTE,,,2140,1950,280,FB,,,760,,17.4,22,59,2,X,26,39452402519,80,-22.75316,-47.41434,G,5/2/2025,5/2/2025,,27358c0803b14557,6/1/2026,,,Santa Bárbara d'Oeste,,x
LIC-LIC-01,CLARO S.A.,50409105090,10,97692014,1011795130,RUA ODETTE DE FREITAS MURAYAMA,RES. SÃO PAULO,SP,3509502,10M0G7W,LTE,,,798,743,210,FB,,,760,"56001603518",13,23,67,3,X,35,33782402519,79.43,-22.94981,-47.12051,G,5/2/2025,3/5/2021,,27358c0803b1452d,12/8/2029,,,Campinas,,x
LIC-LIC-01,CLARO S.A.,50409105090,10,25152016,523063849,ROD FERNÃO DIAS,ACESSO PELA AV. ESTEVÃO DIAMANT - FAZENDA SÃO JOSÉ E SANTA BÁRBARA,SP,3507605,15M0G7W,LTE,,,1842.5,1747.5,40,FB,,,760,"27331703519",16.16,27,66.76,5,X,47.6,6091702519,79.43,-22.9613,-46.4803,G,5/8/2025,6/1/2000,,dbf58c080361f1bb,7/27/2031,,,Bragança Paulista,,
LIC-LIC-01,CLARO S.A.,50409105090,10,34672011,1350153,R YAENO HAYASHIDA,,SP,3528502,10M0G7W,LTE,,,2140,1950,290,FB,,,760,,16.9,22,62,0,X,60,39452402519,80,-23.2687,-46.5873,G,4/28/2025,11/14/2003,,ef408c08035486fc,6/1/2026,,,Mairiporã,,
LIC-LIC-01,CLARO S.A.,50409105090,10,97692014,1016638466,R RICARDO NELSON DE ALMEIDA,,SP,3525201,10M0G7W,LTE,,,798,743,210,FB,,,760,,13.5,24,73,0,X,34,33782402519,79.43,-23.10385,-46.7057,G,4/24/2025,4/24/2025,,73da8c0803635fd4,12/8/2029,,,Jarinu,,
LIC-LIC-01,CLARO S.A.,50409105090,10,97692014,1016638458,R MANOEL RODRIGUES DE OLIVEIRA,,SP,3556503,10M0G7W,LTE,,,798,743,200,FB,,,760,,13.5,24,73,2,X,40,33782402519,79.43,-23.21622,-46.81326,G,4/24/2025,4/24/2025,,73da8c0803635fd1,12/8/2029,,,Várzea Paulista,,x
LIC-LIC-01,Telefonica Brasil S.a.,50409146447,10,48422023,1010133583,RUA CERCIRA,,SP,3550308,5M00G7W,LTE,,,1867.5,1772.5,240,FB,,,760,"44181403519",15.1,29,62,4,X,35,35912402519,40,-23.407833,-46.740861,G,4/29/2025,3/18/2020,,3e168c0803e4d969,12/22/2032,,,São Paulo,,
LIC-LIC-01,Telefonica Brasil S.a.,50409146447,10,48422023,1014372159,AVENIDA DOUTOR SYLVIO DE CAMPOS,FAIXA DE DOMINIO DA RODOVIA BANDEIRANTES - KM 27/28 (PROXIMO AO N1212),SP,3550308,5M00G7W,LTE,,,1867.5,1772.5,350,FB,,,760,"56001603518",16.9,25,67,2,X,38.5,35912402519,40,-23.40628,-46.7669,G,4/29/2025,1/17/2023,,3e168c0803e4d8a4,12/22/2032,,,São Paulo,,
LIC-LIC-01,Telefonica Brasil S.a.,50409146447,10,59072012,1012603420,AVENIDA DA SAUDADE,,SP,3516408,15M0G7W,LTE,,,2680,2560,330,FB,,,760,"1.29E+11",15.8,29,57,2,X,40,56351705894,40,-23.318083,-46.706606,G,4/29/2025,11/19/2021,,3e168c0803c9473f,10/18/2027,,,Franco da Rocha,,
LIC-LIC-01,Telefonica Brasil S.a.,50409146447,10,166262022,1016645217,RODOVIA DOM PEDRO I SP-065,KM 118 E KM 119 SENTIDO NORTE,SP,3509502,10M0G7W,LTE,,,2150,1960,280,FB,,,760,"44181403519",16.4,32,57,4,X,59,83071803257,40,-22.923778,-46.929137,G,4/29/2025,4/29/2025,,3e168c0803c94715,12/22/2032,,,Campinas,,x
LIC-LIC-01,Telefonica Brasil S.a.,50409146447,10,59072012,1003684316,ESTRADA DO BARRERINHO,,SP,3545803,5M00G7W,LTE,,,2680,2560,310,FB,,,760,"56001603518",17.5,30,57,4,X,46,58221803257,40,-22.768886,-47.403903,G,4/29/2025,1/3/2017,,3e168c0803c946fd,10/18/2027,,,Santa Bárbara d'Oeste,,x
LIC-LIC-01,Telefonica Brasil S.a.,50409146447,10,166262022,1016645195,RUA LUZITANA,,SP,3509502,10M0G7W,LTE,,,2150,1960,340,FB,,,760,"56001603518",17.4,25,62,2,X,53,83071803257,40,-22.9009,-47.0585,G,4/29/2025,4/29/2025,,3e168c0803c946b2,12/22/2032,,,Campinas,,x
LIC-LIC-01,Telefonica Brasil S.a.,50409146447,10,166262022,1016645187,RUA JOÃO DE SOUZA COELHO,,SP,3509502,10M0G7W,LTE,,,2150,1960,270,FB,,,760,"38661703257",17.6,25,64,2,X,30,83071803257,40,-22.87375,-47.12862,G,4/29/2025,4/29/2025,,3e168c0803c9468d,12/22/2032,,,Campinas,,x
LIC-LIC-01,Telefonica Brasil S.a.,50409146447,10,166262022,3229467,RUA JOVE MANOEL DOS SANTOS,,SP,3509205,10M0G7W,LTE,,,2150,1960,230,FB,,,760,"56001603518",17.2,30,60,2,X,28,83192102519,40,-23.360092,-46.879733,G,4/29/2025,12/10/1999,,3e168c0803c94675,12/22/2032,,,Cajamar,,
LIC-LIC-01,Telefonica Brasil S.a.,50409146447,10,166262022,410915777,RUA DOUTOR SYLVIO CARVALHAES,,SP,3509502,10M0G7W,LTE,,,2150,1960,330,FB,,,760,"44181403519",16.4,32,57,4,X,51,83071803257,40,-22.927067,-47.096822,G,4/29/2025,12/13/1999,,3e168c0803c9465a,12/22/2032,,,Campinas,,x
LIC-LIC-01,Telefonica Brasil S.a.,50409146447,10,48412023,1009578330,Rodovia Anhanguera,KM 25,SP,3550308,10M0G7W,LTE,,,2160,1970,270,FB,,,760,"56001603518",17.4,25,62,4,X,37.5,35912402519,40,-23.424132,-46.801375,G,4/29/2025,11/25/2019,,3e168c080386f107,4/29/2038,,,São Paulo,,
LIC-LIC-01,Telefonica Brasil S.a.,50409146447,10,48412023,1016256431,AVENIDA PASTOR JESUS NASCIMENTO SANTO,,SP,3545803,10M0G7W,LTE,,,2160,1970,320,FB,,,760,"0",17.9,24,64,2,X,35,83071803257,40,-22.7362,-47.396439,G,4/29/2025,11/7/2024,,3e168c080386f101,4/29/2038,,,Santa Bárbara d'Oeste,,x
LIC-LIC-01,Telefonica Brasil S.a.,50409146447,10,48412023,1016256423,RUA INDAIÁ,QUADRA A,SP,3545803,10M0G7W,LTE,,,2160,1970,220,FB,,,760,"38661703257",17.6,25,64,2,X,33,83071803257,40,-22.7392,-47.40953,G,4/29/2025,11/7/2024,,3e168c080386f0f2,4/29/2038,,,Santa Bárbara d'Oeste,,x
LIC-LIC-01,Telefonica Brasil S.a.,50409146447,10,48412023,1016256415,RUA ANTONIO CELSO FORMÁGIO,,SP,3552403,10M0G7W,LTE,,,2160,1970,300,FB,,,760,"0",17.9,24,64,2,X,40,83071803257,40,-22.8207,-47.29145,G,4/29/2025,11/7/2024,,3e168c080386f0e3,4/29/2038,,,Sumaré,,x
LIC-LIC-01,CLARO S.A.,50409105090,10,97692014,1011795121,RUA MADALENA BARBOSA FERREIRA,,SP,3509502,10M0G7W,LTE,,,798,743,210,FB,,,760,"56001603518",13,23,67,1,X,35,33782402519,79.43,-22.92374,-47.03419,G,4/16/2025,3/5/2021,,a3723c080234ad8e,12/8/2029,,,Campinas,,x
LIC-LIC-01,CLARO S.A.,50409105090,10,97692014,1011752201,RUA FRANCISCO DE CAMPOS ABREU,,SP,3509502,10M0G7W,LTE,,,798,743,220,FB,,,760,"56001603518",13,23,67,5,X,21,33782402519,79.43,-22.94031,-47.03477,G,4/16/2025,3/3/2021,,a3723c080234ad6a,12/8/2029,,,Campinas,,x
LIC-LIC-01,CLARO S.A.,50409105090,10,97692014,1011795148,AV ANDRE TOSELLO,,SP,3509502,10M0G7W,LTE,,,798,743,90,FB,,,760,"56001603518",13,23,67,2,X,22,33782402519,79.43,-22.96907,-47.11294,G,4/16/2025,3/5/2021,,a3723c080234acf2,12/8/2029,,,Campinas,,x
LIC-LIC-01,CLARO S.A.,50409105090,10,97692014,1011795105,R DOUTOR OTAVIO MENDES,RESID. ISABELLA,SP,3509502,10M0G7W,LTE,,,798,743,330,FB,,,760,"56001603518",13,23,67,4,X,55,33782402519,79.43,-22.9007,-47.07258,G,4/16/2025,3/5/2021,,a3723c080234acdd,12/8/2029,,,Campinas,,x
LIC-LIC-01,CLARO S.A.,50409105090,10,97692014,1016621067,EST ROSEMARI HIDALGO DOS SANTOS,,SP,3547304,10M0G7W,LTE,,,798,743,30,FB,,,760,,13.5,24,73,2,X,47,33782402519,79.43,-23.41806,-46.9506,G,4/14/2025,4/14/2025,,09d48c0802a1e627,12/8/2029,,,Santana de Parnaíba,,
LIC-LIC-01,CLARO S.A.,50409105090,10,97692014,1016621040,EST DE SERVIDÃO 4 FRATELLI,SITIO GLEBA C1,SP,3538600,10M0G7W,LTE,,,798,743,240,FB,,,760,,13.5,24,73,2,X,54.7,33782402519,79.43,-22.98039,-46.35487,G,4/14/2025,4/14/2025,,09d48c0802a1e612,12/8/2029,,,Piracaia,,
LIC-LIC-01,CLARO S.A.,50409105090,10,97692014,1016621032,R DAS PRIMAVERAS,,SP,3547304,10M0G7W,LTE,,,798,743,260,FB,,,760,,13.5,24,73,2,X,48,33782402519,79.43,-23.44063,-46.88195,G,4/14/2025,4/14/2025,,53ff3c0803a9ba00,12/8/2029,,,Santana de Parnaíba,,
LIC-LIC-01,CLARO S.A.,50409105090,10,34672011,692883827,RUA ANTONIO CHELELINE,PRÓXIMO AO 258,SP,3525904,10M0G7W,LTE,,,2140,1950,250,FB,,,760,,16.9,22,62,1,X,40,8041101882,61.52,-23.17687,-46.8593,G,4/14/2025,10/27/2010,,53ff3c0803a9b935,6/1/2026,,,Jundiaí,,x
LIC-LIC-01,CLARO S.A.,50409105090,10,97692014,690557418,RUA JOÃO BANDEIRA,ESQ C/ RUA PEDRO CANALE,SP,3525904,10M0G7W,LTE,,,798,743,230,FB,,,760,,13.4,21,68,1,X,31,33782402519,79.43,-23.19053,-46.84513,G,4/10/2025,10/8/2008,,fd6b3c080283f273,12/8/2029,,,Jundiaí,,x
LIC-LIC-01,CLARO S.A.,50409105090,10,97692014,1016621075,RUA ANTÔNIO CONSELHEIRO,,SP,3501608,10M0G7W,LTE,,,798,743,250,FB,,,760,,13.5,24,73,2,X,23,33782402519,79.43,-22.70807,-47.29782,G,4/14/2025,4/14/2025,,df593c0802b590ad,12/8/2029,,,Americana,,x
LIC-LIC-01,CLARO S.A.,50409105090,10,163412023,696727331,RUA MARIA FERREIRA COIMBRA,,SP,3552403,10M0G7W,LTE,,,2625,2505,255,FB,,,760,,17.6,21,51,0,X,45,56351705894,40,-22.82457,-47.16612,G,4/10/2025,4/4/2012,,a3313c0803d1b504,11/6/2028,,,Sumaré,,x
LIC-LIC-01,CLARO S.A.,50409105090,10,97692014,1016611436,RUA PARAGUAI,,SP,3509502,10M0G7W,LTE,,,798,743,180,FB,,,760,,13.5,24,73,0,X,35,33782402519,79.43,-22.93291,-47.06558,G,4/10/2025,4/10/2025,,a3313c0803d1b448,12/8/2029,,,Campinas,,x
LIC-LIC-01,Telefonica Brasil S.a.,50409146447,10,48412023,1016256407,RUA CLOTHILDE PIZZIMENTTI MARMO,322 - QD Y LOTE 02,SP,3526902,10M0G7W,LTE,,,2160,1970,320,FB,,,760,"0",17.9,24,64,2,X,34,83071803257,40,-22.574,-47.44233,G,4/9/2025,11/7/2024,,ca3a3c08044091b9,4/29/2038,,,Limeira,,
LIC-LIC-01,Telefonica Brasil S.a.,50409146447,10,48412023,1016256393,AVENIDA LAERSON ANDIA,QUADRA H  LOTE 12,SP,3545803,10M0G7W,LTE,,,2160,1970,150,FB,,,760,"0",17.9,24,64,1,X,34,83071803257,40,-22.7578,-47.43372,G,4/9/2025,11/7/2024,,98b53c08026c95a4,4/29/2038,,,Santa Bárbara d'Oeste,,x
LIC-LIC-01,Telefonica Brasil S.a.,50409146447,10,48412023,1016609890,RUA ROMA  376 - JARDIM RES. FIRENZE  HORTOLÂNDIA - SP  13189-201  BRAZIL,,SP,3519071,10M0G7W,LTE,,,2160,1970,210,FB,,,760,"0",17.9,24,64,2,X,32.25,83071803257,40,-22.876,-47.232688,G,4/9/2025,4/9/2025,,98b53c08026c958f,4/29/2038,,,Hortolândia,,x
LIC-LIC-01,CLARO S.A.,50409105090,10,34672011,1011651820,EST MUN ELIAS GABRIEL DA SILVA,,SP,3538709,10M0G7W,LTE,,,2140,1950,60,FB,,,760,"56001603518",14.7,25,53,2,X,65,27191702519,60,-22.67936,-47.71356,G,4/16/2025,1/13/2021,,a3723c080225c56c,6/1/2026,,,Piracicaba,,x
LIC-LIC-01,Telefonica Brasil S.a.,50409146447,10,48412023,1015799482,AVENIDA DA SOLIDARIEDADE,,SP,3550308,10M0G7W,LTE,,,2160,1970,310,FB,,,760,"56001603518",17.5,25,65,2,X,49.5,57731705894,40,-23.4396,-46.807319,G,4/7/2025,5/13/2024,,8ee73c080417fb45,4/29/2038,,,São Paulo,,
LIC-LIC-01,Telefonica Brasil S.a.,50409146447,10,48412023,1016592709,RUA JOÃO BERTONI,QUARTEIRÃO QUADRA 16302-S1,SP,3509502,10M0G7W,LTE,,,2160,1970,320,FB,,,760,"1.68E+11",17.9,24,64,2,X,32,83071803257,40,-22.9783,-47.173056,G,4/7/2025,4/7/2025,,8ee73c080417fa8f,4/29/2038,,,Campinas,,x
LIC-LIC-01,Telefonica Brasil S.a.,50409146447,10,48412023,1016592695,ESTRADA MUNICIPAL DO BAIRRO PIRES DE BAIXO,ENFRENTE A ESTANCIA REAL,SP,3526902,10M0G7W,LTE,,,2160,1970,340,FB,,,760,"1.68E+11",15,21,70.7,2,X,40,83071803257,40,-22.58936,-47.31143,G,4/7/2025,4/7/2025,,8ee73c080417fa80,4/29/2038,,,Limeira,,
LIC-LIC-01,Telefonica Brasil S.a.,50409146447,10,48412023,1016592679,Estrada do Campo Grande,,SP,3519071,10M0G7W,LTE,,,2160,1970,300,FB,,,760,"1.68E+11",17.9,24,64,2,X,54.4,83071803257,40,-22.9108,-47.195278,G,4/7/2025,4/7/2025,,8ee73c080417fa19,4/29/2038,,,Hortolândia,,x
LIC-LIC-01,CLARO S.A.,50409105090,10,34672011,1011752155,R DR SEBASTIAO ARMELIN,,SP,3510401,10M0G7W,LTE,,,2140,1950,240,FB,,,760,"56001603518",14.7,25,53,0,X,61.5,27191702519,60,-22.99115,-47.45002,G,4/14/2025,3/3/2021,,8d318c0802d65e94,6/1/2026,,,Capivari,,x
LIC-LIC-01,CLARO S.A.,50409105090,10,97692014,1016592270,RUA DOS PINHEIROS,QUADRA G - LOTE 23,SP,3516309,10M0G7W,LTE,,,798,743,160,FB,,,760,,13.5,24,73,-2,X,45,33782402519,79.43,-23.26433,-46.75415,G,4/7/2025,4/7/2025,,ff833c0803842642,12/8/2029,,,Francisco Morato,,
LIC-LIC-01,Telefonica Brasil S.a.,50409146447,10,48412023,1016585907,RUA EUDES BATISTA RIBEIRO - JARDIM SANTA ROSA - CAMPINAS - SP - - S/N - 13058-712,,SP,3509502,10M0G7W,LTE,,,2160,1970,270,FB,,,760,"0",17.9,24,64,2,X,39,83071803257,40,-22.9372,-47.18373,G,4/2/2025,4/2/2025,,ff673c08022156a7,4/29/2038,,,Campinas,,x
LIC-LIC-01,CLARO S.A.,50409105090,10,46622011,695954415,RUA GIORGIO MORONI,,SP,3520509,10M0G7W,LTE,,,1875,1780,220,FB,,,760,,16.7,25,64,-1,X,40,6091702519,79.43,-23.12042,-47.2519,G,4/7/2025,9/5/2011,,ff833c08033f54a2,3/31/2028,,,Indaiatuba,,x
LIC-LIC-01,CLARO S.A.,50409105090,10,46622011,1008173077,RUA JOAQUIM MOURA DOS SANTOS,,SP,3552403,10M0G7W,LTE,,,1875,1780,300,FB,,,760,,16.5,21,66,1,X,50,12111805894,40,-22.83577,-47.19772,G,4/7/2025,3/1/2019,,f9698c080246a8e5,3/31/2028,,,Sumaré,,x
LIC-LIC-01,CLARO S.A.,50409105090,10,97692014,1016582029,RUA HÉLCIO RODRIGUES - - PX AO NÚMERO 431,SITIO SANTO ANTONIO  - CENTRO DE CONVENÇÕES - ICPI N° 431,SP,3530706,10M0G7W,LTE,,,798,743,290,FB,,,760,,13.5,24,73,0,X,26,33782402519,79.43,-22.34567,-46.92123,G,3/19/2026,3/31/2025,,53ff3c08038e161f,12/8/2029,,,Mogi Guaçu,,
LIC-LIC-01,CLARO S.A.,50409105090,10,46622011,1016575294,RUA BENEDITO LAMOSA,,SP,3554003,2M50G7W,LTE,,,892.75,847.75,260,FB,,,760,,13.6,24,73,0,X,40,39721705894,80,-23.40361,-47.83268,G,3/26/2025,3/26/2025,,df593c0802baf10c,3/31/2028,,,Tatuí,,
LIC-LIC-01,CLARO S.A.,50409105090,10,34672011,1011650069,RUA JOSE CAMILO DE CAMARGO,SHOPPING HORTOLÂNDIA,SP,3519071,10M0G7W,LTE,,,2140,1950,0,FB,,,168,,4.7,0,360,0,V,3,27191702519,60,-22.8637,-47.21322,G,3/26/2025,1/7/2021,,df593c0802baf0e1,6/1/2026,,,Hortolândia,,x
LIC-LIC-01,CLARO S.A.,50409105090,10,97692014,1016582002,RUA ADÉLIA PHILOMENA MATTIONI,LT 33  QD 228,SP,3520509,10M0G7W,LTE,,,798,743,240,FB,,,760,,13.5,24,73,-2,X,40,33782402519,79.43,-23.1205,-47.23835,G,3/31/2025,3/31/2025,,50973c08039ad782,12/8/2029,,,Indaiatuba,,x
LIC-LIC-01,CLARO S.A.,50409105090,10,97692014,1016581987,AVENIDA PACAEMBU,ESQ. C/ RUA CAPIVARI,SP,3556503,10M0G7W,LTE,,,798,743,260,FB,,,760,,13.5,24,73,0,X,35,33782402519,79.43,-23.19797,-46.8155,G,3/31/2025,3/31/2025,,50973c0803bedb6c,12/8/2029,,,Várzea Paulista,,x
LIC-LIC-01,CLARO S.A.,50409105090,10,34672011,1011793676,RUA FLORIANO PEIXOTO,,SP,3538709,10M0G7W,LTE,,,2140,1950,235,FB,,,760,"56001603518",14.7,25,53,-1,X,48,27191702519,60,-22.73498,-47.6449,G,4/4/2025,3/5/2021,,dc4b3c080344ba3a,6/1/2026,,,Piracicaba,,x
LIC-LIC-01,CLARO S.A.,50409105090,10,97692014,1016569448,RUA COMENDADOR VICENTE AMARO SOBRINHO,,SP,3551603,10M0G7W,LTE,,,798,743,260,FB,,,760,,13.5,24,73,2,X,40,33782402519,79.43,-22.60901,-46.71611,G,3/24/2025,3/24/2025,,a3313c0803f61877,12/8/2029,,,Serra Negra,,x
LIC-LIC-01,CLARO S.A.,50409105090,10,46622011,687196060,R JOSÉ ARTHUR PINTO,,SP,3507902,10M0G7W,LTE,,,1875,1780,80,FB,,,760,"56001603518",14.3,25,65,0,X,60,6091702519,79.43,-22.44381,-48.01272,G,3/24/2025,6/28/2005,,a3313c0803f617a5,3/31/2028,,,Brotas,,
LIC-LIC-01,CLARO S.A.,50409105090,10,97692014,1014806302,RUA DONA GLADYS BERNARDES MINHOTO,,SP,3554003,10M0G7W,LTE,,,798,743,285,FB,,,760,"56001603518",13,23,67,0,X,31,33782402519,79.43,-23.33316,-47.84967,G,3/21/2025,3/29/2023,,23cd3c08039383e6,12/8/2029,,,Tatuí,,
LIC-LIC-01,CLARO S.A.,50409105090,10,97692014,1011752210,RUA HÊNIO LOMBELO,,SP,3509502,10M0G7W,LTE,,,798,743,325,FB,,,760,"56001603518",13,23,67,-5,X,32.5,33782402519,79.43,-22.88751,-47.14808,G,3/24/2025,3/3/2021,,23cd3c08038e2dc1,12/8/2029,,,Campinas,,x
LIC-LIC-01,CLARO S.A.,50409105090,10,97692014,1011795083,RUA SALTO GRANDE,,SP,3509502,10M0G7W,LTE,,,798,743,200,FB,,,760,"56001603518",13,23,67,0,X,27.7,33782402519,79.43,-22.93323,-47.06999,G,3/21/2025,3/5/2021,,d4dd3c0802250b80,12/8/2029,,,Campinas,,x
LIC-LIC-01,Telefonica Brasil S.a.,50409146447,10,48422023,1016567259,RUA ESTHER TOLEDO DE SOUZA  SN°,ITUPEVA,SP,3524006,5M00G7W,LTE,,,1867.5,1772.5,340,FB,,,760,"0",0,0,0,2,X,50,35912402519,40,-23.125233,-47.046294,G,3/21/2025,3/21/2025,,d4dd3c0803e617dd,12/22/2032,,,Itupeva,,x
LIC-LIC-01,Telefonica Brasil S.a.,50409146447,10,48422023,1016567232,ESTRADA MUNICIPAL DA CACHOEIRA (SÍTIO BRASILÂNDIA),,SP,3504107,5M00G7W,LTE,,,1867.5,1772.5,310,FB,,,760,"0",0,0,0,2,X,40,35912402519,40,-23.08515,-46.505467,G,3/21/2025,3/21/2025,,d4dd3c0803e617ca,12/22/2032,,,Atibaia,,
LIC-LIC-01,Telefonica Brasil S.a.,50409146447,10,48412023,1016568654,AVENIDA SEN ANTONIO LACERDA FRANCO  SN,,SP,3509502,10M0G7W,LTE,,,2160,1970,250,FB,,,760,"43061703257",16.9,27,63,2,X,28,83071803257,40,-22.9358,-47.089192,G,3/24/2025,3/24/2025,,98b53c0803950f45,4/29/2038,,,Campinas,,x
LIC-LIC-01,Telefonica Brasil S.a.,50409146447,10,48412023,1016568646,AV MUNICIPAL RODOLFO KIVITZ KM121,,SP,3533403,10M0G7W,LTE,,,2160,1970,250,FB,,,760,"0",17.9,24,64,2,X,29,83071803257,40,-22.7937,-47.310183,G,3/24/2025,3/24/2025,,98b53c0803950f15,4/29/2038,,,Nova Odessa,,x
LIC-LIC-01,Telefonica Brasil S.a.,50409146447,10,48412023,1016256440,ALBERTO RIBEIRO,,SP,3501608,10M0G7W,LTE,,,2160,1970,330,FB,,,760,"0",17.9,24,64,2,X,29.4,83071803257,40,-22.719,-47.31585,G,3/24/2025,11/7/2024,,98b53c0803950f06,4/29/2038,,,Americana,,x
LIC-LIC-01,Telefonica Brasil S.a.,50409146447,10,48412023,1016256598,RUA DO BOTAFOGO AO LADO 11,JD. GUANABARA,SP,3501608,10M0G7W,LTE,,,2160,1970,230,FB,,,760,"38661703257",17.6,25,64,2,X,32.5,83071803257,40,-22.720969,-47.330831,G,3/24/2025,11/7/2024,,98b53c0803950ee2,4/29/2038,,,Americana,,x
LIC-LIC-01,Telefonica Brasil S.a.,50409146447,10,48412023,1013286577,RODOVIA MARIO TONOLI,,SP,3524006,10M0G7W,LTE,,,2160,1970,280,FB,,,760,"1.29E+11",15.8,32,56,2,X,50,83192102519,40,-23.181519,-47.065531,G,3/24/2025,7/15/2022,,98b53c0803950ed0,4/29/2038,,,Itupeva,,x
LIC-LIC-01,CLARO S.A.,50409105090,10,97692014,1016559345,R DIVINO SCAPIN,ANTIGA RUA 8 - LOTE 47 - QD I,SP,3524006,10M0G7W,LTE,,,798,743,240,FB,,,760,,13.5,24,73,-1,X,54,33782402519,79.43,-23.14762,-47.0834,G,1/28/2026,3/19/2025,,24f43c0803a871ea,12/8/2029,,,Itupeva,,x
LIC-LIC-01,CLARO S.A.,50409105090,10,97692014,1016548653,RUA BENEDITO RODRIGUES DE ALMEIDA,LOTE 2 QUADRA K,SP,3554508,10M0G7W,LTE,,,798,743,270,FB,,,760,,13.5,24,73,0,X,30,33782402519,79.43,-23.11572,-47.70191,G,3/14/2025,3/14/2025,,50973c0803abbb6b,12/8/2029,,,Tietê,,
LIC-LIC-01,CLARO S.A.,50409105090,10,34672011,1011651774,R HENRIQUE STEIN SOBRINHO,,SP,3514908,10M0G7W,LTE,,,2140,1950,40,FB,,,760,"56001603518",14.7,25,53,0,X,35.5,27191702519,60,-23.06013,-47.30583,G,3/21/2025,1/13/2021,,a3313c0803fb0ebe,6/1/2026,,,Elias Fausto,,x
LIC-LIC-01,CLARO S.A.,50409105090,10,46662011,1015192863,RUA VEREADOR ARGEMIRO LAURINDO CARBONELLI,LOTE 5 QUADRA C,SP,3528502,2M50G7W,LTE,,,892.75,847.75,230,FB,,,760,,15.5,25,66,0,X,25,75462401647,60,-23.29105,-46.53189,G,3/18/2025,8/28/2023,,24f43c0803a3aaa0,8/6/2027,,,Mairiporã,,
LIC-LIC-01,CLARO S.A.,50409105090,10,34672011,685085597,RODOVIA  CORNELIO PIRES - KM 79,,SP,3554508,10M0G7W,LTE,,,2140,1950,200,FB,,,760,,17.4,22,59,-3,X,51,8041101882,61.52,-23.08249,-47.72018,G,3/14/2025,3/15/2005,,dc4b3c080374e7b8,6/1/2026,,,Tietê,,
LIC-LIC-01,CLARO S.A.,50409105090,10,34672011,1015153140,RUA SEBASTIAO BENDASOLI,,SP,3538709,10M0G7W,LTE,,,2140,1950,180,FB,,,760,"56001603518",17.8,25,61,-1,X,40,27191702519,60,-22.77269,-47.66188,G,3/4/2026,8/10/2023,,dc4b3c080374e76a,6/1/2026,,,Piracicaba,,x
LIC-LIC-01,CLARO S.A.,50409105090,10,34672011,1011751566,ESTRADA JORGE JACOB DIEHL,,SP,3538709,10M0G7W,LTE,,,2140,1950,280,FB,,,760,"56001603518",14.7,25,53,0,X,60,27191702519,60,-22.72707,-47.55848,G,3/14/2025,3/3/2021,,dc4b3c080374e755,6/1/2026,,,Piracicaba,,x
LIC-LIC-01,CLARO S.A.,50409105090,10,34672011,684760860,RUA PRUDENTE DE MORAES,,SP,3514908,10M0G7W,LTE,,,2140,1950,220,FB,,,760,,16.9,22,62,-2,X,45.5,39201301882,60,-23.04338,-47.37572,G,3/14/2025,9/14/2004,,dc4b3c080374e713,6/1/2026,,,Elias Fausto,,x
LIC-LIC-01,Telefonica Brasil S.a.,50409146447,10,48412023,1016257098,RUA IGUATU,,SP,3509502,10M0G7W,LTE,,,2160,1970,330,FB,,,760,"38661703257",17.6,25,64,2,X,32,83071803257,40,-22.96703,-47.12883,G,3/6/2025,11/7/2024,,079e3c0803ebf500,4/29/2038,,,Campinas,,x
LIC-LIC-01,Telefonica Brasil S.a.,50409146447,10,59072012,1016533010,RUA REGINA GALDIN TONON  S/N,,SP,3556206,5M00G7W,LTE,,,2680,2560,300,FB,,,760,"56001603518",17.9,25,62,2,X,43,58221803257,40,-22.940039,-47.003481,G,3/6/2025,3/6/2025,,079e3c0803ebf486,10/18/2027,,,Valinhos,,
LIC-LIC-01,Telefonica Brasil S.a.,50409146447,10,105802021,695256319,AVENIDA PROFESSOR LUIZ ROSA,,SP,3525904,40M0G7W,LTE,,,2370,2370,320,FB,,,760,"33892302519",25,25,65,2,X,35,33892302519,40,-23.183183,-46.890303,G,6/10/2025,4/12/2011,,079e3c0803ebf3fa,12/8/2041,,,Jundiaí,,x
LIC-LIC-01,Telefonica Brasil S.a.,50409146447,10,105802021,1002515499,ESTRADA DOS ROMEIROS,TOPO DO MORRO DO CAPUAVA,SP,3539103,40M0G7W,LTE,,,2370,2370,350,FB,,,760,"33892302519",25,25,65,2,X,52,33892302519,40,-23.401906,-46.991417,G,3/6/2025,2/4/2016,,079e3c0803ebf351,12/8/2041,,,Pirapora do Bom Jesus,,
LIC-LIC-01,Telefonica Brasil S.a.,50409146447,10,48412023,1016515526,AVENIDA GUERINO TURATTI  240,QUADRA 0D  LOTE 005,SP,3503307,10M0G7W,LTE,,,2160,1970,270,FB,,,760,"0",17.9,24,64,2,X,35,83071803257,40,-22.375931,-47.3993,G,3/5/2025,3/5/2025,,6d123be803acdc5e,4/29/2038,,,Araras,,
LIC-LIC-01,Telefonica Brasil S.a.,50409146447,10,48412023,1016515518,RUA PEDRO SUZAN  325,,SP,3512803,10M0G7W,LTE,,,2160,1970,210,FB,,,760,"0",17.9,24,64,2,X,26,83071803257,40,-22.6289,-47.198778,G,3/5/2025,3/5/2025,,6d123be803acdc4c,4/29/2038,,,Cosmópolis,,x
LIC-LIC-01,Telefonica Brasil S.a.,50409146447,10,48412023,1016515500,RUA PADRE LEONEL FRANÇA  33,,SP,3509502,10M0G7W,LTE,,,2160,1970,330,FB,,,760,"43061703257",16.9,27,63,2,X,28,83071803257,40,-22.92464,-47.05796,G,3/5/2025,3/5/2025,,6d123be803acdc3a,4/29/2038,,,Campinas,,x
LIC-LIC-01,CLARO S.A.,50409105090,10,46622011,1014440286,ROD PRESIDENTE CASTELO BRANCO - ACESSO P/ ROD SP97,,SP,3540606,10M0G7W,LTE,,,1875,1780,200,FB,,,760,"56001603518",14.3,25,65,0,X,53,6091702519,79.43,-23.34362,-47.52825,G,3/13/2025,10/31/2022,,ff833c08034edf9a,3/31/2028,,,Porto Feliz,,x
LIC-LIC-01,Telefonica Brasil S.a.,50409146447,10,59072012,1016522972,AVENIDA DOS INGÁS/IMBAUBAS  LOTE 02  QUADRA 24,,SP,3509205,20M0G7W,LTE,,,2680,2560,340,FB,,,760,"0",0,0,0,2,X,49.3,56351705894,40,-23.400024,-46.862822,G,3/5/2025,3/5/2025,,f55c3c08040e7754,10/18/2027,,,Cajamar,,
LIC-LIC-01,Telefonica Brasil S.a.,50409146447,10,59072012,1016522964,RUA ENGENHEIRO MENDONÇA  N° 110,LOTE 6 QUADRA V,SP,3509601,20M0G7W,LTE,,,2680,2560,350,FB,,,760,"0",0,0,0,2,X,29,56351705894,40,-23.239342,-46.771983,G,3/5/2025,3/5/2025,,f55c3c08040e774e,10/18/2027,,,Campo Limpo Paulista,,x
LIC-LIC-01,Telefonica Brasil S.a.,50409146447,10,97432014,1016522956,AV BENTO DO AMARAL GURGEL  478,LURDES MARINHO DE OLIVEIRA E HERDEIROS,SP,3525904,10M0G7W,LTE,,,788,733,330,FB,,,760,"0",0,0,0,0,X,29.2,57731705894,40,-23.198019,-46.867011,G,3/5/2025,3/5/2025,,f55c3c08040e76f1,12/8/2029,,,Jundiaí,,x
LIC-LIC-01,Telefonica Brasil S.a.,50409146447,10,48422023,695827529,Avenida Alexandre Fleming,X RUA DOUTOR ANTENOR SOARES GANDRA X RUA ROMEU PEL,SP,3525904,5M00G7W,LTE,,,1867.5,1772.5,260,FB,,,760,"56001603518",16.7,30,64,0,X,19.5,76562202519,40,-23.183625,-46.863466,G,3/5/2025,5/2/2016,,f55c3c08040e76d3,12/22/2032,,,Jundiaí,,x
LIC-LIC-01,Telefonica Brasil S.a.,50409146447,10,48412023,1016522948,RUA PEDRO GUILGER  S/N,,SP,3523909,10M0G7W,LTE,,,2160,1970,250,FB,,,760,"56001603518",17.5,25,65,2,X,55,35912402519,40,-23.281492,-47.26355,G,3/5/2025,3/5/2025,,f55c3c08040e767f,4/29/2038,,,Itu,,x
LIC-LIC-01,Telefonica Brasil S.a.,50409146447,10,48412023,1000969026,Avenida Doutor Ermelindo Maffei,,SP,3523909,10M0G7W,LTE,,,2160,1970,0,FB,,,760,"0",0,0,0,0,X,3,83192102519,40,-23.264244,-47.280522,G,3/5/2025,2/4/2016,,f55c3c08040e765e,4/29/2038,,,Itu,,x
LIC-LIC-01,Telefonica Brasil S.a.,50409146447,10,48422023,1006965014,AVENIDA CORONEL SEZEFREDO FAGUNDES  15530,,SP,3550308,5M00G7W,LTE,,,1867.5,1772.5,230,FB,,,760,"0",0,0,0,2,X,59,35912402519,40,-23.414224,-46.582611,G,3/5/2025,7/16/2018,,f55c3c0803fa00f9,12/22/2032,,,São Paulo,,
LIC-LIC-01,Telefonica Brasil S.a.,50409146447,10,59072012,1016256717,AVENIDA JOSÉ BONIFÁCIO  906,JARDIM FLAMBOYANT,SP,3509502,20M0G7W,LTE,,,2680,2560,230,FB,,,760,"44181403519",16.9,32,58,2,X,43.5,58221803257,40,-22.886819,-47.031139,G,3/5/2025,11/7/2024,,f55c3c0803fa00e4,10/18/2027,,,Campinas,,x
LIC-LIC-01,Telefonica Brasil S.a.,50409146447,10,48412023,699610435,ESTRADA VELHA DO JARAGUÁ,,SP,3550308,10M0G7W,LTE,,,2160,1970,280,FB,,,760,"56001603518",17.2,30,60,3,X,45,76562202519,40,-23.422603,-46.787544,G,3/5/2025,2/12/2014,,f55c3c0803fa00bd,4/29/2038,,,São Paulo,,
LIC-LIC-01,Telefonica Brasil S.a.,50409146447,10,97432014,1002012462,RODOVIA ENG JOAO TOSELLO,RBR-NÃO,SP,3530805,10M0G7W,LTE,,,788,733,260,FB,,,760,"5152003257",14,21,66,2,X,65,48811903257,40,-22.46944,-47.11639,G,3/5/2025,11/9/2015,,f55c3c0803fa009f,12/8/2029,,,Mogi Mirim,,
LIC-LIC-01,Telefonica Brasil S.a.,50409146447,10,48422023,1016519173,ESTRADA DO MOINHO  S/N,,SP,3504107,5M00G7W,LTE,,,1867.5,1772.5,240,FB,,,760,"0",0,0,0,2,X,40,35912402519,40,-23.033002,-46.578758,G,3/5/2025,3/5/2025,,f55c3c0803e2ab64,12/22/2032,,,Atibaia,,
LIC-LIC-01,Telefonica Brasil S.a.,50409146447,10,48422023,608238554,RUA RIO JUNDIAÍ  157,,SP,3550308,5M00G7W,LTE,,,1867.5,1772.5,350,FB,,,760,"0",0,0,0,4,X,72.5,35912402519,40,-23.429208,-46.759761,G,3/5/2025,6/7/2001,,f55c3c0803e2aa8c,12/22/2032,,,São Paulo,,
LIC-LIC-01,Telefonica Brasil S.a.,50409146447,10,48422023,1016369236,ESTRADA DO BOTUXIM  GLEBA A,SÍTIO BOA ESPERANÇA,SP,3523909,5M00G7W,LTE,,,1867.5,1772.5,330,FB,,,760,"0",0,0,0,2,X,38,35912402519,40,-23.385424,-47.298407,G,2/28/2025,12/19/2024,,ca3a3c08044eb47b,12/22/2032,,,Itu,,x
LIC-LIC-01,Telefonica Brasil S.a.,50409146447,10,48412023,1016256563,RUA SANTA TEREZA,LT 08,SP,3501608,10M0G7W,LTE,,,2160,1970,340,FB,,,760,"0",17.9,24,64,2,X,24.5,83071803257,40,-22.7284,-47.303791,G,2/28/2025,11/7/2024,,ca3a3c08044eb448,4/29/2038,,,Americana,,x
LIC-LIC-01,Telefonica Brasil S.a.,50409146447,10,59072012,1016184058,AVENIDA ROYAL PALM PLAZA,,SP,3509502,20M0G7W,LTE,,,2680,2560,240,FB,,,168,"0",0,0,0,0,V,3,58221803257,40,-22.936181,-47.07225,G,2/28/2025,10/15/2024,,ca3a3c08044eb439,10/18/2027,,,Campinas,,x
LIC-LIC-01,Telefonica Brasil S.a.,50409146447,10,48422023,1016369228,RODOVIA DOM PEDRO I,SP065  KM 114,SP,3556206,5M00G7W,LTE,,,1867.5,1772.5,155,FB,,,760,"0",17.4,23,69,0,X,37,83071803257,40,-22.939909,-46.90271,G,2/28/2025,12/19/2024,,ca3a3c08044eb415,12/22/2032,,,Valinhos,,
LIC-LIC-01,Telefonica Brasil S.a.,50409146447,10,48422023,1016256512,RUA PARAÍSO  SNº,CHÁCARA CABUÇU,SP,3518800,5M00G7W,LTE,,,1867.5,1772.5,240,FB,,,760,"0",0,0,0,2,X,20,35912402519,40,-23.403418,-46.524634,G,2/28/2025,11/7/2024,,ca3a3c08044eb3c2,12/22/2032,,,Guarulhos,,
LIC-LIC-01,Telefonica Brasil S.a.,50409146447,10,59072012,1016509917,AV. SANTANA  S/Nº- LOTE 06- ÁREA 02 (Nº,,SP,3504107,15M0G7W,LTE,,,2680,2560,320,FB,,,760,"56001603518",17.5,25,58,0,X,50,56351705894,40,-23.15589,-46.54644,G,2/28/2025,2/28/2025,,ca3a3c08044eb329,10/18/2027,,,Atibaia,,
LIC-LIC-01,CLARO S.A.,50409105090,10,97692014,1016508880,ESTRADA MUNICIPAL AVELINO TONON,CHAC BOA VISTA,SP,3554508,10M0G7W,LTE,,,798,743,250,FB,,,760,,13.5,24,73,-2,X,59,33782402519,79.43,-23.06616,-47.73,G,2/28/2025,2/28/2025,,23cd3c0803a051c7,12/8/2029,,,Tietê,,
LIC-LIC-01,CLARO S.A.,50409105090,10,46622011,1016496203,ROD CASTELO BRANCO,COND. FAZENDA BOA VISTA,SP,3540606,2M50G7W,LTE,,,892.75,847.75,350,FB,,,760,,13.6,24,73,0,X,36,39721705894,80,-23.36707,-47.55288,G,2/21/2025,2/21/2025,,c6a13be8034e8ea4,3/31/2028,,,Porto Feliz,,x
LIC-LIC-01,CLARO S.A.,50409105090,10,97692014,683917595,RUA ROSARIO TOMAZIELLO,,SP,3538709,10M0G7W,LTE,,,798,743,260,FB,,,760,"27331703519",14.1,25,66.56,0,X,51,33782402519,79.43,-22.74371,-47.66379,G,2/25/2025,1/15/2004,,6d123be802da4886,12/8/2029,,,Piracicaba,,x
LIC-LIC-01,Telefonica Brasil S.a.,50409146447,10,48422023,1016494901,ESTRADA MUNICIPAL VEREADOR ANTONIO FOGA  SNº,,SP,3524006,5M00G7W,LTE,,,1867.5,1772.5,230,FB,,,760,"0",0,0,0,2,X,49,35912402519,40,-23.109494,-47.055666,G,2/20/2025,2/20/2025,,a0fb3be803d5eb7e,12/22/2032,,,Itupeva,,x
LIC-LIC-01,Telefonica Brasil S.a.,50409146447,10,48412023,1016494898,BL ESTRADA DE PALMEIRAS  452  CHÁCARA SONHO MEU/ZONA RURAL,,SP,3503802,10M0G7W,LTE,,,2160,1970,310,FB,,,760,"0",17.9,24,64,2,X,38.4,83071803257,40,-22.55591,-47.15456,G,2/20/2025,2/20/2025,,a0fb3be803d5eb69,4/29/2038,,,Artur Nogueira,,
LIC-LIC-01,Telefonica Brasil S.a.,50409146447,10,48412023,1016494871,RUA DOS TUPIS  S/N,,SP,3545803,10M0G7W,LTE,,,2160,1970,310,FB,,,760,"0",17.9,24,64,2,X,33,83071803257,40,-22.7746,-47.37963,G,2/20/2025,2/20/2025,,a0fb3be803d5eb45,4/29/2038,,,Santa Bárbara d'Oeste,,x
LIC-LIC-01,CLARO S.A.,50409105090,10,97692014,3152650,R  PARIS,EM FRENTE AO NO. 30,SP,3525904,10M0G7W,LTE,,,798,743,330,FB,,,760,,13.3,25,60,-1,X,33.5,33782402519,79.43,-23.21552,-46.86759,G,2/11/2025,2/19/2004,,7a2f3af8039ff038,12/8/2029,,,Jundiaí,,x
LIC-LIC-01,CLARO S.A.,50409105090,10,97692014,1016446648,ROD LAURINDO DIAS MINHOTO,,SP,3554003,10M0G7W,LTE,,,798,743,30,FB,,,760,,13.5,24,73,0,X,53.5,33782402519,79.43,-23.35527,-47.81492,G,2/5/2025,2/5/2025,,2a7f3af8033d77ec,12/8/2029,,,Tatuí,,
LIC-LIC-01,CLARO S.A.,50409105090,10,46622011,1016425870,AV TOYOTA,,SP,3552205,2M50G7W,LTE,,,892.75,847.75,350,FB,,,760,,13.6,24,73,0,X,40,39721705894,80,-23.36756,-47.4712,G,1/27/2025,1/27/2025,,306d3af803a2d6bd,3/31/2028,,,Sorocaba,,
LIC-LIC-01,CLARO S.A.,50409105090,10,34672011,442516762,AV JOAO PILON,,SP,3511508,10M0G7W,LTE,,,2140,1950,300,FB,,,760,,16.9,22,62,0,X,40,8041101882,61.52,-23.16695,-47.74782,G,2/13/2025,8/16/2000,,abe83be8023000d2,6/1/2026,,,Cerquilho,,
LIC-LIC-01,CLARO S.A.,50409105090,10,135692024,687238315,R CESARIO PURGATO,,SP,3530904,10M0G7W,LTE,,,768,713,270,FB,,,760,"27331703519",14.1,25,66.56,0,X,50,57731705894,80,-22.9294,-47.56918,G,1/24/2025,7/12/2005,,306d3af8031b5ef4,11/4/2027,,,Mombuca,,x
LIC-LIC-01,CLARO S.A.,50409105090,10,135692024,686796543,R ANTONIO VIEIRA FILHO,,SP,3541653,10M0G7W,LTE,,,768,713,240,FB,,,760,"27331703519",14.1,25,66.56,0,X,60,57731705894,80,-23.30058,-48.05389,G,1/24/2025,5/12/2005,,306d3af8031b5ee2,11/4/2027,,,Quadra,,
LIC-LIC-01,CLARO S.A.,50409105090,10,97692014,1016435816,RUA PROGESSO,,SP,3516309,10M0G7W,LTE,,,798,743,230,FB,,,760,,13.5,24,73,0,X,40,33782402519,79.43,-23.28178,-46.74398,G,1/30/2025,1/30/2025,,c2933af803b17473,12/8/2029,,,Francisco Morato,,
LIC-LIC-01,CLARO S.A.,50409105090,10,97692014,1011232836,RUA PRIMEIRO DE MAIO,,SP,3519071,10M0G7W,LTE,,,798,743,165,FB,,,760,,13.4,21,68,0,X,46,33782402519,79.43,-22.88382,-47.2003,G,1/23/2025,9/28/2020,,a7c33af803d26760,12/8/2029,,,Hortolândia,,x
LIC-LIC-01,CLARO S.A.,50409105090,10,97692014,399687157,AV DR MORATO,,SP,3538709,10M0G7W,LTE,,,798,743,230,FB,,,760,,13.3,25,60,-3,X,30,33782402519,79.43,-22.70354,-47.66317,G,1/23/2025,5/14/2003,,76363af803264fb3,12/8/2029,,,Piracicaba,,x
LIC-LIC-01,CLARO S.A.,50409105090,10,46622011,1016374914,EST DO PAIFFER,,SP,3552205,2M50G7W,LTE,,,892.75,847.75,290,FB,,,760,,13.6,24,73,0,X,40,39721705894,80,-23.40426,-47.51811,G,12/23/2024,12/23/2024,,727b3af803d7d831,3/31/2028,,,Sorocaba,,
LIC-LIC-01,CLARO S.A.,50409105090,10,97692014,1007487990,AV BRASILIA,,SP,3538709,10M0G7W,LTE,,,798,743,350,FB,,,760,,13.4,21,68,0,X,22.5,33782402519,79.43,-22.68395,-47.66761,G,12/23/2024,10/29/2018,,727b3af803d7d794,12/8/2029,,,Piracicaba,,x
LIC-LIC-01,CLARO S.A.,50409105090,10,97692014,399686924,AV INDEPENDENCIA,,SP,3538709,10M0G7W,LTE,,,798,743,60,FB,,,760,,13.4,21,68,-3,X,41,33782402519,79.43,-22.73103,-47.63717,G,12/23/2024,5/14/2003,,727b3af803d7d74c,12/8/2029,,,Piracicaba,,x
LIC-LIC-01,Telefonica Brasil S.a.,50409146447,10,48422023,1016366776,RUA PROFESSORA CELINA C. LEAL,,SP,3523404,5M00G7W,LTE,,,1867.5,1772.5,270,FB,,,760,"0",0,0,0,2,X,43.9,35912402519,40,-22.97903,-46.76755,G,12/18/2024,12/18/2024,,b0c53af804426c6d,12/22/2032,,,Itatiba,,x
LIC-LIC-01,Telefonica Brasil S.a.,50409146447,10,48422023,1016366733,RUA POLYESTER,,SP,3501608,5M00G7W,LTE,,,1867.5,1772.5,340,FB,,,760,"0",17,25,69,2,X,43.3,83071803257,40,-22.6977,-47.305376,G,12/18/2024,12/18/2024,,b0c53af804426bb7,12/22/2032,,,Americana,,x
LIC-LIC-01,Telefonica Brasil S.a.,50409146447,10,48422023,1016366717,RUA 1,(LOTE 01 DA QUADRA A),SP,3552403,5M00G7W,LTE,,,1867.5,1772.5,330,FB,,,760,"0",17.4,23,69,2,X,42,83071803257,40,-22.819,-47.2339,G,12/18/2024,12/18/2024,,b0c53af804426b87,12/22/2032,,,Sumaré,,x
LIC-LIC-01,CLARO S.A.,50409105090,10,97692014,1008033046,R NAPOLEÃO LAUREANO,LOTE 300 QUADRA 39,SP,3538709,10M0G7W,LTE,,,798,743,210,FB,,,760,,13.3,25,60,-1,X,50,33782402519,79.43,-22.71974,-47.62875,G,12/18/2024,1/28/2019,,7f7e3af8032e0c6d,12/8/2029,,,Piracicaba,,x
LIC-LIC-01,CLARO S.A.,50409105090,10,34672011,1015510458,R CHIARA LUBICH,,SP,3525904,10M0G7W,LTE,,,2140,1950,280,FB,,,760,,16.9,22,62,-1,X,57,39452402519,80,-23.18579,-46.97054,G,11/21/2025,12/4/2023,,b9c23af802054a1a,6/1/2026,,,Jundiaí,,x
LIC-LIC-01,Telefonica Brasil S.a.,50409146447,10,97432014,1016273328,ESTRADA DA SERRA NEGRA  1001,RECANTO ALMEIDA PEREIRA,SP,3532405,10M0G7W,LTE,,,788,733,350,FB,,,760,"0",0,0,0,2,X,50,39452402519,40,-23.171625,-46.448178,G,11/13/2024,11/13/2024,,186a3af803473773,12/8/2029,,,Nazaré Paulista,,
LIC-LIC-01,Telefonica Brasil S.a.,50409146447,10,48422023,699067375,RODOVIA DOM GABRIEL PAULINO BUENO COUTO,KM 66 SP 300 CAIXA D'ÁGUA DA AMBEV,SP,3525904,5M00G7W,LTE,,,1867.5,1772.5,240,FB,,,760,"0",0,0,0,2,X,38.5,40952002519,40,-23.177286,-46.957464,G,11/13/2024,10/15/2013,,186a3af803473770,12/22/2032,,,Jundiaí,,x
LIC-LIC-01,Telefonica Brasil S.a.,50409146447,10,48422023,1016273247,ESTRADA SOUSA PEDREIRA KM7,COND. RESIDENCIAL,SP,3509502,5M00G7W,LTE,,,1867.5,1772.5,320,FB,,,760,"0",17.4,23,69,2,X,39,83071803257,40,-22.839462,-46.938903,G,12/18/2024,11/13/2024,,186a3af803458044,12/22/2032,,,Campinas,,x
LIC-LIC-01,Telefonica Brasil S.a.,50409146447,10,97432014,1016273220,RUA BENEDICTA CORREA PELATTI  Nº 99,LOTE Nº 01-B  QUADRA E,SP,3537107,10M0G7W,LTE,,,788,733,230,FB,,,760,"38661703257",14.1,24,66,0,X,38,48811903257,40,-22.79166,-46.873871,G,11/13/2024,11/13/2024,,186a3af803458037,12/8/2029,,,Pedreira,,x
LIC-LIC-01,Telefonica Brasil S.a.,50409146447,10,48422023,1000607183,RUA LAURO PINTO TOLEDO  410,,SP,3508405,5M00G7W,LTE,,,1867.5,1772.5,230,FB,,,760,"34641103518",15,25,67,0,X,12,40952002519,40,-23.245314,-47.084492,G,11/13/2024,11/24/2014,,186a3af802ca004b,12/22/2032,,,Cabreúva,,
LIC-LIC-01,Telefonica Brasil S.a.,50409146447,10,48422023,1005314168,PRAÇA PREFEITO JOÃO ZELANTE  S/N,,SP,3551603,5M00G7W,LTE,,,1867.5,1772.5,360,FB,,,760,"0",6.6,0,0,0,X,3,83071803257,40,-22.611308,-46.700664,G,11/13/2024,11/22/2017,,186a3af802ca002a,12/22/2032,,,Serra Negra,,x
LIC-LIC-01,Telefonica Brasil S.a.,50409146447,10,48422023,699610389,ESTRADA MUNICIPAL MORRO AZUL  S/N,SÍTIO SÃO JUDAS TADEU,SP,3523404,5M00G7W,LTE,,,1867.5,1772.5,240,FB,,,760,"56001603518",16.7,30,64,2,X,59,40952002519,40,-23.079517,-46.774039,G,11/13/2024,2/12/2014,,186a3af802ca0022,12/22/2032,,,Itatiba,,x
LIC-LIC-01,Telefonica Brasil S.a.,50409146447,10,97432014,699067979,RODOVIA MARECHAL RONDON KM 151 5 SP 300,,SP,3554508,10M0G7W,LTE,,,788,733,270,FB,,,760,"24731703257",14.7,22,68,2,X,48.5,48811903257,40,-23.157625,-47.6577,G,11/13/2024,2/12/2014,,186a3af802c9ffe6,12/8/2029,,,Tietê,,
LIC-LIC-01,Telefonica Brasil S.a.,50409146447,10,48412023,699782805,AVENIDA ENGENHEIRO JOÃO FERNANDES GIMENES MOLINA  1745,,SP,3525904,10M0G7W,LTE,,,2160,1970,280,FB,,,760,"56001603518",17.2,30,60,2,X,32,83192102519,40,-23.156688,-46.947173,G,11/13/2024,3/31/2014,,186a3af802c9ffc8,4/29/2038,,,Jundiaí,,x
LIC-LIC-01,Telefonica Brasil S.a.,50409146447,10,48422023,1011590716,AVENIDA ITAVUVU  3373,,SP,3552205,5M00G7W,LTE,,,1867.5,1772.5,0,FB,,,760,"0",0,0,0,0,X,5,83071803257,40,-23.456272,-47.482789,G,11/13/2024,12/12/2020,,186a3af802c9ff6a,12/22/2032,,,Sorocaba,,
LIC-LIC-01,Telefonica Brasil S.a.,50409146447,10,105802021,441564216,AVENIDA 2  175,,SP,3546702,40M0G7W,LTE,,,2370,2370,340,FB,,,760,"1.17E+11",23.5,23,65,0,X,61,117000000000,40,-22.454722,-47.530278,G,11/13/2024,12/15/1999,,186a3af802c9ff41,12/8/2041,,,Santa Gertrudes,,
LIC-LIC-01,Telefonica Brasil S.a.,50409146447,10,59072012,1016272666,AVENIDA DOUTOR CAMPOS SALES  992 A 996,,SP,3509502,20M0G7W,LTE,,,2680,2560,0,FB,,,760,"0",0,0,0,0,X,5,58221803257,40,-22.903917,-47.059003,G,11/13/2024,11/13/2024,,186a3af802c9fee8,10/18/2027,,,Campinas,,x
LIC-LIC-01,Telefonica Brasil S.a.,50409146447,10,48412023,691931682,RUA ERMELINDO BATISTA  12,,SP,3545803,10M0G7W,LTE,,,2160,1970,265,FB,,,760,"56001603518",17.2,30,60,0,X,45.5,83071803257,40,-22.722589,-47.377681,G,11/13/2024,11/26/2009,,186a3af802c9fe04,4/29/2038,,,Santa Bárbara d'Oeste,,x
LIC-LIC-01,Telefonica Brasil S.a.,50409146447,10,97432014,1016272526,ESTRADA MUNICIPAL AILTON VIEIRA GODOY,FAZENDA NOVA QUERENCIA KM 0 5,SP,3537107,10M0G7W,LTE,,,788,733,340,FB,,,760,"38661703257",14.1,24,66,2,X,69,48811903257,40,-22.811534,-46.865055,G,11/13/2024,11/13/2024,,186a3af802c9fdbf,12/8/2029,,,Pedreira,,x
LIC-LIC-01,Telefonica Brasil S.a.,50409146447,10,48412023,1007264567,RODOVIA FERNÃO DIAS  S/N,,SP,3528502,10M0G7W,LTE,,,2160,1970,220,FB,,,760,"56001603518",17.5,25,65,3,X,51.2,83192102519,40,-23.234912,-46.602709,G,11/13/2024,9/17/2018,,186a3af802c9fdbc,4/29/2038,,,Mairiporã,,
LIC-LIC-01,Telefonica Brasil S.a.,50409146447,10,97432014,1002033109,RUA DO SAPO  S/N,,SP,3527009,10M0G7W,LTE,,,788,733,272,FB,,,760,"5152003257",14,21,66,2,X,56,48811903257,40,-22.539408,-46.618372,G,11/13/2024,11/9/2015,,186a3af802c9fd8b,12/8/2029,,,Lindóia,,x
LIC-LIC-01,Telefonica Brasil S.a.,50409146447,10,48412023,503843,RUA LUIZ JARUSSI  AO LADO DO 634,,SP,3523404,10M0G7W,LTE,,,2160,1970,220,FB,,,760,"56001603518",17.5,25,65,2,X,71.5,83192102519,40,-22.994547,-46.833511,G,11/13/2024,9/21/2001,,186a3af802c9fd7e,4/29/2038,,,Itatiba,,x
LIC-LIC-01,Telefonica Brasil S.a.,50409146447,10,97432014,1016272437,ESTRADA MUNICIPAL  SNº,SÍTIO NOSSA SENHORA APARECIDA,SP,3512308,10M0G7W,LTE,,,788,733,320,FB,,,760,"0",10.5,22,73,2,X,29,48811903257,40,-23.082345,-48.130276,G,11/13/2024,11/13/2024,,186a3af802c9fc11,12/8/2029,,,Conchas,,
LIC-LIC-01,Telefonica Brasil S.a.,50409146447,10,48422023,535648278,RUA ÁLVARO RIBEIRO  603,,SP,3512209,5M00G7W,LTE,,,1867.5,1772.5,270,FB,,,760,"4170801705",15.4,27,84,2,X,58,83071803257,40,-22.333747,-47.175369,G,11/13/2024,9/15/2000,,186a3af802c9fbc5,12/22/2032,,,Conchal,,
LIC-LIC-01,Telefonica Brasil S.a.,50409146447,10,97432014,1016272429,BAIRRO SERTÃOZINHO  SÍTIO SANTO ANTÔNIO,,SP,3552106,10M0G7W,LTE,,,788,733,300,FB,,,760,"5152003257",14,21,66,2,X,57,48811903257,40,-22.646139,-46.582467,G,11/13/2024,11/13/2024,,186a3af802c9fb9e,12/8/2029,,,Socorro,,x
LIC-LIC-01,Telefonica Brasil S.a.,50409146447,10,48412023,699297885,RUA EMILIA  S/N,AO LADO DO 830 SUBSTAÇÃO DA CTEEP,SP,3507605,10M0G7W,LTE,,,2160,1970,300,FB,,,760,"1.29E+11",15.8,32,56,3,X,45,83192102519,40,-22.947228,-46.553667,G,11/13/2024,10/15/2013,,186a3af802c9fb71,4/29/2038,,,Bragança Paulista,,
LIC-LIC-01,Telefonica Brasil S.a.,50409146447,10,97432014,1000618606,RUA JOSÉ ANTÔNIO DE OLIVEIRA  386,,SP,3521002,10M0G7W,LTE,,,788,733,335,FB,,,760,"5152003257",14,21,66,2,X,58.5,48811903257,40,-23.388417,-47.653944,G,11/13/2024,11/24/2014,,186a3af802c9fb4f,12/8/2029,,,Iperó,,
LIC-LIC-01,Telefonica Brasil S.a.,50409146447,10,97432014,1016272410,RUA NARCISO MARIANO  N° 202,,SP,3506904,10M0G7W,LTE,,,788,733,90,FB,,,760,"0",10.5,22,73,4,X,50,48811903257,40,-23.067001,-48.171666,G,11/13/2024,11/13/2024,,186a3af802c9fb22,12/8/2029,,,Bofete,,
LIC-LIC-01,Telefonica Brasil S.a.,50409146447,10,48422023,1016272380,ESTRADA SOUSA PEDREIRA KM 7 SÍTIO CORUJÃO,COND. RESIDENCIAL,SP,3509502,5M00G7W,LTE,,,1867.5,1772.5,320,FB,,,760,"0",17.4,23,69,2,X,39,83071803257,40,-22.836072,-46.932039,G,11/13/2024,11/13/2024,,186a3af802c9faba,12/22/2032,,,Campinas,,x
LIC-LIC-01,CLARO S.A.,50409105090,10,34672011,696187035,RUA GRAÇA MARTINS,,SP,3545803,10M0G7W,LTE,,,2140,1950,260,FB,,,760,,17.2,25,65,-2,X,45.7,8041101882,61.52,-22.7551,-47.40889,G,9/19/2025,10/25/2011,,7f7e3af802500635,6/1/2026,,,Santa Bárbara d'Oeste,,x
LIC-LIC-01,CLARO S.A.,50409105090,10,34672011,1011752198,R JORGE DE OLIVEIRA,,SP,3510302,10M0G7W,LTE,,,2140,1950,290,FB,,,760,"56001603518",14.7,25,53,0,X,71,40952002519,60,-23.46933,-47.73646,G,11/21/2024,3/3/2021,,7f7e3af802500606,6/1/2026,,,Capela do Alto,,
LIC-LIC-01,CLARO S.A.,50409105090,10,34672011,1014806159,ROD PRESIDENTE CASTELLO BRANCO,LOTE 09  LOTEAMENTO RECANTO AVECUIA,SP,3540606,10M0G7W,LTE,,,2140,1950,55,FB,,,760,,16.9,22,62,-1,X,60,39452402519,80,-23.35881,-47.48953,G,11/4/2024,3/29/2023,,0f9d3af80285343d,6/1/2026,,,Porto Feliz,,x
LIC-LIC-01,CLARO S.A.,50409105090,10,34672011,1001866360,ROD CASTELO BRANCO,HOTEL FASANO,SP,3540606,10M0G7W,LTE,,,2140,1950,270,FB,,,760,,17.2,25,65,-2,X,44,27191702519,60,-23.34974,-47.55482,G,11/19/2025,8/14/2015,,0f9d3af802853413,6/1/2026,,,Porto Feliz,,x
LIC-LIC-01,CLARO S.A.,50409105090,10,34672011,1014434324,AV ENGENHEIRO CARLOS REINALDO MENDES,RV SOLUÇÕES INDUSTRIAIS,SP,3552205,10M0G7W,LTE,,,2140,1950,30,FB,,,760,,16.9,22,62,-2,X,36,40952002519,20,-23.46216,-47.42321,G,11/13/2024,10/28/2022,,069a3af803d3e9de,6/1/2026,,,Sorocaba,,
LIC-LIC-01,Telefonica Brasil S.a.,50409146447,10,48412023,1016236201,RUA DOUTOR MIGUEL PENTEADO  121,,SP,3509502,10M0G7W,LTE,,,2160,1970,320,FB,,,760,"0",17.5,25,65,2,X,40,83071803257,40,-22.89254,-47.0733,G,10/31/2024,10/31/2024,,7bd03af804b45d52,4/29/2038,,,Campinas,,x
LIC-LIC-01,Telefonica Brasil S.a.,50409146447,10,48412023,1016236155,AV. DOIS X ESTRADA DOIS,,SP,3533403,10M0G7W,LTE,,,2160,1970,350,FB,,,760,"0",17.9,24,64,0,X,51,83071803257,40,-22.78694,-47.23111,G,10/31/2024,10/31/2024,,7bd03af804b45d02,4/29/2038,,,Nova Odessa,,x
LIC-LIC-01,CLARO S.A.,50409105090,10,48372023,1016228462,AV CEZIRA GIOVANOMI MORETTI,CLIENTE CORPORATIVO :PWC PIRACICABA,SP,3538709,15M0G7W,LTE,,,2117.5,1927.5,0,FB,,,168,,3,0,360,0,V,3,27191702519,60,-22.69443,-47.62158,G,10/29/2024,10/29/2024,,f6493af8021e3647,4/30/2038,,,Piracicaba,,x
LIC-LIC-01,Telefonica Brasil S.a.,50409146447,10,48422023,1016221301,AVENIDA PASTOR JOÃO PRATA VIEIRA  645,,SP,3509502,5M00G7W,LTE,,,1867.5,1772.5,260,FB,,,760,"38661703257",17.3,25,66,0,X,40,83071803257,40,-22.98537,-47.12077,G,10/24/2024,10/24/2024,,9bf83af802a968e3,12/22/2032,,,Campinas,,x
LIC-LIC-01,CLARO S.A.,50409105090,10,97692014,1005515082,ROD DEPUTADO ARCHIMEDES LAMMOGLIA,ACESSO KM 18 - PARQUE MAEDA,SP,3523909,10M0G7W,LTE,,,798,743,270,FB,,,760,"27331703519",14.1,25,66.56,-6,X,49,57731705894,80,-23.34268,-47.34763,G,10/22/2024,12/22/2017,,98753af8022caa20,12/8/2029,,,Itu,,x
LIC-LIC-01,CLARO S.A.,50409105090,10,97692014,1016193332,RUA MANUEL ACOSTA,,SP,3550308,10M0G7W,LTE,,,798,743,240,FB,,,760,,6.8,20,75,0,X,16,33782402519,79.43,-23.42907,-46.7269,G,4/10/2025,10/17/2024,,9bf83af802a0f1e2,12/8/2029,,,São Paulo,,
LIC-LIC-01,CLARO S.A.,50409105090,10,46622011,1016187030,R EMILIA FARO MARINS,,SP,3552205,2M50G7W,LTE,,,892.75,847.75,340,FB,,,760,,13.6,24,73,0,X,30,39721705894,80,-23.46593,-47.50697,G,10/16/2024,10/16/2024,,1c113af803b74158,3/31/2028,,,Sorocaba,,
LIC-LIC-01,Telefonica Brasil S.a.,50409146447,10,166262022,441549276,ESTRADA LÁZARO PEDRO DE OLIVEIRA,ALTURA DA RODOVIA FAUSTO SANTOMAURO  176 SP 127,SP,3538709,10M0G7W,LTE,,,2150,1960,260,FB,,,760,"44181403519",16.4,32,57,2,X,67,83071803257,40,-22.672508,-47.620431,G,10/15/2024,8/16/2023,,1c113af802bb5fc1,12/22/2032,,,Piracicaba,,x
LIC-LIC-01,Telefonica Brasil S.a.,50409146447,10,166262022,403012520,RUA ZACARIAS DE GÓES,,SP,3525904,10M0G7W,LTE,,,2150,1960,300,FB,,,760,"44181403519",16.4,32,57,0,X,36,83192102519,40,-23.187903,-46.887733,G,10/15/2024,12/10/1999,,1c113af802bb5ef0,12/22/2032,,,Jundiaí,,x
LIC-LIC-01,Telefonica Brasil S.a.,50409146447,10,166262022,1007170929,RUA DOM BARRETO,,SP,3501608,10M0G7W,LTE,,,2150,1960,340,FB,,,760,"56001603518",17.4,25,62,2,X,30,83071803257,40,-22.746031,-47.340958,G,10/15/2024,8/22/2018,,1c113af802bb5b45,12/22/2032,,,Americana,,x
LIC-LIC-01,Telefonica Brasil S.a.,50409146447,10,166262022,1016184040,AVENIDA MONSENHOR LUÍS FERNANDES DE ABREU,,SP,3509502,10M0G7W,LTE,,,2150,1960,0.0002,FB,,,760,"0",0,0,0,0,X,3,83071803257,40,-22.939111,-47.071339,G,10/15/2024,10/15/2024,,1c113af802bb5ac2,12/22/2032,,,Campinas,,x
LIC-LIC-01,Telefonica Brasil S.a.,50409146447,10,166262022,1014896891,RODOVIA MIGUEL MELHADO CAMPOS,KM 83 5 CONDOMINIO FAZENDA GRAMA,SP,3524006,10M0G7W,LTE,,,1875,1780,270,FB,,,760,"56001603518",16.9,25,67,0,X,24,40952002519,40,-23.0572,-47.0714,G,10/15/2024,5/8/2023,,1c113af802bb59b4,12/22/2032,,,Itupeva,,x
LIC-LIC-01,Telefonica Brasil S.a.,50409146447,10,166262022,1014896883,RODOVIA MIGUEL MELHADO CAMPOS,KM 83 5 CONDOMINIO FAZENDA GRAMA,SP,3524006,10M0G7W,LTE,,,1875,1780,320,FB,,,760,"56001603518",16.9,25,67,0,X,24,40952002519,40,-23.070244,-47.074579,G,10/15/2024,5/8/2023,,1c113af802bb57a7,12/22/2032,,,Itupeva,,x
LIC-LIC-01,Telefonica Brasil S.a.,50409146447,10,166262022,1009929345,RUA JOÃO DE DEUS,LOTE 21  QUADRA J  QUARTEIRÃO 045,SP,3509502,10M0G7W,LTE,,,2150,1960,360,FB,,,760,"0",17.9,24,64,3,X,40,83071803257,40,-22.881753,-47.062008,G,10/15/2024,12/31/2019,,1c113af802bb5603,12/22/2032,,,Campinas,,x
LIC-LIC-01,Telefonica Brasil S.a.,50409146447,10,105802021,445703,RUA SANTOS DUMONT  284,,SP,3556701,40M0G7W,LTE,,,2370,2370,325,FB,,,760,"1.17E+11",23.5,23,65,4,X,44,117000000000,40,-23.028564,-46.975636,G,10/15/2024,8/4/1999,,32153af80331d4e9,12/8/2041,,,Vinhedo,,x
LIC-LIC-01,Telefonica Brasil S.a.,50409146447,10,48412023,1004619569,RUA DOUTOR OLÍMPIO DA PAIXÃO  122,EDIFÍCIO SANTA VIRGÍNIA,SP,3504107,10M0G7W,LTE,,,2160,1970,300,FB,,,760,"1.29E+11",15.8,32,56,2,X,33.5,83192102519,40,-23.117339,-46.554662,G,10/15/2024,9/4/2017,,32153af80331d26d,4/29/2038,,,Atibaia,,
LIC-LIC-01,Telefonica Brasil S.a.,50409146447,10,48422023,396806546,RUA INÊS PAVAN FAGUNDES  660,,SP,3554953,5M00G7W,LTE,,,1867.5,1772.5,310,FB,,,760,"1.29E+11",14.3,31,63,2,X,49,35912402519,40,-22.819408,-46.687739,G,10/15/2024,12/10/1999,,32153af80331d1e3,12/22/2032,,,Tuiuti,,
LIC-LIC-01,Telefonica Brasil S.a.,50409146447,10,48412023,403093260,RODOVIA DOM PEDRO I  S/N,KM 131 5 SP 65 SHOPPING GALERIA,SP,3509502,10M0G7W,LTE,,,2160,1970,355,FB,,,760,"44181403519",16.4,32,57,4,X,32,83071803257,40,-22.863739,-47.023186,G,10/15/2024,10/28/2008,,32153af80331d095,4/29/2038,,,Campinas,,x
LIC-LIC-01,Telefonica Brasil S.a.,50409146447,10,48412023,1016016953,RUA JOÃO FLAVIO FERRO  695,,SP,3538709,10M0G7W,LTE,,,2160,1970,350,FB,,,760,"0",17.9,24,64,2,X,50,83071803257,40,-22.755669,-47.594381,G,10/15/2024,8/12/2024,,32153af80331ce1f,4/29/2038,,,Piracicaba,,x
LIC-LIC-01,Telefonica Brasil S.a.,50409146447,10,105802021,692129073,RUA SECUNDINO VEIGA  17,,SP,3525904,40M0G7W,LTE,,,2370,2370,335,FB,,,760,"33892302519",25,25,65,3,X,45.5,33892302519,40,-23.191106,-46.881461,G,10/15/2024,2/5/2010,,32153af80331cb5b,12/8/2041,,,Jundiaí,,x
LIC-LIC-01,Telefonica Brasil S.a.,50409146447,10,105802021,1012467675,RUA DO CONGO  500,,SP,3525904,40M0G7W,LTE,,,2370,2370,280,FB,,,760,"33892302519",25,25,65,3,X,53,33892302519,40,-23.207889,-46.892708,G,10/15/2024,10/18/2021,,32153af80331c66c,12/8/2041,,,Jundiaí,,x
LIC-LIC-01,Telefonica Brasil S.a.,50409146447,10,48412023,3171620,AVENIDA DOUTOR FRANCO DA ROCHA  659,,SP,3516408,10M0G7W,LTE,,,2160,1970,260,FB,,,760,"44181403519",16.4,32,57,2,X,50,83192102519,40,-23.330736,-46.720361,G,10/15/2024,12/10/1999,,32153af80331c1fc,4/29/2038,,,Franco da Rocha,,
LIC-LIC-01,Telefonica Brasil S.a.,50409146447,10,105802021,683754971,AVENIDA ESPERANÇA  S/N,PRÓXIMO A RUA AMÉLIA SILVEIRA DOS SANTOS,SP,3547304,40M0G7W,LTE,,,2370,2370,240,FB,,,760,"33892302519",25,25,65,3,X,47,33892302519,40,-23.440861,-46.925642,G,10/15/2024,2/8/2022,,32153af80331bc57,12/8/2041,,,Santana de Parnaíba,,
LIC-LIC-01,Telefonica Brasil S.a.,50409146447,10,48412023,6560547,AVENIDA SÃO JOÃO  326,,SP,3504107,10M0G7W,LTE,,,2160,1970,320,FB,,,760,"44181403519",16.4,32,57,2,X,32.5,83192102519,40,-23.113553,-46.556539,G,10/15/2024,3/11/2003,,32153af80331bb73,4/29/2038,,,Atibaia,,
LIC-LIC-01,CLARO S.A.,50409105090,10,34672011,1000502861,ROD DO ACUCAR,RODOVIA SP-308,SP,3538709,10M0G7W,LTE,,,2140,1950,330,FB,,,760,"27331703519",16.16,26,66.76,-2,X,48,8041101882,61.52,-22.78484,-47.58436,G,10/25/2024,9/10/2014,,f6493af8021693cb,6/1/2026,,,Piracicaba,,x
LIC-LIC-01,CLARO S.A.,50409105090,10,46622011,399686657,R VALINHOS,,SP,3552403,10M0G7W,LTE,,,1875,1780,350,FB,,,760,"27331703519",16.16,27,66.76,0,X,30,40952002519,20,-22.82225,-47.27478,G,10/11/2024,2/13/2004,,f4453af80276c456,3/31/2028,,,Sumaré,,x
LIC-LIC-01,TELEFONICA BRASIL S.A.,50409146447,10,166262022,410853550,RUA JOÃO DALMOLIN,X RUA ALAIDE MACEDO DA SILVA X RUA JOSE BELANI,SP,3509502,10M0G7W,LTE,,,2150,1960,350,FB,,,760,"44181403519",16.4,32,57,4,X,35,83071803257,40,-23.001172,-47.110117,G,10/14/2024,12/10/1999,,d2d46ae80250a534,12/22/2032,,,Campinas,,x
LIC-LIC-01,TELEFONICA BRASIL S.A.,50409146447,10,166262022,410854999,RUA CORONEL ANTÔNIO ÁLVARO,,SP,3509502,10M0G7W,LTE,,,2150,1960,350,FB,,,760,"44181403519",16.4,32,57,2,X,19,83071803257,61.47,-22.907097,-47.076983,G,10/14/2024,12/13/1999,,d2d46ae80250a356,12/22/2032,,,Campinas,,x
LIC-LIC-01,TELEFONICA BRASIL S.A.,50409146447,10,166262022,1014690541,RUA ALECRINS,CAMBUÍ,SP,3509502,10M0G7W,LTE,,,2150,1960,240,FB,,,760,"0",17.9,24,64,2,X,50,83071803257,40,-22.889781,-47.046319,G,10/14/2024,2/9/2023,,d2d46ae80250a266,12/22/2032,,,Campinas,,x
LIC-LIC-01,TELEFONICA BRASIL S.A.,50409146447,10,166262022,1016163700,AVENIDA DOUTOR MÚCIO DRUMMOND MURGEL,VILLAGE CAMPINAS,SP,3509502,10M0G7W,LTE,,,2150,1960,310,FB,,,760,"38661703257",17.6,25,64,2,X,32,83071803257,40,-22.7533,-47.051511,G,10/14/2024,10/14/2024,,d2d46ae80250a1fb,12/22/2032,,,Campinas,,x
LIC-LIC-01,TELEFONICA BRASIL S.A.,50409146447,10,166262022,1010296075,RUA GERALDO BIZUTI,(ANTIGA RUA 10) - LOTE 1 DA QUADRA G,SP,3538709,10M0G7W,LTE,,,2150,1960,220,FB,,,760,"44181403519",16.4,32,57,3,X,28,83071803257,40,-22.662056,-47.607167,G,10/14/2024,5/15/2020,,d2d46ae80250a0c1,12/22/2032,,,Piracicaba,,x
LIC-LIC-01,TELEFONICA BRASIL S.A.,50409146447,10,48422023,1005970928,AVENIDA FAUSTO PIETROBOM,QUADRA C LOTE 7,SP,3536505,5M00G7W,LTE,,,1867.5,1772.5,340,FB,,,760,"0",17,25,69,2,X,49,83071803257,40,-22.7524,-47.1728,G,10/14/2024,3/14/2018,,d2d46ae80250a085,12/22/2032,,,Paulínia,,x
LIC-LIC-01,TELEFONICA BRASIL S.A.,50409146447,10,166262022,1016163670,AVENIDA EDWARD FRU-FRU MARCIANO DA SILVA,,SP,3552205,10M0G7W,LTE,,,2150,1960,360,FB,,,760,"0",17.9,24,64,2,X,34,83071803257,58.54,-23.45,-47.48956,G,10/14/2024,10/14/2024,,d2d46ae802509ddf,12/22/2032,,,Sorocaba,,
LIC-LIC-01,TELEFONICA BRASIL S.A.,50409146447,10,166262022,1016163662,RUA ENGENHEIRO KARLO OKRETIC,,SP,3552205,10M0G7W,LTE,,,2150,1960,360,FB,,,760,"0",17.9,24,64,2,X,49,83071803257,40,-23.4493,-47.42501,G,10/14/2024,10/14/2024,,d2d46ae802509da0,12/22/2032,,,Sorocaba,,
LIC-LIC-01,TELEFONICA BRASIL S.A.,50409146447,10,166262022,1869469,RODOVIA DOS BANDEIRANTES,KM 72.2 SP-348 SHOPPING SUSPENSO SERRA AZUL,SP,3524006,10M0G7W,LTE,,,2150,1960,350,FB,,,760,"44181403519",16.4,32,57,2,X,60,83192102519,40,-23.105328,-47.006906,G,10/14/2024,9/21/1999,,d2d46ae802509abe,12/22/2032,,,Itupeva,,x
LIC-LIC-01,TELEFONICA BRASIL S.A.,50409146447,10,166262022,1016163620,RUA WITERLEY DUARTE,LOTES 33 E 34  DA QUADRA C DO LOTEAMENTO JARDIM SANTA MADRE PAULINA,SP,3552205,10M0G7W,LTE,,,2150,1960,270,FB,,,760,"0",17.9,24,64,2,X,44,83071803257,40,-23.4199,-47.479231,G,10/14/2024,10/14/2024,,d2d46ae802509a76,12/22/2032,,,Sorocaba,,
LIC-LIC-01,CLARO S.A.,50409105090,10,34672011,1001562647,AV DAS SAMAMBAIAS,LOTE 17 QD 4,SP,3550407,10M0G7W,LTE,,,2140,1950,210,FB,,,760,"9371303519",17.08,30,72.66,-1,X,45,8041101882,61.52,-22.56792,-47.93671,G,10/18/2024,5/11/2015,,1dec3af803b265e5,6/1/2026,,,São Pedro,,x
LIC-LIC-01,CLARO S.A.,50409105090,10,34672011,430889089,AV 15,,SP,3543907,10M0G7W,LTE,,,2140,1950,70,FB,,,760,"12720905344",16.18,20,65,-5,X,41.5,39201301882,60,-22.41881,-47.5669,G,2/20/2025,12/10/1999,,98753af803aa7358,6/1/2026,,,Rio Claro,,
LIC-LIC-01,CLARO S.A.,50409105090,10,34672011,442517696,ROD LUIZ DE QUEIROZ,,SP,3538709,10M0G7W,LTE,,,2140,1950,90,FB,,,760,"27331703519",16.16,26,66.76,0,X,40,27191702519,60,-22.67353,-47.76149,G,10/17/2024,7/3/2000,,98753af803aa72b6,6/1/2026,,,Piracicaba,,x
LIC-LIC-01,CLARO S.A.,50409105090,10,34672011,1003541787,EST VELHA DE SAO JOAO/VARGEM GRANDE DO SUL,SÍTIO BOA VISTA,SP,3549102,10M0G7W,LTE,,,2140,1950,80,FB,,,760,,16.9,22,62,-2,X,60,8041101882,61.52,-22.00567,-46.79947,G,10/17/2024,12/20/2016,,98753af802413065,6/1/2026,,,São João da Boa Vista,,
LIC-LIC-01,CLARO S.A.,50409105090,10,34672011,1016154388,R 1141,,SP,3518800,10M0G7W,LTE,,,2140,1950,210,FB,,,760,,11.5,25,63,0,X,11.6,35912402519,60,-23.40974,-46.53707,G,10/7/2024,10/7/2024,,816a3af8029fc014,6/1/2026,,,Guarulhos,,
LIC-LIC-01,CLARO S.A.,50409105090,10,48372023,399687130,R SAO JOAO,,SP,3538709,15M0G7W,LTE,,,2117.5,1927.5,40,FB,,,760,"12720905344",16.18,20,65,0,X,40,27191702519,60,-22.73833,-47.65013,G,7/14/2025,2/13/2004,,d0123af803a5eb2c,4/30/2038,,,Piracicaba,,x
LIC-LIC-01,CLARO S.A.,50409105090,10,48372023,684830086,RODOVIA SP 332 PROF ZEFERINO VAZ,SÍTIO NSA SRA CONCEIÇÃO,SP,3512209,15M0G7W,LTE,,,2117.5,1927.5,210,FB,,,760,"12720905344",16.18,20,65,-2,X,40,8041101882,61.52,-22.39403,-47.16945,G,10/10/2024,10/18/2004,,d0123af80233d360,4/30/2038,,,Conchal,,
LIC-LIC-01,CLARO S.A.,50409105090,10,97692014,1016148060,R ANTONIO BELUCCE,LOTE 21 QUADRA 1,SP,3511508,10M0G7W,LTE,,,798,743,350,FB,,,760,,13.5,24,73,0,X,40,33782402519,79.43,-23.17272,-47.7269,G,10/3/2024,10/3/2024,,2a433af803ade129,12/8/2029,,,Cerquilho,,
LIC-LIC-01,CLARO S.A.,50409105090,10,34672011,1004947272,R CAROLINA TEMPESTA GONCALVES,AO LADO Nº 36,SP,3520509,10M0G7W,LTE,,,2140,1950,80,FB,,,760,"44181403519",16.34,29,72.61,-1,X,40,27191702519,60,-23.11147,-47.20523,G,2/14/2025,9/1/2017,,bc4d3af803c235be,6/1/2026,,,Indaiatuba,,x
LIC-LIC-01,CLARO S.A.,50409105090,10,34672011,695424505,RUA PRES GETÚLIO VARGAS,,SP,3526902,10M0G7W,LTE,,,2140,1950,240,FB,,,760,"12720905344",16.18,20,65,1,X,39,27191702519,60,-22.57346,-47.37424,G,4/10/2025,4/28/2011,,bc4d3af80213e545,6/1/2026,,,Limeira,,
LIC-LIC-01,CLARO S.A.,50409105090,10,48372023,1014433913,R AMÉRICO PILLON,,SP,3526407,15M0G7W,LTE,,,2117.5,1927.5,350,FB,,,760,"56001603518",14.7,25,53,0,X,70,40952002519,20,-23.0394,-47.83297,G,10/3/2024,10/28/2022,,bc4d3af80213e512,4/30/2038,,,Laranjal Paulista,,
LIC-LIC-01,CLARO S.A.,50409105090,10,48372023,1014433956,EST VICINAL JOAO H PESSIN,,SP,3526407,15M0G7W,LTE,,,2117.5,1927.5,90,FB,,,760,"56001603518",14.7,25,53,0,X,51,40952002519,20,-23.03559,-47.85657,G,10/3/2024,10/28/2022,,bc4d3af80213e503,4/30/2038,,,Laranjal Paulista,,
LIC-LIC-01,CLARO S.A.,50409105090,10,48372023,1001301681,R JORGE TEODORO,LOTE 15 E 16,SP,3524709,15M0G7W,LTE,,,2117.5,1927.5,320,FB,,,760,"12720905344",16.18,20,65,-1,X,49.5,8041101882,61.52,-22.68328,-46.9808,G,10/3/2024,3/20/2015,,bc4d3af80213e4ca,4/30/2038,,,Jaguariúna,,x
LIC-LIC-01,CLARO S.A.,50409105090,10,48372023,1001671071,R JOSÉ SERRA,,SP,3522604,15M0G7W,LTE,,,2117.5,1927.5,280,FB,,,760,"8541105344",16.97,34.65,71.05,0,X,34,8041101882,61.52,-22.42327,-46.82301,G,10/3/2024,6/18/2015,,bc4d3af80213e46a,4/30/2038,,,Itapira,,x
LIC-LIC-01,CLARO S.A.,50409105090,10,34672011,1016098917,R HARMONIA,,SP,3550308,10M0G7W,LTE,,,2140,1950,340,FB,,,760,,11.5,25,63,0,X,11.6,35912402519,60,-23.43172,-46.59229,G,7/11/2025,9/20/2024,,78236ae8038db25a,6/1/2026,,,São Paulo,,
LIC-LIC-01,CLARO S.A.,50409105090,10,97692014,1016093036,R RAUL MAZZONI,,SP,3520509,10M0G7W,LTE,,,798,743,240,FB,,,760,"56001603518",14.2,25,69,0,X,40,33782402519,79.43,-23.07566,-47.21954,G,9/18/2024,9/18/2024,,d2f16ae803858c07,12/8/2029,,,Indaiatuba,,x
LIC-LIC-01,CLARO S.A.,50409105090,10,97692014,1003750459,R WITERLEY DUARTE,,SP,3552205,10M0G7W,LTE,,,798,743,270,FB,,,760,"56001603518",13,23,67,-1,X,51,33782402519,79.43,-23.41984,-47.47916,G,9/16/2024,3/17/2017,,d2f16ae8036ed0a5,12/8/2029,,,Sorocaba,,
LIC-LIC-01,CLARO S.A.,50409105090,10,97692014,1016092650,R MARIA DIAS HOG,LT 25 QD 55,SP,3518800,10M0G7W,LTE,,,798,743,240,FB,,,760,,13.5,24,73,0,X,40,33782402519,79.43,-23.42741,-46.55686,G,9/18/2024,9/18/2024,,755c6ae802953c9d,12/8/2029,,,Guarulhos,,
LIC-LIC-01,CLARO S.A.,50409105090,10,34672011,1014434480,EST DOS FRAGAS,,SP,3554003,10M0G7W,LTE,,,2140,1950,290,FB,,,760,"56001603518",14.7,25,53,0,X,31,40952002519,20,-23.29219,-47.94383,G,9/25/2024,10/28/2022,,95a13af803bd58ac,6/1/2026,,,Tatuí,,
LIC-LIC-01,CLARO S.A.,50409105090,10,34672011,1014430752,AV RECANTO DOS PASSAROS,,SP,3507001,10M0G7W,LTE,,,2140,1950,290,FB,,,760,,16.9,22,62,0,X,54,40952002519,20,-23.31403,-47.63982,G,9/25/2024,10/26/2022,,95a13af803bd5831,6/1/2026,,,Boituva,,x
LIC-LIC-01,TELEFONICA BRASIL S.A.,50409146447,10,97432014,1016087664,RUA 1,X RUA DJALMA INÁCIO FURTADO - CHÁCARA VISTA LINDA,SP,3509502,10M0G7W,LTE,,,788,733,250,FB,,,760,"44181403519",14.2,32,58,3,X,40,48811903257,40,-22.955167,-47.025528,G,9/16/2024,9/16/2024,,fad66ae80287a05f,12/8/2029,,,Campinas,,x
LIC-LIC-01,CLARO S.A.,50409105090,10,105752021,1002761112,ROD DEPUTADO ARCHIMEDES LAMMOGLIA,ACESSO PELA ESTRADA MUNICIPAL - PROXIMO AO RODEIO ITÚ E PARQUE MAEDA,SP,3523909,20M0G7W,LTE,,,2325,0,85,FB,,,760,"3692202519",24,25,70,0,X,20,3692202519,50,-23.35287,-47.3387,G,9/16/2024,4/20/2016,,b91b4ae803675315,12/8/2041,,,Itu,,x
LIC-LIC-01,CLARO S.A.,50409105090,10,34672011,1004947191,R MONTE FUJI,,SP,3536505,10M0G7W,LTE,,,2140,1950,350,FB,,,760,,16.9,22,62,1,X,40,35912402519,60,-22.79952,-47.13295,G,7/14/2025,10/30/2017,,f4453af80294150c,6/1/2026,,,Paulínia,,x
LIC-LIC-01,CLARO S.A.,50409105090,10,97692014,1016072446,R SERRA DO PALMEIRÃO,,SP,3550308,10M0G7W,LTE,,,798,743,70,FB,,,760,,13.4,21,68,-2,X,40,33782402519,79.43,-23.43647,-46.78812,G,9/9/2024,9/9/2024,,d9803ae802a42069,12/8/2029,,,São Paulo,,
LIC-LIC-01,CLARO S.A.,50409105090,10,97692014,1016072438,R DOS JURITIS,(ROTATORIA) ACESSO ATRAVÉS DA RODOVIA MARECHAL RONDON  KM 113 5,SP,3523909,10M0G7W,LTE,,,798,743,320,FB,,,760,,6.8,20,75,0,X,21.4,83192102519,60,-23.25624,-47.36209,G,9/9/2024,9/9/2024,,d9803ae802a42058,12/8/2029,,,Itu,,x
LIC-LIC-01,CLARO S.A.,50409105090,10,97692014,441541445,R WALTER SCHMIDT,LOTEAMENTO PARQUE RURAL,SP,3509502,10M0G7W,LTE,,,798,743,30,FB,,,760,"56001603518",13,23,67,-1,X,31,33782402519,79.43,-22.83756,-47.04722,G,8/22/2024,12/10/1999,,c29a3648f7c7422e,12/8/2029,,,Campinas,,x
LIC-LIC-01,TELEFONICA BRASIL S.A.,50409146447,10,166262022,1005951850,RUA PINGUIM,,SP,3509502,10M0G7W,LTE,,,2150,1960,270,FB,,,760,"56001603518",17.2,30,60,2,X,36,83071803257,40,-22.912367,-47.117072,G,9/6/2024,3/14/2018,,3c483ae803fbd7e6,12/22/2032,,,Campinas,,x
LIC-LIC-01,TELEFONICA BRASIL S.A.,50409146447,10,166262022,505809060,RODOVIA PRESIDENTE CASTELLO BRANCO,KM 101 SP 280,SP,3540606,10M0G7W,LTE,,,2150,1960,280,FB,,,760,"0",17.9,24,64,2,X,60,83071803257,40,-23.334625,-47.545739,G,9/6/2024,11/28/2000,,3c483ae803fbd67d,12/22/2032,,,Porto Feliz,,x
LIC-LIC-01,TELEFONICA BRASIL S.A.,50409146447,10,166262022,410853160,RUA PROFESSOR ALEXANDRE BATISTA TOLEDO,,SP,3509502,10M0G7W,LTE,,,2150,1960,340,FB,,,760,"44181403519",16.4,32,57,0,X,28,83071803257,40,-22.895019,-47.109453,G,9/6/2024,12/10/1999,,3c483ae803fbd638,12/22/2032,,,Campinas,,x
LIC-LIC-01,TELEFONICA BRASIL S.A.,50409146447,10,166262022,1012589657,RUA CORONEL ANTONIO ESTANISLAU DO AMARAL,,SP,3520509,10M0G7W,LTE,,,1855,1760,320,FB,,,760,"24731703257",14.9,25,63,2,X,49,83071803257,40,-23.103606,-47.182878,G,9/6/2024,11/12/2021,,3c483ae803fbd4dc,12/22/2032,,,Indaiatuba,,x
LIC-LIC-01,TELEFONICA BRASIL S.A.,50409146447,10,166262022,691931704,RUA PADRE ANTÔNIO VIEIRA,CONDOMÍNIO EDIFÍCIO FRANKLIN,SP,3509502,10M0G7W,LTE,,,2150,1960,310,FB,,,760,"44181403519",16.4,32,57,0,X,38,83071803257,40,-22.870972,-47.061861,G,9/6/2024,11/26/2009,,3c483ae803fbd47f,12/22/2032,,,Campinas,,x
LIC-LIC-01,TELEFONICA BRASIL S.A.,50409146447,10,166262022,443389004,RUA FREDERICO GARLIPP,,SP,3509502,10M0G7W,LTE,,,2150,1960,300,FB,,,760,"0",17.5,25,65,2,X,28,83071803257,40,-22.879039,-47.074842,G,9/6/2024,11/10/2000,,3c483ae803fbd38a,12/22/2032,,,Campinas,,x
LIC-LIC-01,TELEFONICA BRASIL S.A.,50409146447,10,166262022,410915831,RUA JOSÉ DOBNER,,SP,3509502,10M0G7W,LTE,,,2150,1960,350,FB,,,760,"0",17.5,25,65,1,X,30,83071803257,40,-22.943031,-47.109436,G,9/6/2024,12/13/1999,,3c483ae803fbd35d,12/22/2032,,,Campinas,,x
LIC-LIC-01,TELEFONICA BRASIL S.A.,50409146447,10,166262022,441561896,RUA THEREZA SACCON FABER,QUADRA 2651 LOTE 2,SP,3526902,10M0G7W,LTE,,,2150,1960,220,FB,,,760,"56001603518",17.2,30,60,5,X,21,83071803257,40,-22.581317,-47.397583,G,9/6/2024,12/15/1999,,3c483ae803fbd116,12/22/2032,,,Limeira,,
LIC-LIC-01,TELEFONICA BRASIL S.A.,50409146447,10,166262022,441985483,RUA ALVARITO MULLER,,SP,3509502,10M0G7W,LTE,,,2150,1960,220,FB,,,760,"44181403519",16.4,32,57,0,X,36,83071803257,40,-22.928961,-47.061631,G,9/6/2024,12/15/1999,,3c483ae803fbd0ef,12/22/2032,,,Campinas,,x
LIC-LIC-01,TELEFONICA BRASIL S.A.,50409146447,10,166262022,410853739,RUA FERDINANDO PANATTONI,,SP,3509502,10M0G7W,LTE,,,2150,1960,245,FB,,,760,"44181403519",16.4,32,57,2,X,28,83071803257,40,-22.920353,-47.110361,G,9/6/2024,12/10/1999,,3c483ae803fbd083,12/22/2032,,,Campinas,,x
LIC-LIC-01,TELEFONICA BRASIL S.A.,50409146447,10,166262022,1000803837,DOM PEDRO I,KM 140+120 M CONCESSIONARIA SANBAIBA CAMINHOES MB,SP,3509502,10M0G7W,LTE,,,2150,1960,230,FB,,,760,"56001603518",17.4,25,62,2,X,29,83071803257,40,-22.847903,-47.091014,G,9/6/2024,7/29/2016,,3c483ae803fbcf84,12/22/2032,,,Campinas,,x
LIC-LIC-01,TELEFONICA BRASIL S.A.,50409146447,10,166262022,1003218218,AVENIDA FREI FRANCISCO ANTONIO PERIN,,SP,3538709,10M0G7W,LTE,,,2150,1960,270,FB,,,760,"44181403519",16.4,32,57,3,X,60,83071803257,40,-22.755736,-47.676703,G,9/6/2024,3/24/2017,,3c483ae803fbceee,12/22/2032,,,Piracicaba,,x
LIC-LIC-01,TELEFONICA BRASIL S.A.,50409146447,10,105802021,1016062254,Avenida Aquidabã com Avenida Francisco Glicério,Em frente Cocab Pools (Piscinas),SP,3509502,100MG7W,LTE,,,3450,3450,90,FB,,,760,"1.07E+11",0,0,0,0,X,4,107000000000,31.62,-22.9114328,-47.0567943,G,9/3/2024,9/3/2024,,17123ae803671a68,12/8/2041,,,Campinas,,x
LIC-LIC-01,TELEFONICA BRASIL S.A.,50409146447,10,105802021,1016062238,Avenida Imperatriz Dona Tereza Cristina,(Esquina c/ a Rua Roberto Gomes Pedrosa),SP,3509502,100MG7W,LTE,,,3450,3450,90,FB,,,760,"1.07E+11",0,0,0,0,X,4,107000000000,31.62,-22.910972,-47.043509,G,9/3/2024,9/3/2024,,17123ae803671a66,12/8/2041,,,Campinas,,x
LIC-LIC-01,TELEFONICA BRASIL S.A.,50409146447,10,105802021,1016062220,Rua Orlando Carpino,Em frente Drogaria São Paulo (Praça vinte três de Outubro - Rotatória da Torre do Castelo),SP,3509502,100MG7W,LTE,,,3450,3450,90,FB,,,760,"1.07E+11",0,0,0,0,X,4,107000000000,31.62,-22.8900465,-47.0765746,G,9/3/2024,9/3/2024,,17123ae803671a65,12/8/2041,,,Campinas,,x
LIC-LIC-01,TELEFONICA BRASIL S.A.,50409146447,10,105802021,1016062211,Rua Capitão Pedro de Alcântara,Em frente Portaria do Estádio (Praça Doutor Francisco Ursaia),SP,3509502,100MG7W,LTE,,,3450,3450,90,FB,,,760,"1.07E+11",0,0,0,0,X,4,107000000000,31.62,-22.9126805,-47.0502447,G,9/3/2024,9/3/2024,,17123ae803671a64,12/8/2041,,,Campinas,,x
LIC-LIC-01,TELEFONICA BRASIL S.A.,50409146447,10,105802021,1016062190,Avenida Prefeito Faria Lima,(Em frente Hosp Mario Gatti c/ a Praça Augusto Fidelis),SP,3509502,100MG7W,LTE,,,3450,3450,90,FB,,,760,"1.07E+11",0,0,0,0,X,4,107000000000,31.62,-22.916356,-47.069428,G,9/3/2024,9/3/2024,,17123ae803671a62,12/8/2041,,,Campinas,,x
LIC-LIC-01,TELEFONICA BRASIL S.A.,50409146447,10,105802021,1016061851,Avenida Independencia,Concessionária: CPFL Piratininga (Poste em frente a Portaria da Unip - na pracinha),SP,3552205,100MG7W,LTE,,,3450,3450,90,FB,,,760,"1.07E+11",0,0,0,0,X,4,107000000000,31.62,-23.4595667,-47.4209438,G,9/3/2024,9/3/2024,,17123ae8033e4a47,12/8/2041,,,Sorocaba,,
LIC-LIC-01,TELEFONICA BRASIL S.A.,50409146447,10,105802021,1016061819,Rua Facens,Concessionária: CPFL Piratininga (Poste fica interno a Facens  passando a portaria  subindo a rotatória a esquerda),SP,3552205,100MG7W,LTE,,,3450,3450,90,FB,,,760,"1.07E+11",0,0,0,0,X,4,107000000000,31.62,-23.4705531,-47.4283272,G,9/3/2024,9/3/2024,,17123ae8033e4a43,12/8/2041,,,Sorocaba,,
LIC-LIC-01,TELEFONICA BRASIL S.A.,50409146447,10,105802021,1016061711,Rua Alvares Machado com Avenida Benjamin Constant,,SP,3509502,100MG7W,LTE,,,3450,3450,90,FB,,,760,"1.07E+11",0,0,0,0,X,4,107000000000,31.62,-22.9039708,-47.0638388,G,9/3/2024,9/3/2024,,17123ae8033e4a39,12/8/2041,,,Campinas,,x
LIC-LIC-01,TELEFONICA BRASIL S.A.,50409146447,10,105802021,1016061703,Rua Emílio Henking,(ao lado da Central Operacional Vivo),SP,3509502,100MG7W,LTE,,,3450,3450,90,FB,,,760,"1.07E+11",0,0,0,0,X,4,107000000000,31.62,-22.8967369,-47.0817543,G,9/3/2024,9/3/2024,,17123ae8033e4a38,12/8/2041,,,Campinas,,x
LIC-LIC-01,TELEFONICA BRASIL S.A.,50409146447,10,105802021,1016061690,Rua da Conceição com Rua Boaventura do Amaral,Praça Carlos Gomes,SP,3509502,100MG7W,LTE,,,3450,3450,90,FB,,,760,"1.07E+11",0,0,0,0,X,4,107000000000,31.62,-22.9039681,-47.0556886,G,9/3/2024,9/3/2024,,17123ae8033e4a37,12/8/2041,,,Campinas,,x
LIC-LIC-01,TELEFONICA BRASIL S.A.,50409146447,10,105802021,1016061681,Avenida Doutor Heitor Penteado,De frente c/ Entrada 01 do Parque (Poste na pracinha da Peça Histórica Adutora de Agua),SP,3509502,100MG7W,LTE,,,3450,3450,90,FB,,,760,"1.07E+11",0,0,0,0,X,4,107000000000,31.62,-22.872008,-47.0483963,G,9/3/2024,9/3/2024,,17123ae8033e4a36,12/8/2041,,,Campinas,,x
LIC-LIC-01,TELEFONICA BRASIL S.A.,50409146447,10,105802021,1016061673,Rua Padre Almeida,(Esquina com a Rua Antônio Lapa),SP,3509502,100MG7W,LTE,,,3450,3450,90,FB,,,760,"1.07E+11",0,0,0,0,X,4,107000000000,31.62,-22.89954,-47.04918,G,9/3/2024,9/3/2024,,17123ae8033e4a35,12/8/2041,,,Campinas,,x
LIC-LIC-01,TELEFONICA BRASIL S.A.,50409146447,10,105802021,1016061665,Avenida Coronel Silva Telles,Rua Maria Monteiro(Esquina com a Igreja),SP,3509502,100MG7W,LTE,,,3450,3450,90,FB,,,760,"1.07E+11",0,0,0,0,X,4,107000000000,31.62,-22.8938172,-47.0528441,G,9/3/2024,9/3/2024,,17123ae8033e4a34,12/8/2041,,,Campinas,,x
LIC-LIC-01,TELEFONICA BRASIL S.A.,50409146447,10,105802021,1016061657,Rua Doutor Pereira Lima,Ao lado do ponto de táxi (Terminal Rodoviário),SP,3509502,100MG7W,LTE,,,3450,3450,90,FB,,,760,"1.07E+11",0,0,0,0,X,4,107000000000,31.62,-22.9060591,-47.0735182,G,9/3/2024,9/3/2024,,17123ae8033e4a33,12/8/2041,,,Campinas,,x
LIC-LIC-01,CLARO S.A.,50409105090,10,34672011,1007614827,AV EUGEN WISSMANN,,SP,3523909,10M0G7W,LTE,,,2140,1950,60,FB,,,760,,17.2,25,65,-3,X,50,39452402519,80,-23.27846,-47.28091,G,1/7/2026,11/19/2018,,78236ae803a76cab,6/1/2026,,,Itu,,x
LIC-LIC-01,CLARO S.A.,50409105090,10,97692014,1016054952,AV MANUEL ALVES,,SP,3552403,10M0G7W,LTE,,,798,743,300,FB,,,760,,13.5,24,73,0,X,35,33782402519,79.43,-22.79791,-47.27028,G,8/30/2024,8/30/2024,,b91b4ae801e1e66e,12/8/2029,,,Sumaré,,x
LIC-LIC-01,CLARO S.A.,50409105090,10,97692014,1016058346,R DOS DORMINHOCOS,ROTATORIA (ACESSO ATRAVÉS DA RODOVIA MARECHAL RONDON  KM 113 5),SP,3523909,10M0G7W,LTE,,,798,743,310,FB,,,760,,6.8,20,75,0,X,11.85,83192102519,60,-23.26776,-47.38447,G,9/2/2024,9/2/2024,,17123ae802de0529,12/8/2029,,,Itu,,x
LIC-LIC-01,CLARO S.A.,50409105090,10,97692014,1016058338,R DOS PARISIENSES,(ROTATORIA)ACESSO ATRAVÉS DA RODOVIA MARECHAL RONDON  KM 113 5,SP,3523909,10M0G7W,LTE,,,798,743,230,FB,,,760,,6.8,20,75,0,X,11.85,83192102519,60,-23.26084,-47.37895,G,9/2/2024,9/2/2024,,17123ae802de051f,12/8/2029,,,Itu,,x
LIC-LIC-01,CLARO S.A.,50409105090,10,97692014,1016058320,R DOS MARRECOS,ACESSO ATRAVÉS DA RODOVIA MARECHAL RONDON  KM 113 5,SP,3523909,10M0G7W,LTE,,,798,743,250,FB,,,760,,6.8,20,75,0,X,11.85,83192102519,60,-23.2671,-47.38099,G,9/2/2024,9/2/2024,,17123ae802de0515,12/8/2029,,,Itu,,x
LIC-LIC-01,CLARO S.A.,50409105090,10,97692014,1016058311,R DOS CABOCLINHOS,(ROTATORIA) ACESSO ATRAVÉS DA RODOVIA MARECHAL RONDON  KM 113 5,SP,3523909,10M0G7W,LTE,,,798,743,189,FB,,,760,,6.8,20,75,0,X,11.85,83192102519,60,-23.25656,-47.38174,G,9/2/2024,9/2/2024,,17123ae802de050b,12/8/2029,,,Itu,,x
LIC-LIC-01,CLARO S.A.,50409105090,10,97692014,1016058303,R DAS GAIVOTAS,ACESSO ATRAVÉS DA RODOVIA MARECHAL RONDON  KM 113 5,SP,3523909,10M0G7W,LTE,,,798,743,320,FB,,,760,,6.8,20,75,0,X,11.85,83192102519,60,-23.26557,-47.37674,G,9/2/2024,9/2/2024,,17123ae802de0501,12/8/2029,,,Itu,,x
LIC-LIC-01,CLARO S.A.,50409105090,10,97692014,1016058290,R DAS ROLINHAS,(ROTATORIA)ACESSO ATRAVÉS DA RODOVIA MARECHAL RONDON  KM 113 5,SP,3523909,10M0G7W,LTE,,,798,743,300,FB,,,760,,6.8,20,75,0,X,11.85,83192102519,60,-23.25977,-47.36771,G,9/2/2024,9/2/2024,,17123ae802de04f3,12/8/2029,,,Itu,,x
LIC-LIC-01,CLARO S.A.,50409105090,10,97692014,1016058281,R PICA PAU,(ROTATORIA)ACESSO ATRAVÉS DA RODOVIA MARECHAL RONDON  KM 113 5,SP,3523909,10M0G7W,LTE,,,798,743,230,FB,,,760,,6.8,20,75,0,X,11.85,83192102519,60,-23.25148,-47.37451,G,9/2/2024,9/2/2024,,17123ae802de04e9,12/8/2029,,,Itu,,x
LIC-LIC-01,CLARO S.A.,50409105090,10,97692014,1016058273,R DOS PINTASSILGOS,(ROTATORIA)ACESSO ATRAVÉS DA RODOVIA MARECHAL RONDON  KM 113 5,SP,3523909,10M0G7W,LTE,,,798,743,240,FB,,,760,,6.8,20,75,0,X,11.85,83192102519,60,-23.2709,-47.39038,G,9/2/2024,9/2/2024,,17123ae802de04df,12/8/2029,,,Itu,,x
LIC-LIC-01,CLARO S.A.,50409105090,10,97692014,1016058265,R DOS TROPEIROS,(ROTATORIA)ACESSO ATRAVÉS DA RODOVIA MARECHAL RONDON  KM 113 5,SP,3523909,10M0G7W,LTE,,,798,743,200,FB,,,760,,6.8,20,75,0,X,11.85,83192102519,60,-23.27216,-47.3879,G,9/2/2024,9/2/2024,,17123ae802de04d9,12/8/2029,,,Itu,,x
LIC-LIC-01,TELEFONICA BRASIL S.A.,50409146447,10,59072012,441552897,AVENIDA DOUTOR CLEMENTE FERREIRA,,SP,3538709,5M00G7W,LTE,,,2680,2560,360,FB,,,760,"44181403519",16.9,32,58,3,X,52,58221803257,40,-22.710256,-47.660597,G,8/26/2024,12/15/1999,,9f133648394a8d10,10/18/2027,,,Piracicaba,,x
LIC-LIC-01,TELEFONICA BRASIL S.A.,50409146447,10,59072012,534216374,AVENIDA ORLÂNDIA,QUADRA H LOTE 25,SP,3538709,5M00G7W,LTE,,,2680,2560,350,FB,,,760,"0",18.4,25,58,2,X,56,58221803257,40,-22.773797,-47.591333,G,8/26/2024,11/28/2000,,9f133648394a8d0d,10/18/2027,,,Piracicaba,,x
LIC-LIC-01,TELEFONICA BRASIL S.A.,50409146447,10,59072012,697437906,RODOVIA DEPUTADO LAÉRCIO CORTE,KM 139 5 SP 147,SP,3538709,5M00G7W,LTE,,,2680,2560,340,FB,,,760,"5152003257",17.5,24,59,2,X,55,58221803257,40,-22.692242,-47.621411,G,8/26/2024,6/26/2012,,9f133648394a8d0a,10/18/2027,,,Piracicaba,,x
LIC-LIC-01,TELEFONICA BRASIL S.A.,50409146447,10,166262022,699067162,RUA SEVERO PENTEADO,,SP,3509502,10M0G7W,LTE,,,2150,1960,255,FB,,,760,"44181403519",16.4,32,57,2,X,58,83071803257,40,-22.897656,-47.054069,G,8/26/2024,7/4/2013,,9f133648394a8a6c,12/22/2032,,,Campinas,,x
LIC-LIC-01,TELEFONICA BRASIL S.A.,50409146447,10,97432014,1012467659,RUA DA AMOREIRA,,SP,3518800,10M0G7W,LTE,,,788,733,340,FB,,,760,"56001603518",13.5,25,63,2,X,39,57731705894,40,-23.432761,-46.550914,G,8/26/2024,10/18/2021,,9f133648394a845b,12/8/2029,,,Guarulhos,,
LIC-LIC-01,TELEFONICA BRASIL S.A.,50409146447,10,166262022,1009194230,RUA JOÃO SANTANA,,SP,3518800,10M0G7W,LTE,,,1875,1780,240,FB,,,760,"56001603518",16.7,30,64,2,X,14,7591301882,40,-23.432967,-46.542774,G,8/26/2024,10/2/2019,,9f133648394a838c,12/22/2032,,,Guarulhos,,
LIC-LIC-01,TELEFONICA BRASIL S.A.,50409146447,10,166262022,403012554,AVENIDA DOUTOR CAVALCANTI,,SP,3525904,10M0G7W,LTE,,,1875,1780,180,FB,,,760,"56001603518",16.7,30,64,4,X,30,83192102519,40,-23.190217,-46.879831,G,8/26/2024,4/29/1999,,9f133648394a82a9,12/22/2032,,,Jundiaí,,x
LIC-LIC-01,TELEFONICA BRASIL S.A.,50409146447,10,166262022,1016043780,RODOVIA DOM PEDRO I SP-065,KM 118 E KM 119 SENTIDO NORTE,SP,3509502,10M0G7W,LTE,,,2150,1960,280,FB,,,760,"44181403519",16.4,32,57,4,X,59,83071803257,40,-22.923778,-46.929137,G,8/22/2024,8/22/2024,,11f76ae8037e8f1d,12/22/2032,,,Campinas,,x
LIC-LIC-01,TELEFONICA BRASIL S.A.,50409146447,10,166262022,1016043764,RUA LUZITANA,,SP,3509502,10M0G7W,LTE,,,2150,1960,340,FB,,,760,"56001603518",17.4,25,62,2,X,53,83071803257,40,-22.9009,-47.0585,G,8/22/2024,8/22/2024,,11f76ae8037e8e39,12/22/2032,,,Campinas,,x
LIC-LIC-01,TELEFONICA BRASIL S.A.,50409146447,10,166262022,1016043756,RUA JOÃO DE SOUZA COELHO,,SP,3509502,10M0G7W,LTE,,,2150,1960,270,FB,,,760,"38661703257",17.6,25,64,2,X,30,83071803257,40,-22.87375,-47.12862,G,8/22/2024,8/22/2024,,11f76ae8037e8dc6,12/22/2032,,,Campinas,,x
LIC-LIC-01,Telefonica Brasil S.a.,50409146447,10,48412023,410853640,RUA CARLOS PIACENTINI,,SP,3509502,10M0G7W,LTE,,,2160,1970,330,FB,,,760,"0",17.9,24,64,0,X,29,83071803257,40,-22.937589,-47.024422,G,11/13/2024,12/10/1999,,11f76ae803a9ff4c,4/29/2038,,,Campinas,,x
LIC-LIC-01,TELEFONICA BRASIL S.A.,50409146447,10,48412023,1016043721,AVENIDA PASTOR JOÃO PRATA VIEIRA,,SP,3509502,10M0G7W,LTE,,,2160,1970,360,FB,,,760,"38661703257",17.6,25,64,0,X,40,83071803257,40,-22.98537,-47.12077,G,8/22/2024,8/22/2024,,11f76ae803a9fefb,4/29/2038,,,Campinas,,x
LIC-LIC-01,Telefonica Brasil S.a.,50409146447,10,48412023,691929661,CAMINHO DEZ,KM 7,SP,3509502,10M0G7W,LTE,,,2160,1970,260,FB,,,760,"0",17.9,24,64,2,X,48,83071803257,40,-22.8455,-46.972,G,11/13/2024,11/26/2009,,11f76ae803a9fe8f,4/29/2038,,,Campinas,,x
LIC-LIC-01,Telefonica Brasil S.a.,50409146447,10,48412023,1001326374,AVENIDA SEBASTIÃO CURY,,SP,3509502,10M0G7W,LTE,,,2160,1970,305,FB,,,760,"0",17.5,25,65,3,X,30,83071803257,40,-22.953061,-47.059839,G,11/13/2024,2/17/2017,,11f76ae803a9fe3e,4/29/2038,,,Campinas,,x
LIC-LIC-01,Telefonica Brasil S.a.,50409146447,10,166262022,535540213,RUA 13 DE MAIO,X RUA DUQUE DE CAXIAS  846,SP,3503802,10M0G7W,LTE,,,2150,1960,350,FB,,,760,"56001603518",17.2,30,60,2,X,50,83071803257,40,-22.575047,-47.172131,G,11/13/2024,9/15/2000,,11f76ae803a9fc07,12/22/2032,,,Artur Nogueira,,
LIC-LIC-01,Telefonica Brasil S.a.,50409146447,10,166262022,692364544,RUA CARLOS DE CAMPOS,,SP,3501905,10M0G7W,LTE,,,2150,1960,270,FB,,,760,"44181403519",16.4,32,57,5,X,51,83071803257,40,-22.709333,-46.761361,G,11/13/2024,6/22/2010,,11f76ae803a9fb52,12/22/2032,,,Amparo,,x
LIC-LIC-01,Telefonica Brasil S.a.,50409146447,10,166262022,442159307,RODOVIA ANTONIO CAZALINI,KM 2 SP 352 TOPO DO MORRO DO CRISTO ESTRADA AFONSO RIBEIRO PERSICANO,SP,3501905,10M0G7W,LTE,,,2150,1960,350,FB,,,760,"5152003257",17.3,25,68,2,X,40,83071803257,40,-22.694331,-46.77325,G,11/13/2024,12/15/1999,,11f76ae803a9fb2e,12/22/2032,,,Amparo,,x
LIC-LIC-01,Telefonica Brasil S.a.,50409146447,10,166262022,1002051875,RODOVIA JOÃO BEIRA,KM 46 7 SP 95,SP,3501905,10M0G7W,LTE,,,2150,1960,235,FB,,,760,"43061703257",16.9,27,63,2,X,26,83071803257,40,-22.717961,-46.812169,G,11/13/2024,11/9/2015,,11f76ae803bfa78a,12/22/2032,,,Amparo,,x
LIC-LIC-01,Telefonica Brasil S.a.,50409146447,10,166262022,688413803,RUA 2,PRÓXIMO AO ESTÁDIO MUNICIPAL,SP,3524709,10M0G7W,LTE,,,2150,1960,330,FB,,,760,"24731703257",15.9,25,62,0,X,36,83071803257,40,-22.683753,-46.994958,G,11/13/2024,5/18/2006,,11f76ae803bfa5e0,12/22/2032,,,Jaguariúna,,x
LIC-LIC-01,Telefonica Brasil S.a.,50409146447,10,166262022,399604790,RUA BIRIGUI,,SP,3525904,10M0G7W,LTE,,,1875,1780,340,FB,,,760,"44181403519",15.1,29,62,3,X,28,12111805894,40,-23.182053,-46.851503,G,11/13/2024,12/10/1999,,11f76ae803bfa598,12/22/2032,,,Jundiaí,,x
LIC-LIC-01,Telefonica Brasil S.a.,50409146447,10,105802021,1006964620,RUA BARÃO DE JUNDIAÍ,"&amp;amp; RUA SIQUEIRA DE MORAES  550",SP,3525904,40M0G7W,LTE,,,2370,2370,300,FB,,,760,"33892302519",13.2,25,65,0,X,25,33892302519,40,-23.185961,-46.886028,G,11/13/2024,7/16/2018,,11f76ae803bfa56e,12/8/2041,,,Jundiaí,,x
LIC-LIC-01,TELEFONICA BRASIL S.A.,50409146447,10,166262022,1000962781,RUA GALVANI,,SP,3525201,10M0G7W,LTE,,,2150,1960,280,FB,,,760,"56001603518",17.2,30,60,2,X,56,83192102519,40,-23.091819,-46.702517,G,8/22/2024,6/12/2015,,11f76ae80350446c,12/22/2032,,,Jarinu,,
LIC-LIC-01,TELEFONICA BRASIL S.A.,50409146447,10,166262022,691930155,RUA PAPA PIO XII,,SP,3522604,10M0G7W,LTE,,,1855,1760,350,FB,,,760,"56001603518",16.7,30,64,2,X,47,83071803257,40,-22.432525,-46.836122,G,8/22/2024,11/26/2009,,11f76ae8035043cd,12/22/2032,,,Itapira,,x
LIC-LIC-01,TELEFONICA BRASIL S.A.,50409146447,10,59072012,1005951800,RODOVIA SP073,KM 44 5,SP,3520509,15M0G7W,LTE,,,2680,2560,300,FB,,,760,"38701403518",17.5,28,66.03,0,X,44,58221803257,40,-23.146734,-47.251224,G,8/22/2024,3/14/2018,,11f76ae803504398,10/18/2027,,,Indaiatuba,,x
LIC-LIC-01,TELEFONICA BRASIL S.A.,50409146447,10,59072012,690654880,AVENIDA BRASÍLIA,,SP,3538709,5M00G7W,LTE,,,2680,2560,230,FB,,,760,"44181403519",16.9,32,58,2,X,40,58221803257,40,-22.684028,-47.667689,G,8/22/2024,9/16/2008,,11f76ae8035042fa,10/18/2027,,,Piracicaba,,x
LIC-LIC-01,TELEFONICA BRASIL S.A.,50409146447,10,59072012,699257468,AVENIDA ARY BARNABÉ,,SP,3520509,5M00G7W,LTE,,,2680,2560,290,FB,,,760,"5152003257",17.5,24,59,2,X,48,58221803257,40,-23.065189,-47.232825,G,8/22/2024,2/12/2014,,11f76ae803504289,10/18/2027,,,Indaiatuba,,x
LIC-LIC-01,TELEFONICA BRASIL S.A.,50409146447,10,166262022,1016043578,CONDOMINIO FAZENDA BOA VISTA,ROD. CASTELO B,SP,3540606,10M0G7W,LTE,,,2150,1960,260,FB,,,760,"0",17.9,24,64,2,X,39,83071803257,40,-23.369111,-47.552781,G,8/22/2024,8/22/2024,,11f76ae8035040d6,12/22/2032,,,Porto Feliz,,x
LIC-LIC-01,TELEFONICA BRASIL S.A.,50409146447,10,166262022,1016043560,RUA 07 (SETE),FAZENDA BOA VISTA -FASE II BAIRRO INDAIATUBA,SP,3540606,10M0G7W,LTE,,,2150,1960,220,FB,,,760,"0",17.9,24,64,2,X,39,83071803257,40,-23.352431,-47.563361,G,8/22/2024,8/22/2024,,11f76ae8035040c1,12/22/2032,,,Porto Feliz,,x
LIC-LIC-01,TELEFONICA BRASIL S.A.,50409146447,10,166262022,1016043551,AVENIDA 10 (DEZ),FAZENDA BOA VISTA - FASE II,SP,3540606,10M0G7W,LTE,,,2150,1960,320,FB,,,760,"0",17.9,24,64,2,X,48,83071803257,40,-23.378481,-47.567881,G,8/22/2024,8/22/2024,,11f76ae8035040ac,12/22/2032,,,Porto Feliz,,x
LIC-LIC-01,CLARO S.A.,50409105090,10,46622011,1016036644,AL DOS CAJUEIROS,,SP,3556206,2M50G7W,LTE,,,892.75,847.75,310,FB,,,168,,11,0,360,0,V,18,39721705894,80,-22.99727,-46.9469,G,8/20/2024,8/20/2024,,f7536ae8031e7bcf,3/31/2028,,,Valinhos,,
LIC-LIC-01,CLARO S.A.,50409105090,10,46622011,1016036636,R ITAGAUSSU,,SP,3556206,2M50G7W,LTE,,,892.75,847.75,330,FB,,,168,,11,0,360,0,V,9,39721705894,80,-22.96571,-46.91785,G,8/20/2024,8/20/2024,,f7536ae8031e7bcb,3/31/2028,,,Valinhos,,
LIC-LIC-01,CLARO S.A.,50409105090,10,97692014,1011763629,R DURVALINA TAVARES BARRETO,,SP,3509502,10M0G7W,LTE,,,798,743,275,FB,,,760,,13.4,21,68,0,X,33,33782402519,79.43,-22.89673,-47.09392,G,3/6/2025,2/25/2021,,c29a3648cfed41b8,12/8/2029,,,Campinas,,x
LIC-LIC-01,TELEFONICA BRASIL S.A.,50409146447,10,166262022,1850580,RUA JOSÉ ALVES GUEDES,,SP,3524709,10M0G7W,LTE,,,2150,1960,360,FB,,,760,"24731703257",15.9,25,62,2,X,43,83071803257,40,-22.703322,-46.984889,G,8/20/2024,9/21/1999,,c29a3648edc7de9b,12/22/2032,,,Jaguariúna,,x
LIC-LIC-01,TELEFONICA BRASIL S.A.,50409146447,10,166262022,403092221,RODOVIA ANTÔNIO ROMANO SCHINCARIOL,KM 115 SP 127,SP,3554003,10M0G7W,LTE,,,1855,1760,230,FB,,,760,"56001603518",17.4,25,68,2,X,29,83071803257,40,-23.342086,-47.873836,G,8/20/2024,12/10/1999,,c29a3648ca97a3f4,12/22/2032,,,Tatuí,,
LIC-LIC-01,TELEFONICA BRASIL S.A.,50409146447,10,166262022,1010157733,RUA CAPITAO LISBOA,EDIFÍCIO CENTRO EMPRESARIAL 1º DE MAIO,SP,3554003,10M0G7W,LTE,,,2150,1960,320,FB,,,760,"44181403519",16.4,32,57,4,X,43,83071803257,40,-23.347196,-47.847274,G,8/20/2024,4/1/2020,,c29a3648ca97a38c,12/22/2032,,,Tatuí,,
LIC-LIC-01,TELEFONICA BRASIL S.A.,50409146447,10,166262022,535744269,RUA COMENDADOR AURÉLIO PERSONE,,SP,3554508,10M0G7W,LTE,,,2150,1960,330,FB,,,760,"0",17.9,24,64,0,X,48,83071803257,40,-23.080153,-47.725042,G,8/20/2024,11/10/2000,,c29a3648ca97a2f9,12/22/2032,,,Tietê,,
LIC-LIC-01,TELEFONICA BRASIL S.A.,50409146447,10,59072012,695215817,RUA XI DE AGOSTO,CONDOMÍNIO RESIDENCIAL XI DE AGOSTO,SP,3554003,15M0G7W,LTE,,,2680,2560,320,FB,,,760,"56001603518",17.9,25,62,2,X,47,58221803257,40,-23.350592,-47.853919,G,8/20/2024,2/28/2011,,c29a3648ca97a2ce,10/18/2027,,,Tatuí,,
LIC-LIC-01,TELEFONICA BRASIL S.A.,50409146447,10,166262022,1008944057,ESTRADA RODOVIA MARECHAL RONDON 300,,SP,3554508,10M0G7W,LTE,,,1855,1760,300,FB,,,760,"56001603518",15.8,25,67,0,X,30,83071803257,40,-23.118816,-47.715923,G,8/20/2024,8/2/2019,,c29a3648ca97a287,12/22/2032,,,Tietê,,
LIC-LIC-01,TELEFONICA BRASIL S.A.,50409146447,10,166262022,691931801,RUA VITÓRIO CHINAGLIA,,SP,3509502,10M0G7W,LTE,,,2150,1960,360,FB,,,760,"56001603518",17.2,30,60,2,X,31,83071803257,40,-22.987056,-47.109361,G,8/20/2024,11/26/2009,,c29a3648ca97a269,12/22/2032,,,Campinas,,x
LIC-LIC-01,TELEFONICA BRASIL S.A.,50409146447,10,166262022,1016035729,AVENIDA OROSIMBO MAIA,,SP,3509502,10M0G7W,LTE,,,2150,1960,340,FB,,,760,"56001603518",17.4,25,62,4,X,60,83071803257,40,-22.896336,-47.061275,G,8/20/2024,8/20/2024,,c29a3648ca7a6ba0,12/22/2032,,,Campinas,,x
LIC-LIC-01,TELEFONICA BRASIL S.A.,50409146447,10,166262022,410853526,RUA DOM HUMBERTO MAZZONI,,SP,3509502,10M0G7W,LTE,,,2150,1960,300,FB,,,760,"56001603518",17.2,30,60,0,X,34,83071803257,40,-22.863436,-47.150167,G,8/20/2024,12/10/1999,,c29a3648ca7a6ad4,12/22/2032,,,Campinas,,x
LIC-LIC-01,TELEFONICA BRASIL S.A.,50409146447,10,166262022,436362848,RUA FRANCISCO DIDONE,,SP,3509502,10M0G7W,LTE,,,2150,1960,300,FB,,,760,"56001603518",17.5,25,65,1,X,48,83071803257,40,-22.971111,-47.046111,G,8/20/2024,8/2/2001,,c29a3648ca7a69ef,12/22/2032,,,Campinas,,x
LIC-LIC-01,TELEFONICA BRASIL S.A.,50409146447,10,59072012,442159617,RUA JUNDIAI,,SP,3530706,5M00G7W,LTE,,,2680,2560,250,FB,,,760,"0",18.4,25,58,0,X,38,58221803257,40,-22.35265,-46.942267,G,8/20/2024,12/15/1999,,c29a3648ca7a68cd,10/18/2027,,,Mogi Guaçu,,
LIC-LIC-01,TELEFONICA BRASIL S.A.,50409146447,10,166262022,1002051166,RUA JACOB ABRAME,,SP,3554003,10M0G7W,LTE,,,2150,1960,350,FB,,,760,"56001603518",16,25,67,2,X,50,83071803257,40,-23.385295,-47.847138,G,8/20/2024,11/9/2015,,c29a3648ca7a665e,12/22/2032,,,Tatuí,,
LIC-LIC-01,CLARO S.A.,50409105090,10,97692014,1014195796,R AGRARIO ANTUNES,,SP,3552205,10M0G7W,LTE,,,798,743,5,FB,,,760,"56001603518",13,23,67,-1,X,40,33782402519,79.43,-23.43075,-47.46618,G,8/16/2024,9/6/2022,,c29a3648afb6cd3f,12/8/2029,,,Sorocaba,,
LIC-LIC-01,TELEFONICA BRASIL S.A.,50409146447,10,166262022,1014962444,RODOVIA SANTOS DUMONT,KM 66  NOVO TERMINAL DE PASSAGEIROS - VIRACOPOS,SP,3509502,10M0G7W,LTE,,,2150,1960,0.003,FB,,,840,"0",0,0,0,0,V,3,83071803257,40,-23.008086,-47.149186,G,8/16/2024,6/8/2023,,c29a3648cee43d1f,12/22/2032,,,Campinas,,x
LIC-LIC-01,TELEFONICA BRASIL S.A.,50409146447,10,166262022,1013135153,RUA IRENE APARECIDA VIEIRA GILDES,QUADRA B LOTE 05,SP,3552205,10M0G7W,LTE,,,2150,1960,320,FB,,,760,"0",17.9,24,64,0,X,23,83071803257,40,-23.414681,-47.400639,G,8/13/2024,5/24/2022,,e7ff0ae803daac59,12/22/2032,,,Sorocaba,,
LIC-LIC-01,TELEFONICA BRASIL S.A.,50409146447,10,166262022,1016019928,RUA DURVALINO MANFI,ENTRE O Nº 21,SP,3552205,10M0G7W,LTE,,,2150,1960,320,FB,,,760,"0",17.9,24,64,2,X,49,83071803257,58.54,-23.45501,-47.4642,G,8/13/2024,8/13/2024,,e7ff0ae803daac3b,12/22/2032,,,Sorocaba,,
LIC-LIC-01,TELEFONICA BRASIL S.A.,50409146447,10,166262022,1016019901,RUA MANOEL FERREIRA DA SILVA,LOTE 03,SP,3552205,10M0G7W,LTE,,,2150,1960,350,FB,,,760,"0",17.9,24,64,2,X,50,83071803257,40,-23.41493,-47.4213,G,8/13/2024,8/13/2024,,e7ff0ae803daab1b,12/22/2032,,,Sorocaba,,
LIC-LIC-01,TELEFONICA BRASIL S.A.,50409146447,10,166262022,1008032910,RUA ANGELO VICENTIM,,SP,3509502,10M0G7W,LTE,,,2150,1960,350,FB,,,760,"56001603518",17.4,25,62,2,X,39,83071803257,62.57,-22.834881,-47.08275,G,8/13/2024,1/2/2019,,e7ff0ae803daa9d7,12/22/2032,,,Campinas,,x
LIC-LIC-01,TELEFONICA BRASIL S.A.,50409146447,10,166262022,1007380419,RUA 02,RAC,SP,3543907,10M0G7W,LTE,,,2150,1960,265,FB,,,760,"0",17.5,25,65,2,X,35,58231803257,40,-22.365669,-47.530333,G,8/13/2024,10/4/2018,,e7ff0ae803daa899,12/22/2032,,,Rio Claro,,
LIC-LIC-01,TELEFONICA BRASIL S.A.,50409146447,10,166262022,1002099789,AVENIDA ROYAL PALM PLAZA,,SP,3509502,10M0G7W,LTE,,,2150,1960,360,FB,,,760,"44181403519",16.4,32,57,2,X,30,83071803257,40,-22.9375,-47.0725,G,8/13/2024,11/9/2015,,e7ff0ae803daa7a2,12/22/2032,,,Campinas,,x
LIC-LIC-01,TELEFONICA BRASIL S.A.,50409146447,10,166262022,441564208,TRAVESSA ANTÔNIO PEDRO PARDI,,SP,3538709,10M0G7W,LTE,,,2150,1960,340,FB,,,760,"24731703257",15.9,25,62,2,X,28,83071803257,40,-22.728097,-47.630083,G,8/13/2024,12/15/1999,,e7ff0ae803daa43e,12/22/2032,,,Piracicaba,,x
LIC-LIC-01,TELEFONICA BRASIL S.A.,50409146447,10,166262022,2824523,AVENIDA PROFESSOR BENEDITO DE ANDRADE,,SP,3538709,10M0G7W,LTE,,,2150,1960,325,FB,,,760,"44181403519",16.4,32,57,4,X,38,83071803257,40,-22.736631,-47.597003,G,8/13/2024,8/16/2023,,e7ff0ae803daa3db,12/22/2032,,,Piracicaba,,x
LIC-LIC-01,TELEFONICA BRASIL S.A.,50409146447,10,166262022,1014249438,RUA RAFAEL DI SANDRO,,SP,3550308,10M0G7W,LTE,,,2150,1960,310,FB,,,760,"56001603518",17.5,25,65,0,X,21,83192102519,40,-23.408184,-46.757338,G,8/13/2024,9/21/2022,,e7ff0ae803daa378,12/22/2032,,,São Paulo,,
LIC-LIC-01,TELEFONICA BRASIL S.A.,50409146447,10,166262022,410853500,RUA VITORIANO DOS ANJOS,,SP,3509502,10M0G7W,LTE,,,2150,1960,330,FB,,,760,"0",17.5,25,65,3,X,27,83071803257,40,-22.916397,-47.053894,G,8/13/2024,12/10/1999,,e7ff0ae803daa35a,12/22/2032,,,Campinas,,x
LIC-LIC-01,TELEFONICA BRASIL S.A.,50409146447,10,166262022,699067154,AVENIDA WASHINGTON LUÍS,CONDOMÍNIO REDIDENCIAL MAISON RENOIR,SP,3509502,10M0G7W,LTE,,,2150,1960,300,FB,,,760,"44181403519",16.4,32,57,1,X,56,83071803257,40,-22.940861,-47.047639,G,8/13/2024,2/12/2014,,e7ff0ae803daa26b,12/22/2032,,,Campinas,,x
LIC-LIC-01,CLARO S.A.,50409105090,10,34672011,684819554,ROD MARECHAL RONDON,,SP,3523909,10M0G7W,LTE,,,2140,1950,275,FB,,,760,"9371303519",17.08,30,72.66,-2,X,35,27191702519,60,-23.25477,-47.3592,G,9/19/2025,12/15/2004,,82270ae803391ca6,6/1/2026,,,Itu,,x
LIC-LIC-01,CLARO S.A.,50409105090,10,105752021,692836250,EST DA BARROCADA,SÍTIO STA SOPHIA 1400,SP,3550308,20M0G7W,LTE,,,2325,0,340,FB,,,760,"3692202519",24,25,70,0,X,55,3692202519,50,-23.40293,-46.57084,G,8/22/2024,10/8/2010,,c29a3648bb9aebb4,12/8/2041,,,São Paulo,,
LIC-LIC-01,TELEFONICA BRASIL S.A.,50409146447,10,48412023,379976242,RUA CORONEL ÁLVARO DE CASTRO  110,,SP,3556503,10M0G7W,LTE,,,2160,1970,320,FB,,,760,"56001603518",17.5,25,65,4,X,37.5,83192102519,40,-23.212708,-46.832039,G,8/12/2024,12/10/1999,,0b014ae80297e168,4/29/2038,,,Várzea Paulista,,x
LIC-LIC-01,Telefonica Brasil S.a.,50409146447,10,48422023,1016017097,AVENIDA DA EMANCIPAÇÃO  801,,SP,3519071,5M00G7W,LTE,,,1867.5,1772.5,300,FB,,,760,"0",17.4,23,69,0,X,30,83071803257,40,-22.8753,-47.1958,G,10/31/2024,8/12/2024,,d2f16ae804204163,12/22/2032,,,Hortolândia,,x
LIC-LIC-01,Telefonica Brasil S.a.,50409146447,10,48422023,1015799253,RUA LOURENÇO MARTINS DO AMARAL,Quadra w  Lote 19  Jardim Brasil,SP,3520509,5M00G7W,LTE,,,1867.5,1772.5,350,FB,,,760,"38661703257",17.3,25,66,2,X,59,83071803257,40,-23.06268,-47.13574,G,12/19/2024,5/13/2024,,d2f16ae804204130,12/22/2032,,,Indaiatuba,,x
LIC-LIC-01,TELEFONICA BRASIL S.A.,50409146447,10,166262022,684610183,RODOVIA JORNALISTA FRANCISCO AGUIRRE PROENÇA,KM 14 SP 101 SITIO VANAVA,SP,3509502,10M0G7W,LTE,,,2150,1960,230,FB,,,760,"56001603518",17.2,30,60,1,X,50,83071803257,40,-22.9085,-47.242528,G,8/12/2024,6/28/2004,,c29a3648c9f552a6,12/22/2032,,,Campinas,,x
LIC-LIC-01,TELEFONICA BRASIL S.A.,50409146447,10,105802021,533521,RUA JULIO MESQUITA,,SP,3503307,40M0G7W,LTE,,,2370,2370,280,FB,,,760,"1.17E+11",23.5,23,65,2,X,37,117000000000,40,-22.355778,-47.387075,G,8/12/2024,8/4/1999,,c29a3648c9f551ce,12/8/2041,,,Araras,,
LIC-LIC-01,TELEFONICA BRASIL S.A.,50409146447,10,166262022,1016017011,RUA REINALDO SCHNEIDER,AO LADO DO 141,SP,3509502,10M0G7W,LTE,,,2150,1960,350,FB,,,760,"38661703257",17.6,25,64,2,X,41,83071803257,40,-22.934977,-47.164212,G,8/12/2024,8/12/2024,,c29a3648c9f550f5,12/22/2032,,,Campinas,,x
LIC-LIC-01,TELEFONICA BRASIL S.A.,50409146447,10,59072012,1011088700,RUA FIORAVANTE BERGAMINI,,SP,3516309,15M0G7W,LTE,,,2680,2560,310,FB,,,760,"44181403519",16.9,32,58,0,X,16,45621602519,40,-23.276574,-46.744444,G,8/12/2024,8/19/2020,,c29a3648c9f55082,10/18/2027,,,Francisco Morato,,
LIC-LIC-01,TELEFONICA BRASIL S.A.,50409146447,10,59072012,1003885087,RUA DO LINHO,,SP,3545803,5M00G7W,LTE,,,2680,2560,350,FB,,,760,"56001603518",17.5,30,57,0,X,39,58221803257,40,-22.7425,-47.377056,G,8/12/2024,3/24/2017,,c29a3648ca8b46b9,10/18/2027,,,Santa Bárbara d'Oeste,,x
LIC-LIC-01,TELEFONICA BRASIL S.A.,50409146447,10,59072012,441559883,RUA CARIJÓS,,SP,3545803,5M00G7W,LTE,,,2680,2560,215,FB,,,760,"44181403519",16.9,32,58,3,X,37,58221803257,40,-22.759503,-47.394942,G,8/12/2024,12/15/1999,,c29a3648ca8b4526,10/18/2027,,,Santa Bárbara d'Oeste,,x
LIC-LIC-01,TELEFONICA BRASIL S.A.,50409146447,10,166262022,1016016945,AVENIDA JOHN BOYD DUNLOP,PARQUE DAS BANDEIRAS SHOPPING,SP,3509502,10M0G7W,LTE,,,2150,1960,0.0002,FB,,,840,"0",0,0,0,0,V,3,83071803257,40,-22.925689,-47.126789,G,8/12/2024,8/12/2024,,c29a3648ca8b41f0,12/22/2032,,,Campinas,,x
LIC-LIC-01,TELEFONICA BRASIL S.A.,50409146447,10,59072012,1012916275,AVENIDA PACAEMBU,ESQUINA RUA CAPIVARI - AREA C,SP,3556503,15M0G7W,LTE,,,2680,2560,360,FB,,,760,"1.29E+11",15.8,29,57,2,X,39,56351705894,40,-23.197972,-46.815497,G,8/12/2024,3/17/2022,,c29a3648df029314,10/18/2027,,,Várzea Paulista,,x
LIC-LIC-01,TELEFONICA BRASIL S.A.,50409146447,10,166262022,534548423,RODOVIA SANTOS DUMONT,KM 66 SP 75,SP,3509502,10M0G7W,LTE,,,2150,1960,220,FB,,,760,"56001603518",16,25,67,2,X,30,83071803257,40,-23.016339,-47.144894,G,8/12/2024,11/10/2000,,c29a3648df029219,12/22/2032,,,Campinas,,x
LIC-LIC-01,TELEFONICA BRASIL S.A.,50409146447,10,59072012,533742,RUA JOSÉ BONIFÁCIO,"&amp; RUA MANECO PEREIRA  500",SP,3554003,15M0G7W,LTE,,,2680,2560,340,FB,,,760,"56001603518",17.9,25,62,3,X,60,58221803257,40,-23.351961,-47.846403,G,8/12/2024,3/12/2001,,c29a3648df0291c1,10/18/2027,,,Tatuí,,
LIC-LIC-01,Telefonica Brasil S.a.,50409146447,10,166262022,1008573130,ESTRADA LAVRAS DO BAIXO  76,,SP,3552106,10M0G7W,LTE,,,2150,1960,310,FB,,,760,"5152003257",17.3,25,68,2,X,34,83071803257,40,-22.572844,-46.525411,G,10/31/2024,5/14/2019,,c29a3648df029111,12/22/2032,,,Socorro,,x
LIC-LIC-01,TELEFONICA BRASIL S.A.,50409146447,10,166262022,379981149,RUA GUILHERME SCHULLER,,SP,3525904,10M0G7W,LTE,,,1875,1780,340,FB,,,760,"1.29E+11",14.3,31,63,3,X,28,12111805894,20,-23.185281,-46.913472,G,8/12/2024,12/10/1999,,c29a3648df028ee6,12/22/2032,,,Jundiaí,,x
LIC-LIC-01,TELEFONICA BRASIL S.A.,50409146447,10,166262022,1517902,MORRO DO CRISTO REDENTOR,FAZENDA SÃO JOÃO DA BOA VISTA,SP,3537107,10M0G7W,LTE,,,2150,1960,270,FB,,,760,"43061703257",16.9,27,63,2,X,31,83071803257,40,-22.745556,-46.9075,G,8/12/2024,9/21/1999,,c29a3648df028e66,12/22/2032,,,Pedreira,,x
LIC-LIC-01,CLARO S.A.,50409105090,10,97692014,1016017399,AV MARCIANO XAVIER DE OLIVEIRA,SP 312,SP,3508405,10M0G7W,LTE,,,798,743,80,FB,,,760,,13.5,24,73,-2,X,40,33782402519,79.43,-23.31182,-47.12933,G,8/12/2024,8/12/2024,,d2f16ae803aa85ae,12/8/2029,,,Cabreúva,,
LIC-LIC-01,CLARO S.A.,50409105090,10,46662011,1016017380,R PARTICULAR,,SP,3504107,2M50G7W,LTE,,,892.75,847.75,150,FB,,,168,,11,25,360,0,V,18,75462401647,60,-23.07158,-46.51291,G,11/10/2025,8/12/2024,,d2f16ae803aa85ab,8/6/2027,,,Atibaia,,
LIC-LIC-01,CLARO S.A.,50409105090,10,25152016,1016017445,ROD ANHANGUERA,KM 38,SP,3509205,15M0G7W,LTE,,,1842.5,1747.5,0,FB,,,168,,3,0,360,0,V,3,6091702519,79.43,-23.35134,-46.84419,G,8/12/2024,8/12/2024,,755c6ae802993b64,7/27/2031,,,Cajamar,,
LIC-LIC-01,TELEFONICA BRASIL S.A.,50409146447,10,97432014,1015986649,ESTRADA DAS ESMERALDAS,,SP,3509007,10M0G7W,LTE,,,788,733,280,FB,,,760,"56001603518",15.4,25,68,0,X,48,57731705894,40,-23.405669,-46.680131,G,7/31/2024,7/31/2024,,fad66ae802717c17,12/8/2029,,,Caieiras,,
LIC-LIC-01,CLARO S.A.,50409105090,10,46622011,687238722,R JOÃO BATISTA GRAVENA,COM RUA JOÃO BATISTA GRAVENA  S/N-JARDIM BOM JESUS,SP,3547007,2M50G7W,LTE,,,892.75,847.75,90,FB,,,760,"27331703519",14.1,25,66.56,-1,X,50,39721705894,80,-22.56718,-48.15145,G,8/9/2024,7/12/2005,,d2f16ae8034f151c,3/31/2028,,,Santa Maria da Serra,,
LIC-LIC-01,CLARO S.A.,50409105090,10,46622011,1015992860,R DOS OITIZEIROS,ACESSO DO SITE RUA DAS NOGUEIRAS,SP,3540507,2M50G7W,LTE,,,892.75,847.75,50,FB,,,168,,11,0,360,0,V,18,39721705894,80,-23.14555,-48.10029,G,8/1/2024,8/1/2024,,755c6ae802a1e107,3/31/2028,,,Porangaba,,
LIC-LIC-01,CLARO S.A.,50409105090,10,46622011,1015992843,EST MUNICIPAL LIM-326,SITIO SAO PAULO,SP,3526902,2M50G7W,LTE,,,892.75,847.75,100,FB,,,168,,11,0,360,0,V,45,39721705894,80,-22.52763,-47.32876,G,8/1/2024,8/1/2024,,755c6ae802a1e0ff,3/31/2028,,,Limeira,,
LIC-LIC-01,CLARO S.A.,50409105090,10,46622011,1015992827,EST VIC GERALDO GUERRA,,SP,3522604,2M50G7W,LTE,,,892.75,847.75,320,FB,,,168,,11,0,360,0,V,9,39721705894,80,-22.47383,-46.67919,G,8/1/2024,8/1/2024,,755c6ae802a1e0f2,3/31/2028,,,Itapira,,x
LIC-LIC-01,CLARO S.A.,50409105090,10,97692014,690034091,AV GARABED GANANIAM,MOTEL ÁGATA,SP,3552205,10M0G7W,LTE,,,798,743,240,FB,,,760,,13.3,25,60,-1,X,43,33782402519,79.43,-23.42888,-47.3628,G,8/2/2024,2/27/2008,,c29a3648b5d40897,12/8/2029,,,Sorocaba,,
LIC-LIC-01,CLARO S.A.,50409105090,10,97692014,1016001433,AV QUARENTA E NOVE,,SP,3543907,10M0G7W,LTE,,,798,743,300,FB,,,760,,13.5,24,73,0,X,40,33782402519,79.43,-22.43095,-47.55611,G,8/2/2024,8/2/2024,,c29a3648b5d40885,12/8/2029,,,Rio Claro,,
LIC-LIC-01,CLARO S.A.,50409105090,10,97692014,690900384,RUA DOMINGOS CAZOTTI,,SP,3509502,10M0G7W,LTE,,,798,743,270,FB,,,760,,13.4,21,68,-2,X,36.5,33782402519,79.43,-22.8499,-47.07187,G,7/30/2024,11/25/2008,,9f133648720a00f3,12/8/2029,,,Campinas,,x
LIC-LIC-01,CLARO S.A.,50409105090,10,34672011,684819570,ROD DOM GABRIEL PAULINO BUENO COUTO,ACESSO POR ESTRADA DE TERRA,SP,3523909,10M0G7W,LTE,,,2140,1950,90,FB,,,760,"27331703519",16.16,26,66.76,-3,X,58,8041101882,61.52,-23.2575,-47.2046,G,7/30/2024,12/15/2004,,b91b4ae803227230,6/1/2026,,,Itu,,x
LIC-LIC-01,CLARO S.A.,50409105090,10,97692014,1015971765,ROD CASTELO BRANCO,FAZENDA BOA VISTA,SP,3540606,10M0G7W,LTE,,,798,743,5,FB,,,760,"56001603518",14.2,25,69,0,X,45,33782402519,79.43,-23.33908,-47.56698,G,6/13/2025,7/25/2024,,0b014ae80378cc02,12/8/2029,,,Porto Feliz,,x
LIC-LIC-01,Telefonica Brasil S.a.,50409146447,10,48422023,1015800464,RUA VISCONDE DO RIO BRANCO  492,,SP,3538709,5M00G7W,LTE,,,1867.5,1772.5,290,FB,,,760,"0",17,25,69,2,X,42,83071803257,40,-22.72554,-47.63832,G,10/31/2024,5/13/2024,,0b014ae802944b0b,12/22/2032,,,Piracicaba,,x
LIC-LIC-01,TELEFONICA BRASIL S.A.,50409146447,10,97432014,1004882600,RUA 15  S/N,LOTE 1  QUADRA 19,SP,3516309,10M0G7W,LTE,,,788,733,200,FB,,,760,"56001603518",15.4,25,68,2,X,40,57731705894,40,-23.268276,-46.759916,G,7/25/2024,9/18/2017,,0b014ae802944af6,12/8/2029,,,Francisco Morato,,
LIC-LIC-01,TELEFONICA BRASIL S.A.,50409146447,10,48422023,506277895,AVENIDA MINAS GERAIS  150,,SP,3528502,5M00G7W,LTE,,,1867.5,1772.5,310,FB,,,760,"56001603518",16.7,30,64,2,X,47,76562202519,40,-23.357169,-46.544883,G,7/25/2024,3/21/2000,,0b014ae802944ad5,12/22/2032,,,Mairiporã,,
LIC-LIC-01,TELEFONICA BRASIL S.A.,50409146447,10,97432014,504394,RUA 23 DE MAIO,"&amp; RUA 9 DE JULHO  425",SP,3545209,10M0G7W,LTE,,,788,733,310,FB,,,760,"44181403519",14.2,32,58,3,X,56,57731705894,80,-23.204161,-47.292281,G,7/22/2024,2/12/2004,,9f133648644eca49,12/8/2029,,,Salto,,x
LIC-LIC-01,TELEFONICA BRASIL S.A.,50409146447,10,166262022,699380359,RUA COLÔMBIA,LOTE 10 QUADRA E2,SP,3507100,10M0G7W,LTE,,,2150,1960,280,FB,,,760,"56001603518",17.2,30,60,2,X,39,83192102519,40,-23.126142,-46.475841,G,7/22/2024,10/15/2013,,9f133648644ec9ce,12/22/2032,,,Bom Jesus dos Perdões,,
LIC-LIC-01,CLARO S.A.,50409105090,10,46622011,1015967253,EST MUNICIPAL BRO PIRES,,SP,3526902,2M50G7W,LTE,,,892.75,847.75,30,FB,,,168,,11,0,360,0,V,40,39721705894,80,-22.58612,-47.30861,G,7/24/2024,7/24/2024,,3c483ae802bc03e9,3/31/2028,,,Limeira,,
LIC-LIC-01,CLARO S.A.,50409105090,10,97692014,1015964629,R WALLY,,SP,3528502,10M0G7W,LTE,,,798,743,300,FB,,,760,"56001603518",14.2,25,69,-2,X,40,33782402519,79.43,-23.24752,-46.566,G,7/24/2024,7/24/2024,,3c483ae802752dc5,12/8/2029,,,Mairiporã,,
LIC-LIC-01,CLARO S.A.,50409105090,10,97692014,697459152,R VEREADOR JOSE REGO,,SP,3545803,10M0G7W,LTE,,,798,743,60,FB,,,760,,13.5,24,73,1,X,31,33782402519,79.43,-22.75055,-47.39645,G,6/25/2025,7/5/2012,,d9803ae802b81403,12/8/2029,,,Santa Bárbara d'Oeste,,x
LIC-LIC-01,CLARO S.A.,50409105090,10,97692014,1015954801,AV COMENDADOR PEDRO MORGANTI,,SP,3538709,10M0G7W,LTE,,,798,743,250,FB,,,760,,13.5,24,73,0,X,70,33782402519,79.43,-22.70364,-47.58917,G,7/18/2024,7/18/2024,,17123ae802b4352a,12/8/2029,,,Piracicaba,,x
LIC-LIC-01,TELEFONICA BRASIL S.A.,50409146447,10,97432014,1015955395,RUA FÁTIMA VON AH VIEIRA,,SP,3520509,10M0G7W,LTE,,,788,733,330,FB,,,760,"0",15,21,70.7,2,X,49,48811903257,40,-23.06841,-47.24408,G,7/18/2024,7/18/2024,,d3970ae802f34911,12/8/2029,,,Indaiatuba,,x
LIC-LIC-01,TELEFONICA BRASIL S.A.,50409146447,10,59072012,410855030,RUA DONA GLADYS BERNARDES MINHOTO,,SP,3554003,15M0G7W,LTE,,,2680,2560,300,FB,,,760,"56001603518",17.5,25,62,2,X,46,58221803257,40,-23.333081,-47.849514,G,7/18/2024,12/13/1999,,d3970ae802f348c2,10/18/2027,,,Tatuí,,
LIC-LIC-01,TELEFONICA BRASIL S.A.,50409146447,10,59072012,690817380,RUA XV DE NOVEMBRO,,SP,3554003,15M0G7W,LTE,,,2680,2560,270,FB,,,760,"56001603518",17.9,25,62,4,X,48,58221803257,40,-23.360556,-47.867778,G,7/18/2024,10/28/2008,,d3970ae802f34895,10/18/2027,,,Tatuí,,
LIC-LIC-01,TELEFONICA BRASIL S.A.,50409146447,10,59072012,442803079,RODOVIA LUIZ DE QUEIRÓZ,KM 147 SP 304,SP,3545803,15M0G7W,LTE,,,2680,2560,310,FB,,,760,"24731703257",16.7,25,60,0,X,59,58221803257,40,-22.747781,-47.497531,G,7/18/2024,9/15/2000,,d3970ae802f34436,10/18/2027,,,Santa Bárbara d'Oeste,,x
LIC-LIC-01,TELEFONICA BRASIL S.A.,50409146447,10,166262022,325128960,RUA CORONEL ARRUDA BOTELHO,AO LADO DOS CORREIOS,SP,3507001,10M0G7W,LTE,,,2150,1960,340,FB,,,760,"56001603518",16,25,67,2,X,44,83071803257,40,-23.28505,-47.671886,G,7/18/2024,12/10/1999,,d3970ae802f34403,12/22/2032,,,Boituva,,x
LIC-LIC-01,TELEFONICA BRASIL S.A.,50409146447,10,166262022,379980924,RUA SÃO GERALDO,,SP,3507100,10M0G7W,LTE,,,2150,1960,320,FB,,,760,"56001603518",17.2,30,60,2,X,40,56351705894,40,-23.138436,-46.463169,G,7/18/2024,12/10/1999,,d3970ae802f343b5,12/22/2032,,,Bom Jesus dos Perdões,,
LIC-LIC-01,TELEFONICA BRASIL S.A.,50409146447,10,166262022,1010133591,RUA LUIZ GONZAGA BICUDO,,SP,3523909,10M0G7W,LTE,,,2150,1960,250,FB,,,760,"44181403519",16.4,32,57,2,X,42,83192102519,40,-23.2785,-47.290381,G,7/16/2024,3/18/2020,,9f1336485e4efbe0,12/22/2032,,,Itu,,x
LIC-LIC-01,TELEFONICA BRASIL S.A.,50409146447,10,48412023,1002001363,AVENIDA ENGENHEIRO JORGE BIERREMBACH DE CASTRO,,SP,3509502,10M0G7W,LTE,,,2160,1970,200,FB,,,760,"0",17.5,25,65,0,X,34,83071803257,40,-22.825806,-47.100442,G,7/16/2024,11/9/2015,,9f1336485e4efb59,4/29/2038,,,Campinas,,x
LIC-LIC-01,CLARO S.A.,50409105090,10,34672011,696727749,VIA  DAS PRIMAVERAS,PROXIMO CHÁCARA MAZZOLA,SP,3508405,10M0G7W,LTE,,,2140,1950,260,FB,,,760,"12720905344",16.18,20,65,-2,X,52,5801101882,40,-23.26526,-47.09015,G,7/24/2024,4/4/2012,,0b014ae80371acf9,6/1/2026,,,Cabreúva,,
LIC-LIC-01,CLARO S.A.,50409105090,10,97692014,686182561,AV OSWALDO MALUF,SITIO SANTA MARIA,SP,3514908,10M0G7W,LTE,,,798,743,90,FB,,,760,,13.5,24,73,-2,X,52,33782402519,79.43,-23.08404,-47.39631,G,7/15/2024,3/23/2005,,162b0ae802b7cef0,12/8/2029,,,Elias Fausto,,x
LIC-LIC-01,CLARO S.A.,50409105090,10,97692014,1015930813,AV GUARIBA,QD 07 LT 2E,SP,3518800,10M0G7W,LTE,,,798,743,45,FB,,,760,,13.5,24,73,-2,X,40,33782402519,79.43,-23.40369,-46.52929,G,7/8/2024,7/8/2024,,9f133648443abe1e,12/8/2029,,,Guarulhos,,
LIC-LIC-01,CLARO S.A.,50409105090,10,97692014,399687785,ROD WASHINGTON LUIS,VIA MARGINAL,SP,3512407,10M0G7W,LTE,,,798,743,290,FB,,,760,,13.5,24,73,0,X,60,33782402519,79.43,-22.47958,-47.47868,G,7/11/2024,5/14/2003,,e7ff0ae80214dbab,12/8/2029,,,Cordeirópolis,,
LIC-LIC-01,CLARO S.A.,50409105090,10,97692014,1003010528,RUA 2 JN,,SP,3543907,10M0G7W,LTE,,,798,743,155,FB,,,760,,13.4,21,68,0,X,34,33782402519,79.43,-22.45358,-47.57531,G,1/8/2025,7/5/2016,,05e90ae80210cc33,12/8/2029,,,Rio Claro,,
LIC-LIC-01,CLARO S.A.,50409105090,10,97692014,1002548532,AVENIDA OLIVEIRA MOTTA,EDIFICIO MEDITERRANEO,SP,3515186,10M0G7W,LTE,,,798,743,230,FB,,,760,,13.4,21,68,-1,X,50.5,33782402519,79.43,-22.19495,-46.74713,G,1/28/2026,2/4/2016,,05e90ae80210cbfa,12/8/2029,,,Espírito Santo do Pinhal,,x
LIC-LIC-01,CLARO S.A.,50409105090,10,105752021,399686622,RODOVIA LUIZ OMETTO,,SP,3545803,20M0G7W,LTE,,,2325,2325,240,FB,,,760,"2.22E+11",25,25,65,-1,X,32.5,222000000000,160,-22.76193,-47.38684,G,7/3/2024,1/15/2004,,9f1336482617bf59,12/8/2041,,,Santa Bárbara d'Oeste,,x
LIC-LIC-01,CLARO S.A.,50409105090,10,97692014,1011652479,AVENIDA DR CASSIO PASCHOAL PADOVANI,,SP,3538709,10M0G7W,LTE,,,798,743,250,FB,,,760,,13.3,25,60,0,X,34,33782402519,79.43,-22.72884,-47.61685,G,7/3/2024,1/7/2021,,9f1336482617bf11,12/8/2029,,,Piracicaba,,x
LIC-LIC-01,TELEFONICA BRASIL S.A.,50409146447,10,59072012,1015922683,EST DOMINGAS BICHARELLI CARRARA,,SP,3523404,20M0G7W,LTE,,,2680,2560,300,FB,,,760,"56001603518",17.5,30,57,4,X,44,45621602519,40,-22.985489,-46.861519,G,7/4/2024,7/4/2024,,d3970ae802da3439,10/18/2027,,,Itatiba,,x
LIC-LIC-01,TELEFONICA BRASIL S.A.,50409146447,10,59072012,1012553563,ALAMEDA FILTROS MANN,,SP,3520509,15M0G7W,LTE,,,2680,2560,0.0002,FB,,,760,"0",0,0,0,0,X,3,58221803257,40,-23.117188,-47.219375,G,7/4/2024,10/28/2021,,d3970ae802da335a,10/18/2027,,,Indaiatuba,,x
LIC-LIC-01,CLARO S.A.,50409105090,10,97692014,684866722,RUA JOÃO PAULO I,LOTE 40 GLEBA 06,SP,3509007,10M0G7W,LTE,,,798,743,330,FB,,,760,,13.5,24,73,-1,X,68,33782402519,79.43,-23.39011,-46.71965,G,7/4/2024,12/15/2004,,8b970ae8025d982b,12/8/2029,,,Caieiras,,
LIC-LIC-01,CLARO S.A.,50409105090,10,97692014,698464095,AVENIDA SAUDADE,,SP,3556701,10M0G7W,LTE,,,798,743,210,FB,,,760,,13.4,21,68,-1,X,34,33782402519,79.43,-23.03187,-46.98653,G,7/1/2024,2/5/2013,,8f480ae8031fffc0,12/8/2029,,,Vinhedo,,x
LIC-LIC-01,CLARO S.A.,50409105090,10,97692014,1004947248,RUA ALVARO CORSI,,SP,3515186,10M0G7W,LTE,,,798,743,130,FB,,,760,,13.4,21,68,-2,X,35.7,33782402519,79.43,-22.20306,-46.76766,G,9/19/2025,10/30/2017,,8f480ae8031fff50,12/8/2029,,,Espírito Santo do Pinhal,,x
LIC-LIC-01,CLARO S.A.,50409105090,10,97692014,692432213,R MILTON JOSE CESAR REZENDE,,SP,3500303,10M0G7W,LTE,,,798,743,240,FB,,,760,,13.3,25,60,0,X,41,33782402519,79.43,-22.05997,-46.96644,G,7/1/2024,6/4/2010,,8f480ae8031fff26,12/8/2029,,,Aguaí,,
LIC-LIC-01,CLARO S.A.,50409105090,10,97692014,535652429,ROD DEPUTADO LAERCIO CORTE,,SP,3521408,10M0G7W,LTE,,,798,743,40,FB,,,760,,13.4,21,68,0,X,50,33782402519,79.43,-22.65827,-47.52436,G,6/26/2024,6/20/2001,,c29a3648def93be0,12/8/2029,,,Iracemápolis,,
LIC-LIC-01,CLARO S.A.,50409105090,10,97692014,690208952,R SALVADOR LUIZ DOS SANTOS,,SP,3502309,10M0G7W,LTE,,,798,743,45,FB,,,760,,13.4,21,68,0,X,60,33782402519,79.43,-22.79226,-48.12869,G,6/26/2024,3/27/2008,,c29a3648def93b4c,12/8/2029,,,Anhembi,,
LIC-LIC-01,CLARO S.A.,50409105090,10,97692014,695260979,R GUERINO CONSTA NETO,COM A RUA GERALDO SCANNAPIECO,SP,3515186,10M0G7W,LTE,,,798,743,40,FB,,,760,,13.5,24,73,-2,X,37,33782402519,79.43,-22.20697,-46.75643,G,6/18/2024,3/15/2011,,c29a3648cb273d3c,12/8/2029,,,Espírito Santo do Pinhal,,x
LIC-LIC-01,CLARO S.A.,50409105090,10,97692014,1014287500,AV EDWARD FRU FRU MARCIANO DA SILVA,,SP,3552205,10M0G7W,LTE,,,798,743,270,FB,,,760,"56001603518",13,23,67,0,X,38,33782402519,79.43,-23.45,-47.48957,G,6/18/2024,9/28/2022,,9f13364806c9282d,12/8/2029,,,Sorocaba,,
LIC-LIC-01,TELEFONICA BRASIL S.A.,50409146447,10,166262022,693072024,RUA DAS PRIMAVERAS,,SP,3547304,10M0G7W,LTE,,,1875,1780,290,FB,,,760,"44181403519",15.1,29,62,2,X,50,6091702519,80,-23.440475,-46.882,G,6/25/2024,12/30/2010,,9f1336481fb52623,12/22/2032,,,Santana de Parnaíba,,
LIC-LIC-01,TELEFONICA BRASIL S.A.,50409146447,10,166262022,1012821142,RUA AMAZONAS,,SP,3547304,10M0G7W,LTE,,,1875,1780,270,FB,,,760,"1.29E+11",14.3,31,63,2,X,40,83192102519,40,-23.411642,-46.873669,G,6/25/2024,2/14/2022,,9f1336481fb525f6,12/22/2032,,,Santana de Parnaíba,,
LIC-LIC-01,TELEFONICA BRASIL S.A.,50409146447,10,166262022,426564723,RUA CUIABÁ,,SP,3547304,10M0G7W,LTE,,,1875,1780,330,FB,,,760,"1.29E+11",14.3,31,63,4,X,27,6091702519,80,-23.412572,-46.8857,G,6/25/2024,10/11/2001,,9f1336481fb525c0,12/22/2032,,,Santana de Parnaíba,,
LIC-LIC-01,TELEFONICA BRASIL S.A.,50409146447,10,59072012,1015875790,AVENIDA SÃO JUDAS TADEU,,SP,3552403,20M0G7W,LTE,,,2680,2560,0.0002,FB,,,840,"0",0,0,0,0,V,3,58221803257,45.05,-22.855422,-47.168786,G,6/21/2024,6/21/2024,,c29a3648de881bb8,10/18/2027,,,Sumaré,,x
LIC-LIC-01,TELEFONICA BRASIL S.A.,50409146447,10,48412023,1012405475,RUA DOMINGOS BERNARDI,LOTE 39 QD A,SP,3554953,10M0G7W,LTE,,,2160,1970,260,FB,,,760,"1.29E+11",15.8,32,56,2,X,80,35912402519,40,-22.834917,-46.648197,G,6/21/2024,10/6/2021,,c29a3648de881b91,4/29/2038,,,Tuiuti,,
LIC-LIC-01,TELEFONICA BRASIL S.A.,50409146447,10,48412023,1005970910,RODOVIA SP-308,RODOVIA DO AÇÚCAR  SENTIDO PIRACICABA - SÍTIO BENFICA,SP,3544004,10M0G7W,LTE,,,2160,1970,330,FB,,,760,"0",17.9,24,64,2,X,66,83071803257,40,-22.8462,-47.5591,G,6/21/2024,3/14/2018,,c29a3648de881b31,4/29/2038,,,Rio das Pedras,,x
LIC-LIC-01,TELEFONICA BRASIL S.A.,50409146447,10,97432014,1015812659,RUA -7 JRB,,SP,3543907,10M0G7W,LTE,,,788,733,350,FB,,,760,"56001603518",15.4,25,68,4,X,46,48811903257,40,-22.434361,-47.553642,G,6/21/2024,5/20/2024,,c29a3648de881b1f,12/8/2029,,,Rio Claro,,
LIC-LIC-01,TELEFONICA BRASIL S.A.,50409146447,10,97432014,1012821720,RUA OITO,LOTE 47,SP,3524006,10M0G7W,LTE,,,788,733,230,FB,,,760,"1.29E+11",13.9,33,74,2,X,59,29361602519,20,-23.147651,-47.083403,G,6/21/2024,2/14/2022,,c29a3648de8819c3,12/8/2029,,,Itupeva,,x
LIC-LIC-01,TELEFONICA BRASIL S.A.,50409146447,10,59072012,441994369,RODOVIA ALKINDAR MONTEIRO JUNQUEIRA,KM 49 5 SP 63,SP,3507605,15M0G7W,LTE,,,2680,2560,350,FB,,,760,"56001603518",17.5,30,57,2,X,68,56351705894,40,-22.953256,-46.594772,G,6/21/2024,12/15/1999,,c29a3648de881929,10/18/2027,,,Bragança Paulista,,
LIC-LIC-01,TELEFONICA BRASIL S.A.,50409146447,10,166262022,410915785,AVENIDA JORGE TIBIRIÇÁ,,SP,3509502,10M0G7W,LTE,,,2150,1960,300,FB,,,760,"56001603518",17.5,25,65,0,X,40,83071803257,40,-22.932758,-47.042722,G,6/19/2024,12/13/1999,,9f1336480c539444,12/22/2032,,,Campinas,,x
LIC-LIC-01,TELEFONICA BRASIL S.A.,50409146447,10,166262022,410853496,AVENIDA ANDRÉ TOSELLO,,SP,3509502,10M0G7W,LTE,,,2150,1960,345,FB,,,760,"44181403519",16.4,32,57,3,X,40,83071803257,40,-22.969069,-47.112942,G,6/19/2024,12/10/1999,,9f1336480c53941d,12/22/2032,,,Campinas,,x
LIC-LIC-01,TELEFONICA BRASIL S.A.,50409146447,10,166262022,535811543,RUA ANA JACINTA DE ANDRADE COUTO,,SP,3509502,10M0G7W,LTE,,,2150,1960,325,FB,,,760,"0",17.9,24,64,0,X,28,83071803257,40,-22.919936,-47.082619,G,6/19/2024,11/10/2000,,9f1336480c539281,12/22/2032,,,Campinas,,x
LIC-LIC-01,TELEFONICA BRASIL S.A.,50409146447,10,166262022,410855014,AVENIDA HOMERO VASCONCELOS DE SOUZA CAMARGO,,SP,3509502,10M0G7W,LTE,,,2150,1960,260,FB,,,760,"24731703257",15.9,25,62,1,X,23,83071803257,40,-22.929886,-47.128183,G,6/19/2024,12/13/1999,,9f1336480c5391be,12/22/2032,,,Campinas,,x
LIC-LIC-01,TELEFONICA BRASIL S.A.,50409146447,10,166262022,1012579635,RUA ANDRÉA DA SILVA BARROS,(ANTIGA RUA 07) LLOTE 01 DA QUADRA 27 LOTEAMENTO JARDIM ADELAIDE,SP,3519071,10M0G7W,LTE,,,1855,1760,320,FB,,,760,"24731703257",14.9,25,63,2,X,49,83071803257,40,-22.907667,-47.178444,G,3/25/2026,11/8/2021,,9f1336480c5390f4,12/22/2032,,,Hortolândia,,x
LIC-LIC-01,TELEFONICA BRASIL S.A.,50409146447,10,166262022,1015872180,RUA NOVA ANDRADINA,,SP,3518800,10M0G7W,LTE,,,2150,1960,280,FB,,,760,"56001603518",17.5,25,65,2,X,30,83192102519,40,-23.429081,-46.533861,G,6/19/2024,6/19/2024,,9f1336480c539051,12/22/2032,,,Guarulhos,,
LIC-LIC-01,TELEFONICA BRASIL S.A.,50409146447,10,97432014,683350374,RUA MANOEL THOMÁZ,,SP,3509502,10M0G7W,LTE,,,788,733,320,FB,,,760,"5152003257",14,21,66,2,X,40,48811903257,40,-22.880572,-47.146594,G,8/22/2024,5/23/2003,,9f1336480c538f70,12/8/2029,,,Campinas,,x
LIC-LIC-01,TELEFONICA BRASIL S.A.,50409146447,10,166262022,1015872090,RUA CATARINA SCHIMIDT,X RUA LUIZ RAZERA  730,SP,3538709,10M0G7W,LTE,,,2150,1960,330,FB,,,760,"56001603518",17.5,25,65,2,X,33,83071803257,40,-22.742453,-47.636947,G,6/19/2024,6/19/2024,,9f1336480c538c36,12/22/2032,,,Piracicaba,,x
LIC-LIC-01,TELEFONICA BRASIL S.A.,50409146447,10,166262022,1009941396,RUA EGBERTO FERREIRA DE ARRUDA CAMARGO,PARQUE HÍPICA,SP,3509502,10M0G7W,LTE,,,2150,1960,360,FB,,,760,"43061703257",16.9,27,63,2,X,30,83071803257,40,-22.894688,-47.001294,G,6/19/2024,1/8/2020,,9f1336480c538adf,12/22/2032,,,Campinas,,x
LIC-LIC-01,TELEFONICA BRASIL S.A.,50409146447,10,166262022,410853127,AVENIDA MARECHAL RONDON,X PRAÇA NOEL ROSA  S/N X RUA QUATORZE BIS  175,SP,3509502,10M0G7W,LTE,,,2150,1960,210,FB,,,760,"44181403519",16.4,32,57,2,X,45,83071803257,58.94,-22.892906,-47.081475,G,6/19/2024,12/10/1999,,9f1336480c538a4f,12/22/2032,,,Campinas,,x
LIC-LIC-01,TELEFONICA BRASIL S.A.,50409146447,10,166262022,410853518,RODOVIA GOVERNADOR DOUTOR ADHEMAR PEREIRA DE BARROS,KM 118 5 SP 340,SP,3509502,10M0G7W,LTE,,,2150,1960,190,FB,,,760,"5152003257",17.3,25,68,2,X,32,83071803257,40,-22.814975,-47.047306,G,8/22/2024,12/10/1999,,9f1336480c538a16,12/22/2032,,,Campinas,,x
LIC-LIC-01,TELEFONICA BRASIL S.A.,50409146447,10,166262022,1015872082,RUA ROBERT HANE WELKER,,SP,3509502,10M0G7W,LTE,,,2150,1960,250,FB,,,760,"0",17.9,24,64,2,X,49,83071803257,40,-22.957911,-47.080761,G,6/19/2024,6/19/2024,,9f1336480c5389fb,12/22/2032,,,Campinas,,x
LIC-LIC-01,CLARO S.A.,50409105090,10,97692014,1011632117,R NANCY SILVA CABRAL,,SP,3518800,10M0G7W,LTE,,,798,743,240,FB,,,760,"56001603518",13,23,67,0,X,29.7,33782402519,79.43,-23.42816,-46.54639,G,6/18/2024,12/18/2020,,9f133648009efdaf,12/8/2029,,,Guarulhos,,
LIC-LIC-01,CLARO S.A.,50409105090,10,46622011,1008356961,R ALBERTO NEPOMUCENO,EM FRENTE AO N° 214,SP,3552403,10M0G7W,LTE,,,1875,1780,30,FB,,,760,,16.7,25,64,-1,X,50,6091702519,79.43,-22.83281,-47.27055,G,10/16/2024,5/3/2019,,c29a3648cb273d1e,3/31/2028,,,Sumaré,,x
LIC-LIC-01,CLARO S.A.,50409105090,10,34672011,689986050,R  MARIA LOURENCINI FONSECA,ACESSO PELA RUA AVENIDA SILVESTRE JOSÉ DE OLIVEIRA 250,SP,3525904,10M0G7W,LTE,,,2140,1950,30,FB,,,760,"8541105344",16.97,34.65,71.05,0,X,51,27191702519,60,-23.15504,-46.85067,G,11/21/2023,3/5/2008,,13db85f802d66f26,6/1/2026,,,Jundiaí,,x
LIC-LIC-01,CLARO S.A.,50409105090,10,34672011,684913895,R FRANCISCO XAVIER DA SILVA,LOTE 10,SP,3525904,10M0G7W,LTE,,,2140,1950,220,FB,,,760,,17.2,25,65,-2,X,60,27191702519,60,-23.16756,-46.87491,G,2/14/2025,12/3/2004,,13db85f802d66f02,6/1/2026,,,Jundiaí,,x
LIC-LIC-01,CLARO S.A.,50409105090,10,34672011,684819589,AV DOUTOR MANOEL ILDEFONSO ARCHER DE CASTILHO,LOTE 6 - QUADRA A ESQUINA COM RUA GUIDO T . ADOLFO,SP,3525904,10M0G7W,LTE,,,2140,1950,320,FB,,,760,,17.2,25,65,-2,X,60,27191702519,60,-23.15878,-46.91138,G,1/7/2026,12/15/2004,,13db85f802d66eba,6/1/2026,,,Jundiaí,,x
LIC-LIC-01,CLARO S.A.,50409105090,10,34672011,523063792,R CRUZ E SOUZA,,SP,3525904,10M0G7W,LTE,,,2140,1950,205,FB,,,760,"12720905344",16.18,20,65,-1,X,40,27191702519,60,-23.17685,-46.88307,G,3/4/2026,6/1/2000,,13db85f802d66dd4,6/1/2026,,,Jundiaí,,x
LIC-LIC-01,CLARO S.A.,50409105090,10,46662011,696499878,R ASSEMBLÉIA DE DEUS,LOTES D/E E F - ALTERADO NOME DA RUA CONFORME DECRETO 1992/1990 (ANTIGA RUA CAÇAPAVA),SP,3516309,10M0G7W,LTE,,,1825,1730,220,FB,,,760,"27331703519",16.16,27,66.76,-3,X,40,10891905894,80,-23.29523,-46.74143,G,11/21/2023,1/18/2012,,13db85f802d665ba,8/6/2027,,,Francisco Morato,,
LIC-LIC-01,CLARO S.A.,50409105090,10,25152016,534764347,ROD PRESIDENTE CASTELO BRANCO,(SP-280)PISTA LESTE INTERIOR-SP,SP,3528403,15M0G7W,LTE,,,1842.5,1747.5,355,FB,,,760,"8541105344",16.97,34.65,71.05,-1,X,70,6091702519,79.43,-23.41964,-47.22139,G,11/21/2023,9/13/2000,,13db85f802d647f9,7/27/2031,,,Mairinque,,
LIC-LIC-01,CLARO S.A.,50409105090,10,34672011,534591388,ROD FERNÃO DIAS,PARQUE SÃO FERNÃO - QUADRA H LOTE 1,SP,3528502,10M0G7W,LTE,,,2140,1950,80,FB,,,760,"27331703519",16.16,26,66.76,-3,X,40,27191702519,60,-23.2867,-46.5738,G,11/21/2023,9/12/2000,,13db85f802d645d7,6/1/2026,,,Mairiporã,,
LIC-LIC-01,CLARO S.A.,50409105090,10,46662011,687272220,ROD ENGENHEIRO CONSTÂNCIO CINTRA,ACESSO DE TERRA,SP,3525904,10M0G7W,LTE,,,1825,1730,80,FB,,,760,"27331703519",16.16,27,66.76,-4,X,70,6091702519,79.43,-23.11854,-46.86555,G,11/21/2023,8/17/2005,,13db85f802d643c4,8/6/2027,,,Jundiaí,,x
LIC-LIC-01,CLARO S.A.,50409105090,10,34672011,683902474,RUA HERCULES MALATESTA,,SP,3525904,10M0G7W,LTE,,,2140,1950,290,FB,,,760,"27331703519",16.16,26,66.76,-4,X,29,27191702519,60,-23.2162,-46.8862,G,2/14/2025,12/15/2003,,13db85f802d64387,6/1/2026,,,Jundiaí,,x
LIC-LIC-01,CLARO S.A.,50409105090,10,34672011,410542237,R ANTONIO FREDERICO OZANAN,MAXI SHOPPING JUNDIAÍ,SP,3525904,10M0G7W,LTE,,,2140,1950,0,FB,,,168,,3,0,360,0,V,3,27191702519,60,-23.16951,-46.89187,G,6/11/2025,1/1/1999,,13db85f802d64345,6/1/2026,,,Jundiaí,,x
LIC-LIC-01,CLARO S.A.,50409105090,10,34672011,692740325,R JOSÉ GOMES DE ABREU,,SP,3525904,10M0G7W,LTE,,,2140,1950,150,FB,,,760,,17.2,25,65,-2,X,27,27191702519,60,-23.22829,-46.87825,G,1/28/2026,9/15/2010,,13db85f802d642ca,6/1/2026,,,Jundiaí,,x
LIC-LIC-01,CLARO S.A.,50409105090,10,34672011,692573666,R  VEREADOR DUILIO GARBATTI,EM FRENTE AO Nº 135,SP,3525904,10M0G7W,LTE,,,2140,1950,230,FB,,,760,"12720905344",16.18,20,65,-3,X,40,27191702519,60,-23.1854,-46.80844,G,11/21/2023,7/27/2010,,13db85f802d642a6,6/1/2026,,,Jundiaí,,x
LIC-LIC-01,CLARO S.A.,50409105090,10,34672011,698543432,ESTRADA DO BAIRRO GRAMADÃO,,SP,3525904,10M0G7W,LTE,,,2140,1950,170,FB,,,760,,17.2,25,65,-1,X,30,8041101882,61.52,-23.19733,-46.92751,G,3/31/2025,2/5/2013,,13db85f802d64276,6/1/2026,,,Jundiaí,,x
LIC-LIC-01,CLARO S.A.,50409105090,10,34672011,399687734,AL ITATINGA,CHÁCARA JOAPIRANGA II,SP,3556206,10M0G7W,LTE,,,2140,1950,330,FB,,,760,"9371303519",17.08,30,72.66,-2,X,61,27191702519,60,-22.98071,-47.03982,G,11/21/2023,5/14/2003,,528df5f803d6542c,6/1/2026,,,Valinhos,,
LIC-LIC-01,CLARO S.A.,50409105090,10,34672011,1003049505,AV BENJAMIN DE PAULA FRANCA,,SP,3556206,10M0G7W,LTE,,,2140,1950,80,FB,,,760,"27331703519",16.16,26,66.76,-1,X,33,10891905894,80,-23.01494,-47.02275,G,11/21/2023,8/1/2016,,528df5f803d65405,6/1/2026,,,Valinhos,,
LIC-LIC-01,CLARO S.A.,50409105090,10,34672011,1001835503,R LAERTE PAIVA,,SP,3556206,10M0G7W,LTE,,,2140,1950,220,FB,,,760,"9371303519",17.08,30,72.66,-2,X,37.5,27191702519,60,-22.99445,-47.04155,G,11/21/2023,8/14/2015,,528df5f803d653de,6/1/2026,,,Valinhos,,
LIC-LIC-01,CLARO S.A.,50409105090,10,34672011,690038950,R MARIA DE JESUS MADIA FRARE,,SP,3556206,10M0G7W,LTE,,,2140,1950,80,FB,,,760,,17.2,25,65,1,X,50,27191702519,60,-22.97658,-47.02261,G,7/24/2025,2/27/2008,,528df5f803d653ba,6/1/2026,,,Valinhos,,
LIC-LIC-01,CLARO S.A.,50409105090,10,34672011,690519982,R OROZIMBO MAIA,DAEV PINHEIROS,SP,3556206,10M0G7W,LTE,,,2140,1950,90,FB,,,760,"27331703519",16.16,26,66.76,3,X,34,27191702519,60,-22.96979,-46.98202,G,7/29/2025,7/31/2008,,528df5f803d65396,6/1/2026,,,Valinhos,,
LIC-LIC-01,CLARO S.A.,50409105090,10,34672011,683920324,R DOUTOR MARINO COSTA TERRA,,SP,3556701,10M0G7W,LTE,,,2140,1950,320,FB,,,760,"27331703519",16.16,26,66.76,0,X,63,10891905894,80,-23.0281,-47.01276,G,11/21/2023,1/15/2004,,528df5f803d65375,6/1/2026,,,Vinhedo,,x
LIC-LIC-01,CLARO S.A.,50409105090,10,34672011,1001672256,R ADEMIR BEVILAQUA,,SP,3556701,10M0G7W,LTE,,,2140,1950,230,FB,,,760,,17.2,25,65,-2,X,52,27191702519,60,-23.04734,-47.01436,G,2/13/2026,6/18/2015,,528df5f803d652ff,6/1/2026,,,Vinhedo,,x
LIC-LIC-01,CLARO S.A.,50409105090,10,34672011,1001579540,R HUMBERTO PESCARINI,ESQ RUA PADRE ANCHIETA,SP,3556701,10M0G7W,LTE,,,2140,1950,70,FB,,,760,"27331703519",16.16,26,66.76,0,X,41,27191702519,60,-23.03369,-46.97176,G,11/21/2023,5/25/2015,,528df5f803d652db,6/1/2026,,,Vinhedo,,x
LIC-LIC-01,CLARO S.A.,50409105090,10,34672011,1006722006,AV FLAMENGO,JD PANORAMA II,SP,3556701,10M0G7W,LTE,,,2140,1950,280,FB,,,760,"27331703519",16.16,26,66.76,0,X,51,10891905894,80,-23.0222,-46.97167,G,11/21/2023,5/29/2018,,528df5f803d652c3,6/1/2026,,,Vinhedo,,x
LIC-LIC-01,CLARO S.A.,50409105090,10,34672011,692862471,EST DO BARREIRINHO,ATRÁS DA RODOVIA DOS BANDEIRANTES,SP,3545803,10M0G7W,LTE,,,2140,1950,340,FB,,,760,"27331703519",16.16,26,66.76,0,X,60,10891905894,80,-22.80925,-47.39026,G,11/21/2023,10/18/2010,,528df5f803d64b69,6/1/2026,,,Santa Bárbara d'Oeste,,x
LIC-LIC-01,CLARO S.A.,50409105090,10,34672011,692278176,R MÁRIO MÔRO,,SP,3545803,10M0G7W,LTE,,,2140,1950,230,FB,,,760,"27331703519",16.16,26,66.76,-2,X,60,10891905894,80,-22.76221,-47.46521,G,11/21/2023,4/19/2010,,528df5f803d64b48,6/1/2026,,,Santa Bárbara d'Oeste,,x
LIC-LIC-01,CLARO S.A.,50409105090,10,59592012,442517300,R VALENTIM AMARAL,,SP,3550407,20M0G7W,LTE,,,2640,2520,40,FB,,,760,"8541105344",16.85,33.74,67.81,-1,X,41,43341501882,40,-22.55146,-47.91465,G,11/21/2023,8/16/2000,,528df5f803d647a8,10/18/2027,,,São Pedro,,x
LIC-LIC-01,CLARO S.A.,50409105090,10,46622011,686192850,ROD SP 008 CAPITÃO BARDUINO,CAPITÃO BALDOINO,SP,3552106,10M0G7W,LTE,,,1875,1780,35,FB,,,760,"8541105344",16.97,34.65,71.05,0,X,60,47451501882,40,-22.67624,-46.56162,G,11/21/2023,3/23/2005,,528df5f803d64743,3/31/2028,,,Socorro,,x
LIC-LIC-01,CLARO S.A.,50409105090,10,34672011,442735243,R POMPEU CONTI,,SP,3552106,10M0G7W,LTE,,,2140,1950,40,FB,,,760,"9371303519",17.08,30,72.66,-1,X,50,27191702519,60,-22.59172,-46.52387,G,11/21/2023,12/11/2001,,528df5f803d646e8,6/1/2026,,,Socorro,,x
LIC-LIC-01,CLARO S.A.,50409105090,10,34672011,534807828,R ONOFRE DE CASTRO,SITIO STA TEREZINHA,SP,3549102,10M0G7W,LTE,,,2140,1950,300,FB,,,760,"9371303519",17.08,22,69.96,2,X,30,27191702519,60,-21.99318,-46.77473,G,7/14/2025,10/24/2001,,528df5f803d64566,6/1/2026,,,São João da Boa Vista,,
LIC-LIC-01,CLARO S.A.,50409105090,10,34672011,687301513,AV DA SAUDADE,AO LADO DO CEMITÉRIO MUNICIPAL - ENDEREÇO DA CONTA DA SAUDADE 1,SP,3548104,10M0G7W,LTE,,,2140,1950,55,FB,,,760,"9371303519",17.08,30,72.66,-1,X,70,27191702519,60,-22.12366,-46.68793,G,11/21/2023,8/18/2005,,528df5f803d64313,6/1/2026,,,Santo Antônio do Jardim,,x
LIC-LIC-01,CLARO S.A.,50409105090,10,34672011,698431618,R ANGEO PIVA,,SP,3536505,10M0G7W,LTE,,,2140,1950,330,FB,,,760,"27331703519",16.16,26,66.76,8,X,40,10891905894,80,-22.77703,-47.13537,G,8/5/2025,3/1/2013,,528df5f803d63b24,6/1/2026,,,Paulínia,,x
LIC-LIC-01,CLARO S.A.,50409105090,10,34672011,683829840,R SENADOR HERBERT MAIA VASCONCELOS,,SP,3537107,10M0G7W,LTE,,,2140,1950,160,FB,,,760,"25371200762",16.62,34,62.25,-1,X,41,27191702519,60,-22.73515,-46.89621,G,11/21/2023,3/15/2005,,528df5f803d63a32,6/1/2026,,,Pedreira,,x
LIC-LIC-01,CLARO S.A.,50409105090,10,34672011,1005922710,R DARCY CARRION,,SP,3533403,10M0G7W,LTE,,,2140,1950,95,FB,,,760,"27331703519",16.16,26,66.76,0,X,40,10891905894,80,-22.77041,-47.31104,G,11/21/2023,3/16/2018,,528df5f803d6380f,6/1/2026,,,Nova Odessa,,x
LIC-LIC-01,CLARO S.A.,50409105090,10,34672011,697459870,R JOAO GUIMARAES ROSA,,SP,3519071,10M0G7W,LTE,,,2140,1950,60,FB,,,760,"12700905344",17.4,30,65,-3,X,38,10891905894,80,-22.89516,-47.251,G,11/21/2023,7/5/2012,,528df5f803d637ee,6/1/2026,,,Hortolândia,,x
LIC-LIC-01,CLARO S.A.,50409105090,10,34672011,665769997,R JOAQUIM GUERREIRO DIAS,,SP,3530805,10M0G7W,LTE,,,2140,1950,240,FB,,,760,"26591200762",16.06,30,61.54,-1,X,61,10891905894,80,-22.42921,-46.94931,G,11/21/2023,6/13/2002,,528df5f803d63566,6/1/2026,,,Mogi Mirim,,
LIC-LIC-01,CLARO S.A.,50409105090,10,34672011,1007163434,V FRANCISCO D ANDREA,,SP,3526902,10M0G7W,LTE,,,2140,1950,200,FB,,,760,,16.9,22,62,-2,X,33.5,40952002519,20,-22.54174,-47.40414,G,9/19/2025,9/11/2018,,528df5f803d63497,6/1/2026,,,Limeira,,
LIC-LIC-01,CLARO S.A.,50409105090,10,34672011,684761300,AV ANTARCTICA,,SP,3524709,10M0G7W,LTE,,,2140,1950,70,FB,,,760,,16.9,22,62,-7,X,50,10891905894,80,-22.70727,-47.0065,G,9/19/2025,9/14/2004,,528df5f803d632e0,6/1/2026,,,Jaguariúna,,x
LIC-LIC-01,CLARO S.A.,50409105090,10,34672011,691129533,R ARTHUR SASSI,ESQ RUA ANTONIO MAZETTO SOBRINHO,SP,3520509,10M0G7W,LTE,,,2140,1950,50,FB,,,760,"27331703519",16.16,26,66.76,2,X,41,10891905894,80,-23.06304,-47.17185,G,5/28/2025,2/13/2009,,528df5f803d630f1,6/1/2026,,,Indaiatuba,,x
LIC-LIC-01,CLARO S.A.,50409105090,10,34672011,667990011,ESTRADA MUNICIPAL JOSE BOLDRINI,,SP,3520509,10M0G7W,LTE,,,2140,1950,250,FB,,,760,"27331703519",16.16,26,66.76,3,X,54.5,27191702519,60,-23.1283,-47.17693,G,8/5/2025,10/1/2002,,528df5f803d630ce,6/1/2026,,,Indaiatuba,,x
LIC-LIC-01,CLARO S.A.,50409105090,10,34672011,684760932,R AGOSTINHO DE COLLI,,SP,3557303,10M0G7W,LTE,,,2140,1950,80,FB,,,760,"9371303519",17.08,30,72.66,-2,X,45.5,27191702519,60,-22.2758,-46.95299,G,11/21/2023,9/14/2004,,528df5f803d62b61,6/1/2026,,,Estiva Gerbi,,
LIC-LIC-01,CLARO S.A.,50409105090,10,34672011,692911804,AV JOHN BOYD DUNLOP,,SP,3509502,10M0G7W,LTE,,,2140,1950,240,FB,,,760,"11471500324",15.81,26,65,0,X,18,27191702519,60,-22.9112,-47.0966,G,11/21/2023,11/8/2010,,528df5f803d62a36,6/1/2026,,,Campinas,,x
LIC-LIC-01,CLARO S.A.,50409105090,10,34672011,1001826075,AV JOHN BOYD DUMLOP,,SP,3509502,10M0G7W,LTE,,,2140,1950,240,FB,,,760,"11471500324",15.81,26,65,0,X,18,27191702519,60,-22.91173,-47.09672,G,11/21/2023,8/11/2015,,528df5f803d629da,6/1/2026,,,Campinas,,x
LIC-LIC-01,CLARO S.A.,50409105090,10,34672011,441800718,AV JOHN BOYD DUNLOP,,SP,3509502,10M0G7W,LTE,,,2140,1950,240,FB,,,760,"11471500324",15.81,26,65,0,X,18,27191702519,60,-22.91173,-47.09672,G,9/4/2025,11/4/1999,,528df5f803d62993,6/1/2026,,,Campinas,,x
LIC-LIC-01,CLARO S.A.,50409105090,10,97692014,698431537,R DR. JOSÉ LUIZ CABRERA,,SP,3510401,10M0G7W,LTE,,,798,743,350,FB,,,760,,13.5,24,73,5,X,40,57731705894,80,-22.98256,-47.49775,G,5/8/2025,3/1/2013,,528df5f803d628ab,12/8/2029,,,Capivari,,x
LIC-LIC-01,CLARO S.A.,50409105090,10,34672011,684760665,R 1 DE MAIO,,SP,3511706,10M0G7W,LTE,,,2140,1950,230,FB,,,760,"9371303519",17.08,30,72.66,-2,X,60,27191702519,60,-22.50867,-47.77723,G,11/21/2023,9/14/2004,,528df5f803d6267c,6/1/2026,,,Charqueada,,x
LIC-LIC-01,CLARO S.A.,50409105090,10,34672011,695261100,ROD WILSON FINARD,KM 22 5,SP,3512209,10M0G7W,LTE,,,2140,1950,90,FB,,,760,"9371303519",17.08,30,72.66,0,X,40,27191702519,60,-22.34862,-47.16447,G,11/21/2023,3/15/2011,,528df5f803d6261e,6/1/2026,,,Conchal,,
LIC-LIC-01,CLARO S.A.,50409105090,10,34672011,1008274566,ROD ANHANGUERA,CX D'ÁGUA BOSCH,SP,3509502,10M0G7W,LTE,,,2140,1950,300,FB,,,760,"26591200762",16.06,30,61.54,-2,X,30,8041101882,61.52,-22.89755,-47.11341,G,11/21/2023,3/19/2019,,528df5f803d62527,6/1/2026,,,Campinas,,x
LIC-LIC-01,CLARO S.A.,50409105090,10,48372023,683898140,R JACY TEIXEIRA CAMARGO,SHOPPING CAMPINAS,SP,3509502,15M0G7W,LTE,,,2117.5,1927.5,0,FB,,,168,,3,0,360,0,V,3,27191702519,60,-22.93232,-47.07625,G,11/21/2023,8/30/2004,,528df5f803d624dd,4/30/2038,,,Campinas,,x
LIC-LIC-01,CLARO S.A.,50409105090,10,34672011,442735235,R SALVADOR,,SP,3500501,10M0G7W,LTE,,,2140,1950,280,FB,,,760,,16.9,22,62,4,X,30.5,10891905894,80,-22.46996,-46.62314,G,8/19/2025,8/16/2000,,528df5f803d621b1,6/1/2026,,,Águas de Lindóia,,x
LIC-LIC-01,CLARO S.A.,50409105090,10,34672011,535981210,ROD SP 340 - PROF BOANERGES DE LIMA,,SP,3500303,10M0G7W,LTE,,,2140,1950,70,FB,,,760,"27331703519",16.16,26,66.76,-3,X,60,10891905894,80,-22.0938,-47.0094,G,11/21/2023,10/24/2001,,528df5f803d62115,6/1/2026,,,Aguaí,,
LIC-LIC-01,CLARO S.A.,50409105090,10,25152016,1011640764,R AUGUSTO RODRIGUES,EM FRENTE AO 170,SP,3550308,15M0G7W,LTE,,,1842.5,1747.5,30,FB,,,760,"56001603518",14.3,25,65,0,X,42.5,12111805894,40,-23.43423,-46.57867,G,1/8/2025,12/21/2020,,c29a3648b573a83a,7/27/2031,,,São Paulo,,
LIC-LIC-01,TELEFONICA BRASIL S.A.,50409146447,10,166262022,1000118190,RUA AURORA GERMANO LEMOS,CONDOMÍNIO EDIFÍCIO FLORENÇA,SP,3525904,10M0G7W,LTE,,,1875,1780,340,FB,,,760,"44181403519",15.1,29,62,3,X,51,6091702519,40,-23.176197,-46.912519,G,6/12/2024,5/2/2016,,9f133648f21a673d,12/22/2032,,,Jundiaí,,x
LIC-LIC-01,TELEFONICA BRASIL S.A.,50409146447,10,166262022,693062134,AVENIDA JOSÉ CARLOS MASSOCO,,SP,3523909,10M0G7W,LTE,,,2150,1960,260,FB,,,760,"1.29E+11",15.8,32,56,0,X,35,83192102519,40,-23.296011,-47.276889,G,6/12/2024,12/30/2010,,9f133648f21a6426,12/22/2032,,,Itu,,x
LIC-LIC-01,TELEFONICA BRASIL S.A.,50409146447,10,166262022,1002778686,AVENIDA COMENDADOR GUMERCINDO BARRAQUEIROS,,SP,3525904,10M0G7W,LTE,,,1875,1780,210,FB,,,760,"1.29E+11",14.3,31,63,3,X,34,6091702519,80,-23.202556,-46.908392,G,6/12/2024,5/2/2016,,9f133648f212985a,12/22/2032,,,Jundiaí,,x
LIC-LIC-01,CLARO S.A.,50409105090,10,97692014,1007842358,R MARIA SANTA BASELLOTTO GUTIERRES,,SP,3552205,10M0G7W,LTE,,,798,743,250,FB,,,760,,13.4,21,68,-3,X,50,33782402519,79.43,-23.41503,-47.39054,G,6/13/2024,12/20/2018,,9f133648fb44294e,12/8/2029,,,Sorocaba,,
LIC-LIC-01,TELEFONICA BRASIL S.A.,50409146447,10,166262022,1015848220,AVENIDA TIRADENTES,,SP,3523909,10M0G7W,LTE,,,2150,1960,330,FB,,,760,"56001603518",17.5,25,65,0,X,31,83192102519,40,-23.2875,-47.294722,G,6/11/2024,6/11/2024,,9f133648f1782b3d,12/22/2032,,,Itu,,x
LIC-LIC-01,TELEFONICA BRASIL S.A.,50409146447,10,166262022,1011276523,AVENIDA FERNANDO MENDES DE ALMEIDA,,SP,3550308,10M0G7W,LTE,,,2150,1960,300,FB,,,760,"44181403519",16.4,32,57,5,X,30,83192102519,40,-23.427423,-46.714566,G,6/11/2024,10/15/2020,,9f133648f1782aef,12/22/2032,,,São Paulo,,
LIC-LIC-01,TELEFONICA BRASIL S.A.,50409146447,10,166262022,1013135242,AVENIDA BENJAMIM HARRIS HUNNICUTT,,SP,3518800,10M0G7W,LTE,,,2150,1960,290,FB,,,760,"1.29E+11",15.8,32,56,0,X,31,83192102519,40,-23.409806,-46.535759,G,6/11/2024,5/24/2022,,9f133648f17827fb,12/22/2032,,,Guarulhos,,
LIC-LIC-01,TELEFONICA BRASIL S.A.,50409146447,10,166262022,1014690045,ESTRADA DAS TAIPAS,,SP,3550308,10M0G7W,LTE,,,2150,1960,250,FB,,,760,"56001603518",17.5,25,65,2,X,39,83192102519,40,-23.4361,-46.72875,G,6/11/2024,2/9/2023,,9f133648f17826ff,12/22/2032,,,São Paulo,,
LIC-LIC-01,CLARO S.A.,50409105090,10,97692014,1015839700,R ESIO PADILHA DE OLIVEIRA,AO LADO DO NUMERO 267,SP,3518800,10M0G7W,LTE,,,798,743,90,FB,,,760,"56001603518",14.2,25,69,-2,X,40,33782402519,79.43,-23.43266,-46.54514,G,6/10/2024,6/10/2024,,9f133648bda356bb,12/8/2029,,,Guarulhos,,
LIC-LIC-01,CLARO S.A.,50409105090,10,105752021,683837583,R ANDORINHA,CHÁCARA DAS LAVRAS,SP,3518800,20M0G7W,LTE,,,2325,0,330,FB,,,760,"2.22E+11",25,25,65,-3,X,35.5,222000000000,160,-23.42828,-46.53114,G,6/10/2024,12/15/2003,,9f133648bda356b1,12/8/2041,,,Guarulhos,,
LIC-LIC-01,CLARO S.A.,50409105090,10,105752021,3204405,EST DO CABUÇU,KM 12,SP,3518800,20M0G7W,LTE,,,2325,0,90,FB,,,760,"2.22E+11",25,25,65,-6,X,40.5,222000000000,160,-23.433,-46.5673,G,6/10/2024,7/9/2003,,9f133648bf0530d3,12/8/2041,,,Guarulhos,,
LIC-LIC-01,CLARO S.A.,50409105090,10,97692014,1015839751,R JOSÉ ANTONIO DE RIZZIO,,SP,3552403,10M0G7W,LTE,,,798,743,300,FB,,,760,,13.5,24,73,0,X,40,33782402519,79.43,-22.82728,-47.24751,G,6/10/2024,6/10/2024,,9f133648bd94deb9,12/8/2029,,,Sumaré,,x
LIC-LIC-01,CLARO S.A.,50409105090,10,97692014,1015839743,ROD ADAUTO CAMPO DALL'ORTO,,SP,3552403,10M0G7W,LTE,,,798,743,330,FB,,,760,,13.5,24,73,2,X,40,33782402519,79.43,-22.8069,-47.18292,G,6/25/2025,6/10/2024,,9f133648bd94deb3,12/8/2029,,,Sumaré,,x
LIC-LIC-01,CLARO S.A.,50409105090,10,97692014,1013196527,R SERAFIM DE SOUZA,,SP,3552205,10M0G7W,LTE,,,798,743,5,FB,,,760,"56001603518",13,23,67,0,X,44.5,33782402519,79.43,-23.46515,-47.49723,G,6/5/2024,6/21/2022,,9f133648d3967f23,12/8/2029,,,Sorocaba,,
LIC-LIC-01,CLARO S.A.,50409105090,10,97692014,1015831998,R GUARATINGUETE,,SP,3552205,10M0G7W,LTE,,,798,743,330,FB,,,760,"56001603518",14.2,25,69,-2,X,40,33782402519,79.43,-23.47091,-47.48547,G,6/4/2024,6/4/2024,,9f133648cdc15553,12/8/2029,,,Sorocaba,,
LIC-LIC-01,CLARO S.A.,50409105090,10,46622011,696451549,R ICARAI,,SP,3501608,10M0G7W,LTE,,,1875,1780,270,FB,,,760,"27331703519",16.16,27,66.76,-1,X,40,40952002519,20,-22.7546,-47.35874,G,6/14/2024,12/30/2011,,9f133648f6214177,3/31/2028,,,Americana,,x
LIC-LIC-01,TELEFONICA BRASIL S.A.,50409146447,10,1422016,1008032929,RUA SANTO ANTONIO,,SP,3523404,5M00G7W,LTE,,,2680,2560,160,FB,,,760,"56001603518",17.5,30,57,4,X,56,45621602519,40,-23.006014,-46.830961,G,6/5/2024,1/2/2019,,9f133648c327c9e9,10/18/2027,50010613854,TIM S A,Itatiba,,x
LIC-LIC-01,CLARO S.A.,50409105090,10,97692014,442517513,RUA ROTA DOS IMIGRANTES,,SP,3519055,10M0G7W,LTE,,,798,743,280,FB,,,760,,13.4,21,68,-1,X,40,33782402519,79.43,-22.63338,-47.05416,G,3/4/2026,4/10/2000,,c29a364887b704c4,12/8/2029,,,Holambra,,
LIC-LIC-01,CLARO S.A.,50409105090,10,105752021,1005922699,AV PASTOR JESUS NASCIMENTO SANTO,,SP,3545803,20M0G7W,LTE,,,2325,0,240,FB,,,760,,16.2,28,79,1,X,41.5,139000000000,50,-22.73618,-47.39644,G,7/24/2025,3/16/2018,,c29a364886797634,12/8/2041,,,Santa Bárbara d'Oeste,,x
LIC-LIC-01,CLARO S.A.,50409105090,10,97692014,534834175,RUA SENADOR PAULA RAMOS,,SP,3548005,10M0G7W,LTE,,,798,743,240,FB,,,760,,13.5,24,73,-2,X,45,33782402519,79.43,-22.60883,-46.91834,G,6/5/2024,5/2/2001,,c29a3648867975ea,12/8/2029,,,Santo Antônio de Posse,,
LIC-LIC-01,CLARO S.A.,50409105090,10,97692014,684761386,FAZ COLONIA GRANDE,ALTO MORRO AZUL,SP,3512407,10M0G7W,LTE,,,798,743,60,FB,,,760,"27331703519",14.1,25,66.56,-2,X,60,33782402519,79.43,-22.53499,-47.4691,G,6/5/2024,9/14/2004,,c29a364886797564,12/8/2029,,,Cordeirópolis,,
LIC-LIC-01,CLARO S.A.,50409105090,10,97692014,1015834580,RUA CANDIDO PORTINARI,,SP,3509502,10M0G7W,LTE,,,798,743,240,FB,,,760,,13.3,23,66,0,X,40,33782402519,79.43,-22.86982,-47.03441,G,3/4/2026,6/5/2024,,c29a364886797525,12/8/2029,,,Campinas,,x
LIC-LIC-01,CLARO S.A.,50409105090,10,97692014,442517645,RUA DOS ADONIS,MORRO DO CRUZEIRO,SP,3500501,10M0G7W,LTE,,,798,743,250,FB,,,760,,13.4,21,68,3,X,44.5,33782402519,79.43,-22.48061,-46.62942,G,8/19/2025,8/16/2000,,c29a36488679746d,12/8/2029,,,Águas de Lindóia,,x
LIC-LIC-01,CLARO S.A.,50409105090,10,97692014,686189566,RODOVIA MARECHAL RONDON,,SP,3537503,10M0G7W,LTE,,,798,743,275,FB,,,760,,13.4,21,68,-4,X,70,33782402519,79.43,-23.04356,-47.91299,G,6/3/2024,3/23/2005,,9f1336487203cc94,12/8/2029,,,Pereiras,,
LIC-LIC-01,CLARO S.A.,50409105090,10,97692014,698376005,R MANAUS,,SP,3538709,10M0G7W,LTE,,,798,743,250,FB,,,760,,13.3,25,60,0,X,38.5,33782402519,79.43,-22.72405,-47.68283,G,10/16/2024,12/21/2012,,9f1336487203cc6e,12/8/2029,,,Piracicaba,,x
LIC-LIC-01,CLARO S.A.,50409105090,10,97692014,1002980167,RODOVIA CARMEM ZANCO ZAMARIAM,ROD. DEP MARIO BENI,SP,3530706,10M0G7W,LTE,,,798,743,180,FB,,,760,"27331703519",14.1,25,66.56,0,X,37.5,33782402519,79.43,-22.36744,-46.96947,G,6/3/2024,8/16/2016,,9f1336487203cc09,12/8/2029,,,Mogi Guaçu,,
LIC-LIC-01,CLARO S.A.,50409105090,10,97692014,686182642,RODOVIA SP 342,FAZ SÃO JOSÉ - EST ESPÍRITO SANTO DO PINHAL,SP,3515186,10M0G7W,LTE,,,798,743,220,FB,,,760,,13.4,21,68,-2,X,61,33782402519,79.43,-22.2478,-46.81101,G,6/3/2024,3/23/2005,,9f1336487203cbbc,12/8/2029,,,Espírito Santo do Pinhal,,x
LIC-LIC-01,CLARO S.A.,50409105090,10,34672011,1011909046,R VEREADOR JOÃO CARDOSO,,SP,3509205,10M0G7W,LTE,,,2140,1950,30,FB,,,760,"56001603518",14.7,25,53,0,X,33.5,40952002519,20,-23.42012,-46.83647,G,6/4/2024,5/4/2021,,9f13364868b8bd56,6/1/2026,,,Cajamar,,
LIC-LIC-01,CLARO S.A.,50409105090,10,97692014,683917447,R VARGEM GRANDE DO SUL,,SP,3509502,10M0G7W,LTE,,,798,743,60,FB,,,760,,13.4,21,68,0,X,42.5,33782402519,79.43,-22.93985,-47.06212,G,6/5/2024,1/15/2004,,9f133648d391e179,12/8/2029,,,Campinas,,x
LIC-LIC-01,TELEFONICA BRASIL S.A.,50409146447,10,48422023,534860273,AVENIDA TARSILA DO AMARAL,,SP,3510401,5M00G7W,LTE,,,1867.5,1772.5,340,FB,,,760,"0",17.4,23,69,1,X,39,83071803257,40,-22.994167,-47.480556,G,5/27/2024,9/15/2000,,9f1336485ecbdf1f,12/22/2032,,,Capivari,,x
LIC-LIC-01,TELEFONICA BRASIL S.A.,50409146447,10,48422023,535811608,RUA ALDA MORA DIAS DE ARRUDA,,SP,3512803,5M00G7W,LTE,,,1867.5,1772.5,330,FB,,,760,"0",17.4,23,69,0,X,31,83071803257,40,-22.634523,-47.183028,G,5/27/2024,11/10/2000,,9f1336485ecbde95,12/22/2032,,,Cosmópolis,,x
LIC-LIC-01,TELEFONICA BRASIL S.A.,50409146447,10,59072012,1015800200,RUA 13 JP,,SP,3543907,5M00G7W,LTE,,,2680,2560,300,FB,,,760,"44181403519",16.9,32,58,2,X,49,58221803257,40,-22.43662,-47.58343,G,5/27/2024,5/13/2024,,9f1336485ecbde31,10/18/2027,,,Rio Claro,,
LIC-LIC-01,TELEFONICA BRASIL S.A.,50409146447,10,48422023,699070503,RODOVIA WILSON FINARDI,KM 38 SP 191 FAZENDA CAMPO ALTO,SP,3503307,5M00G7W,LTE,,,1867.5,1772.5,270,FB,,,760,"43061703257",16.7,26,65,0,X,17,83071803257,40,-22.375286,-47.299281,G,5/27/2024,2/12/2014,,9f1336485ecbddd7,12/22/2032,,,Araras,,
LIC-LIC-01,TELEFONICA BRASIL S.A.,50409146447,10,48422023,534859054,RODOVIA DO AÇUCAR,KM 110 SP 308,SP,3514908,5M00G7W,LTE,,,1867.5,1772.5,330,FB,,,760,"24731703257",14.9,25,63,2,X,60,48811903257,40,-23.126711,-47.366417,G,5/27/2024,9/27/2000,,9f1336485ecbddb6,12/22/2032,,,Elias Fausto,,x
LIC-LIC-01,TELEFONICA BRASIL S.A.,50409146447,10,48422023,691921741,RODOVIA SAMUEL DE CASTRO NEVES,KM 34 SP 147,SP,3538709,5M00G7W,LTE,,,1867.5,1772.5,290,FB,,,760,"56001603518",16.7,30,64,2,X,57,83071803257,40,-22.744388,-47.956656,G,5/27/2024,11/16/2009,,9f1336485ecbdd9a,12/22/2032,,,Piracicaba,,x
LIC-LIC-01,TELEFONICA BRASIL S.A.,50409146447,10,48422023,1001776051,RODOVIA MÁRIO BATISTA MORI,KM 42.8 SP 141 SÍTIO TURVINHO,SP,3511607,5M00G7W,LTE,,,1867.5,1772.5,290,FB,,,760,"5152003257",17.2,26,69,3,X,53,83071803257,40,-23.2606,-47.93565,G,5/27/2024,7/8/2015,,9f1336485ecbdd67,12/22/2032,,,Cesário Lange,,
LIC-LIC-01,TELEFONICA BRASIL S.A.,50409146447,10,48412023,1015799474,ESTRADA MUNICIPAL EMIL SCAFF,MOMBAÇA AO LADO NÚMERO 452 - KM 58 DA RODOVIA CASTELO BRANCO,SP,3550605,10M0G7W,LTE,,,2160,1970,340,FB,,,760,"44181403519",16.4,32,57,2,X,57,35912402519,40,-23.422311,-47.142561,G,5/27/2024,5/13/2024,,9f1336485ecbdce0,4/29/2038,,,São Roque,,
LIC-LIC-01,TELEFONICA BRASIL S.A.,50409146447,10,166262022,410853593,RUA DO DIVINO SALVADOR,X RUA NOSSA SENHORA AUXILIADORA  77,SP,3536505,10M0G7W,LTE,,,2150,1960,330,FB,,,760,"5152003257",17.3,25,68,0,X,31,83071803257,40,-22.767094,-47.152497,G,5/27/2024,12/10/1999,,9f1336481fa69ab5,12/22/2032,,,Paulínia,,x
LIC-LIC-01,CLARO S.A.,50409105090,10,46662011,1015822417,EST ESTRADA MUNICIPAL BENEDITO OLEGARIO CHIAVATTO KM 3 7,HOTEL FAZENDA SÃO SILVANO KM 3 SN 7,SP,3532009,2M50G7W,LTE,,,892.75,847.75,110,FB,,,168,,11,0,360,0,V,9,39721705894,80,-22.90858,-46.74653,G,5/24/2024,5/24/2024,,9f1336484a3d6eb3,8/6/2027,,,Morungaba,,x
LIC-LIC-01,CLARO S.A.,50409105090,10,46662011,1015822409,RUA PEROBA,LT 7 QD D AC P/ RUA JACARANDÁ  395,SP,3528502,2M50G7W,LTE,,,892.75,847.75,0,FB,,,168,,11,25,360,0,V,18,75462401647,60,-23.28462,-46.52229,G,3/18/2025,5/24/2024,,9f1336484a3d6eaf,8/6/2027,,,Mairiporã,,
LIC-LIC-01,CLARO S.A.,50409105090,10,46662011,1015822395,R CHINA,LT 01 /02 QD J - RANCHO MARINGÁ II,SP,3504107,2M50G7W,LTE,,,892.75,847.75,210,FB,,,168,,11,25,360,0,V,18,75462401647,60,-23.20994,-46.61767,G,8/12/2025,5/24/2024,,9f1336484a3d6ea3,8/6/2027,,,Atibaia,,
LIC-LIC-01,CLARO S.A.,50409105090,10,97692014,1015821836,R NOVA ANDRADINA,,SP,3518800,10M0G7W,LTE,,,798,743,30,FB,,,760,"56001603518",14.2,25,69,-2,X,33.49,33782402519,79.43,-23.42908,-46.53386,G,5/24/2024,5/24/2024,,3856e5f899a13625,12/8/2029,,,Guarulhos,,
LIC-LIC-01,TELEFONICA BRASIL S.A.,50409146447,10,166262022,1002052030,RUA ALFREDO CARPI,AO LADO DO 40 LOTE 7 QUADRA A,SP,3528502,10M0G7W,LTE,,,1875,1780,310,FB,,,760,"56001603518",16.7,30,64,4,X,49,6091702519,80,-23.328017,-46.590525,G,5/24/2024,11/9/2015,,9f133648aac4ef3a,12/22/2032,,,Mairiporã,,
LIC-LIC-01,TELEFONICA BRASIL S.A.,50409146447,10,166262022,442159978,RUA MÁRIO MELLETI,,SP,3549102,10M0G7W,LTE,,,1855,1760,360,FB,,,760,"44181403519",15.1,29,62,2,X,40,83071803257,40,-21.988242,-46.772233,G,5/24/2024,12/15/1999,,9f133648e364201f,12/22/2032,,,São João da Boa Vista,,
LIC-LIC-01,TELEFONICA BRASIL S.A.,50409146447,10,166262022,1012821290,RUA BERNARDINO DE CAMPOS,,SP,3549102,10M0G7W,LTE,,,2150,1960,355,FB,,,760,"56001603518",17.5,25,65,2,X,13,83071803257,40,-21.980241,-46.794354,G,5/24/2024,2/14/2022,,9f133648e3641fe6,12/22/2032,,,São João da Boa Vista,,
LIC-LIC-01,TELEFONICA BRASIL S.A.,50409146447,10,166262022,690579160,RODOVIA FERNÃO DIAS,KM 37 5 BR 381 BOURBON HOTEL,SP,3504107,10M0G7W,LTE,,,2150,1960,310,FB,,,760,"44181403519",16.4,32,57,2,X,47,83192102519,40,-23.107919,-46.572842,G,5/24/2024,8/21/2014,,9f133648e333113e,12/22/2032,,,Atibaia,,
LIC-LIC-01,TELEFONICA BRASIL S.A.,50409146447,10,166262022,1002414307,AVENIDA NOVE DE JULHO,CONDOMÍNIO EDIFÍCIO SÃO JOSÉ,SP,3504107,10M0G7W,LTE,,,2150,1960,290,FB,,,760,"1.29E+11",15.8,32,56,2,X,25,83192102519,40,-23.116467,-46.547275,G,5/24/2024,2/4/2016,,9f133648e333110d,12/22/2032,,,Atibaia,,
LIC-LIC-01,TELEFONICA BRASIL S.A.,50409146447,10,166262022,1003497486,RUA ENGENHEIRO PAULO DE CAMPOS FESSEL,LOTE 13,SP,3556206,10M0G7W,LTE,,,2150,1960,240,FB,,,760,"56001603518",17.4,25,62,0,X,33,83071803257,40,-22.997483,-47.024692,G,5/24/2024,11/3/2016,,9f133648b9ec8765,12/22/2032,,,Valinhos,,
LIC-LIC-01,TELEFONICA BRASIL S.A.,50409146447,10,166262022,410853607,AVENIDA XI DE AGOSTO,,SP,3556206,10M0G7W,LTE,,,1855,1760,300,FB,,,760,"44181403519",15.1,29,62,2,X,35,83071803257,40,-22.972303,-46.999172,G,5/24/2024,12/10/1999,,9f133648b9ec8714,12/22/2032,,,Valinhos,,
LIC-LIC-01,TELEFONICA BRASIL S.A.,50409146447,10,166262022,441561780,RUA ANTENOR BERALDO,,SP,3503307,10M0G7W,LTE,,,2150,1960,260,FB,,,760,"44181403519",16.4,32,57,0,X,39,83071803257,40,-22.365753,-47.368431,G,5/24/2024,12/15/1999,,9f133648b9ec86c9,12/22/2032,,,Araras,,
LIC-LIC-01,TELEFONICA BRASIL S.A.,50409146447,10,166262022,441986609,RUA DAS GARDÊNIAS,,SP,3556206,10M0G7W,LTE,,,2150,1960,360,FB,,,760,"56001603518",17.2,30,60,2,X,40,83071803257,40,-22.951645,-46.981116,G,5/24/2024,12/15/1999,,9f133648b9ec866d,12/22/2032,,,Valinhos,,
LIC-LIC-01,TELEFONICA BRASIL S.A.,50409146447,10,59072012,396745350,RUA DOMINGOS CAPELLATTO,,SP,3556206,5M00G7W,LTE,,,2680,2560,260,FB,,,760,"56001603518",17.5,30,57,2,X,38,58221803257,40,-22.99145,-47.001475,G,5/24/2024,12/10/1999,,9f133648b9ec863d,10/18/2027,,,Valinhos,,
LIC-LIC-01,TELEFONICA BRASIL S.A.,50409146447,10,166262022,687634989,RUA FLORIANÓPOLIS,LOTE 10 QUADRA G  X R. B (VILA CÂNDIDA),SP,3503307,10M0G7W,LTE,,,2150,1960,265,FB,,,760,"24731703257",15.3,25,62,2,X,49,83071803257,40,-22.351926,-47.406902,G,5/24/2024,2/11/2008,,9f133648b9ec860b,12/22/2032,,,Araras,,
LIC-LIC-01,TELEFONICA BRASIL S.A.,50409146447,10,166262022,441560288,RUA PIAUÍ,X RUA SANTA CATARINA,SP,3503307,10M0G7W,LTE,,,2150,1960,360,FB,,,760,"5152003257",17.3,25,68,2,X,37,83071803257,40,-22.37265,-47.391144,G,5/24/2024,12/15/1999,,9f133648b9ec85d6,12/22/2032,,,Araras,,
LIC-LIC-01,TELEFONICA BRASIL S.A.,50409146447,10,166262022,1001379133,AVENIDA LUIZ CARLOS TUNES,USINA SANTA LÚCIA,SP,3503307,10M0G7W,LTE,,,2150,1960,240,FB,,,760,"44181403519",16.4,32,57,2,X,48,83071803257,40,-22.3795,-47.353306,G,5/24/2024,6/30/2016,,9f133648b9ec859c,12/22/2032,,,Araras,,
LIC-LIC-01,TELEFONICA BRASIL S.A.,50409146447,10,166262022,441560253,RUA CASA BRANCA,AO LADO DO 239 FAZENDA SÃO VICENTE,SP,3503307,10M0G7W,LTE,,,1855,1760,240,FB,,,760,"44181403519",15.1,29,62,2,X,37,83071803257,40,-22.336811,-47.377706,G,8/22/2024,12/15/1999,,9f133648b9ec8467,12/22/2032,,,Araras,,
LIC-LIC-01,TELEFONICA BRASIL S.A.,50409146447,10,166262022,688742769,RUA LAERTE DE PAIVA,,SP,3556206,10M0G7W,LTE,,,2150,1960,360,FB,,,760,"5152003257",17.3,25,68,3,X,42,83071803257,40,-22.995611,-47.040306,G,5/24/2024,10/23/2006,,9f133648b9ec8405,12/22/2032,,,Valinhos,,
LIC-LIC-01,TELEFONICA BRASIL S.A.,50409146447,10,166262022,689986076,AVENIDA LUIZ CARLOS TUNES,,SP,3503307,10M0G7W,LTE,,,2150,1960,350,FB,,,760,"43061703257",16.9,27,63,4,X,50,83071803257,40,-22.363215,-47.334873,G,5/24/2024,2/11/2008,,9f133648b9ec8311,12/22/2032,,,Araras,,
LIC-LIC-01,TELEFONICA BRASIL S.A.,50409146447,10,166262022,699068029,RUA JÚLIO STOROLLI,,SP,3503307,10M0G7W,LTE,,,2150,1960,260,FB,,,760,"44181403519",16.4,32,57,2,X,50,83071803257,40,-22.37865,-47.378639,G,5/24/2024,2/12/2014,,9f133648b9ec8272,12/22/2032,,,Araras,,
LIC-LIC-01,CLARO S.A.,50409105090,10,97692014,442517351,R NARCISO FORNER,,SP,3515152,10M0G7W,LTE,,,798,743,350,FB,,,760,,13.5,24,73,-3,X,31,33782402519,79.43,-22.49134,-47.21692,G,5/27/2024,8/16/2000,,9f1336484eb2e279,12/8/2029,,,Engenheiro Coelho,,
LIC-LIC-01,CLARO S.A.,50409105090,10,97692014,684711630,RODOVIA JORN. FRACISCO AGUIRRE PROENÇA,SITIO CRUZ ALTA,SP,3554508,10M0G7W,LTE,,,798,743,200,FB,,,760,,13.4,21,68,-4,X,60,33782402519,79.43,-23.02598,-47.71074,G,5/24/2024,9/14/2004,,9f13364848da41f4,12/8/2029,,,Tietê,,
LIC-LIC-01,CLARO S.A.,50409105090,10,97692014,1011791606,AV QUATORZE,,SP,3543907,10M0G7W,LTE,,,798,743,275,FB,,,760,,13.4,21,68,0,X,45,33782402519,79.43,-22.40649,-47.58159,G,2/14/2025,3/4/2021,,9f13364848da41db,12/8/2029,,,Rio Claro,,
LIC-LIC-01,CLARO S.A.,50409105090,10,97692014,1007536354,R CARIJOS,,SP,3538709,10M0G7W,LTE,,,798,743,70,FB,,,760,,13.4,21,68,0,X,29.5,33782402519,79.43,-22.74995,-47.64968,G,12/4/2024,11/12/2018,,9f13364844a296c6,12/8/2029,,,Piracicaba,,x
LIC-LIC-01,CLARO S.A.,50409105090,10,97692014,1007753320,R SAN SEVER0,,SP,3526902,10M0G7W,LTE,,,798,743,90,FB,,,760,,13.4,21,68,0,X,40,33782402519,79.43,-22.57416,-47.44219,G,7/14/2025,12/12/2018,,9f1336483fefb9d0,12/8/2029,,,Limeira,,
LIC-LIC-01,CLARO S.A.,50409105090,10,97692014,1004947230,R ASSUNTA M RAGAZONI,,SP,3515186,10M0G7W,LTE,,,798,743,90,FB,,,760,,13.4,21,68,0,X,40,33782402519,79.43,-22.19895,-46.78161,G,5/22/2024,10/30/2017,,9f1336483fefb9a0,12/8/2029,,,Espírito Santo do Pinhal,,x
LIC-LIC-01,CLARO S.A.,50409105090,10,105752021,1015597260,R FRANCISCO FOGA,REMAN DO SIVIN06,SP,3556701,20M0G7W,LTE,,,2325,0,345,FB,,,760,,16.2,28,79,0,X,63,139000000000,50,-23.06546,-47.00219,G,5/21/2024,1/15/2024,,9f133648398c11a3,12/8/2041,,,Vinhedo,,x
LIC-LIC-01,CLARO S.A.,50409105090,10,59592012,536413223,R ALBERTO SAN JUAN,ENTRE O VELÓRIO E O CORREDOR INTERNO DO CEMITÉRIO,SP,3554508,20M0G7W,LTE,,,2640,2520,350,FB,,,760,,17.4,20,62,-2,X,37,43341501882,40,-23.10435,-47.70986,G,5/21/2024,12/11/2001,,9f133648398c1140,10/18/2027,,,Tietê,,
LIC-LIC-01,CLARO S.A.,50409105090,10,105752021,1011763661,R CARLOS DE AGUIAR,CHACARA VALE VERDE II,SP,3527306,20M0G7W,LTE,,,2325,0,85,FB,,,760,,16.2,28,79,-1,X,34,139000000000,50,-23.10681,-46.96918,G,5/21/2024,2/25/2021,,9f133648398c10a7,12/8/2041,,,Louveira,,x
LIC-LIC-01,CLARO S.A.,50409105090,10,97692014,684713683,R JOAQUIM PEDROSO RAMOS,ESQ COM RUA JOAO DOMINGUES DOS SANTOS,SP,3521002,10M0G7W,LTE,,,798,743,230,FB,,,760,,13.4,21,68,-1,X,54,33782402519,79.43,-23.34793,-47.69177,G,5/21/2024,9/14/2004,,9f133648398c1011,12/8/2029,,,Iperó,,
LIC-LIC-01,CLARO S.A.,50409105090,10,97692014,1005176687,R ANDRÉ MADSEN,ESTADIO THELMO DE ALMEIDA COSMOPOLITANO F.C.,SP,3512803,10M0G7W,LTE,,,798,743,270,FB,,,760,,13.5,24,73,-1,X,44,33782402519,79.43,-22.65218,-47.181,G,5/21/2024,10/31/2017,,9f133648398c0ffc,12/8/2029,,,Cosmópolis,,x
LIC-LIC-01,CLARO S.A.,50409105090,10,97692014,1011795164,AV JOSE FONSECA ARRUDA,,SP,3509502,10M0G7W,LTE,,,798,743,240,FB,,,760,"56001603518",13,23,67,0,X,35,33782402519,79.43,-22.94051,-47.04322,G,5/22/2024,3/5/2021,,3856e5f88f1df26f,12/8/2029,,,Campinas,,x
LIC-LIC-01,CLARO S.A.,50409105090,10,34672011,686182316,RUA SILVINO PAES,,SP,3512308,10M0G7W,LTE,,,2140,1950,190,FB,,,760,"9371303519",17.08,30,72.66,-1,X,48,27191702519,60,-23.0178,-48.01438,G,5/20/2024,3/23/2005,,9f13364824e052fe,6/1/2026,,,Conchas,,
LIC-LIC-01,CLARO S.A.,50409105090,10,46622011,1003335788,AV 64,ESQ COM RUA 23,SP,3543907,10M0G7W,LTE,,,1875,1780,230,FB,,,760,,16.5,21,66,2,X,41,40952002519,20,-22.38777,-47.58963,G,7/14/2025,10/25/2016,,9f13364824e052e3,3/31/2028,,,Rio Claro,,
LIC-LIC-01,TELEFONICA BRASIL S.A.,50409146447,10,59072012,1002098774,RUA PRAGA,,SP,3538709,5M00G7W,LTE,,,2680,2560,210,FB,,,760,"0",18.4,25,58,2,X,28,58221803257,40,-22.663125,-47.688533,G,5/20/2024,11/9/2015,,9f133648395b7dd9,10/18/2027,,,Piracicaba,,x
LIC-LIC-01,TELEFONICA BRASIL S.A.,50409146447,10,59072012,683602683,ESTRADA DOS CONFEDERADOS,FAZENDA FONTE NOVA,SP,3545803,5M00G7W,LTE,,,2680,2560,260,FB,,,760,"5152003257",17.5,24,59,2,X,80,58221803257,40,-22.790417,-47.365014,G,5/20/2024,7/22/2003,,9f133648395b7dd3,10/18/2027,,,Santa Bárbara d'Oeste,,x
LIC-LIC-01,TELEFONICA BRASIL S.A.,50409146447,10,166262022,1012821622,AVENIDA ANTONIO FADIN,GLEBA 03 - PLN 236,SP,3536505,10M0G7W,LTE,,,1855,1760,320,FB,,,760,"0",17,25,69,2,X,34,83071803257,40,-22.734244,-47.135031,G,5/20/2024,2/14/2022,,9f133648395b7c75,12/22/2032,,,Paulínia,,x
LIC-LIC-01,TELEFONICA BRASIL S.A.,50409146447,10,166262022,1011589017,AVENIDA LIMEIRA,SHOPPING PIRACICABA,SP,3538709,10M0G7W,LTE,,,2150,1960,0.0002,FB,,,760,"0",0,0,0,0,X,3,48811903257,40,-22.704094,-47.649775,G,5/20/2024,12/12/2020,,9f133648395b7bc7,12/22/2032,,,Piracicaba,,x
LIC-LIC-01,TELEFONICA BRASIL S.A.,50409146447,10,166262022,1001327206,RUA HONÓRIO BEITOLA,X RUA PEDRO DA COSTA,SP,3526704,10M0G7W,LTE,,,1855,1760,320,FB,,,760,"56001603518",16.7,30,64,2,X,14,83071803257,40,-22.175331,-47.198978,G,5/20/2024,7/29/2016,,9f133648395b7b24,12/22/2032,,,Leme,,
LIC-LIC-01,Telefonica Brasil S.a.,50409146447,10,166262022,699353840,RODOVIA DOM PEDRO I,KM 91 SP 65 FAZENDA HORTO TAFARELLO,SP,3525201,10M0G7W,LTE,,,2150,1960,330,FB,,,760,"56001603518",16,25,67,0,X,17,83192102519,61.3,-23.039144,-46.696991,G,1/30/2025,10/15/2013,,9f133648395b7976,12/22/2032,,,Jarinu,,
LIC-LIC-01,TELEFONICA BRASIL S.A.,50409146447,10,166262022,1003954615,AVENIDA ALFREDO CONTATTO,,SP,3545803,10M0G7W,LTE,,,2150,1960,350,FB,,,760,"0",17.5,25,65,1,X,19,83071803257,40,-22.744781,-47.365236,G,5/20/2024,4/5/2017,,9f133648395b792b,12/22/2032,,,Santa Bárbara d'Oeste,,x
LIC-LIC-01,TELEFONICA BRASIL S.A.,50409146447,10,166262022,6561608,RUA SANTA CLARA,,SP,3507605,10M0G7W,LTE,,,2150,1960,320,FB,,,760,"44181403519",16.4,32,57,2,X,45,40952002519,40,-22.957764,-46.542696,G,5/20/2024,8/4/1999,,9f133648395b7879,12/22/2032,,,Bragança Paulista,,
LIC-LIC-01,CLARO S.A.,50409105090,10,97692014,2061325,R MADRE IZIDORA,EM FRENTE À RUA GENERAL GLICÉRIO  641,SP,3545209,10M0G7W,LTE,,,798,743,250,FB,,,760,,13.4,21,68,-4,X,71,33782402519,79.43,-23.20049,-47.28808,G,5/17/2024,11/14/2003,,9f133648266c87a6,12/8/2029,,,Salto,,x
LIC-LIC-01,CLARO S.A.,50409105090,10,46662011,1015811474,ESTRADA DO MIRANTE,CHACARA BOA ESPERANÇA (LOTE 45 AREA 3),SP,3508405,2M50G7W,LTE,,,892.75,847.75,50,FB,,,168,,11,25,360,0,V,9,75462401647,60,-23.33056,-47.11322,G,7/23/2025,5/17/2024,,9f1336482122be2d,8/6/2027,,,Cabreúva,,
LIC-LIC-01,CLARO S.A.,50409105090,10,34672011,699197686,RUA BATISTA FAVORETTI,,SP,3507001,10M0G7W,LTE,,,2140,1950,70,FB,,,760,"27331703519",16.16,26,66.76,0,X,40,10891905894,80,-23.25894,-47.66348,G,5/15/2024,8/16/2013,,9f1336481a928a5d,6/1/2026,,,Boituva,,x
LIC-LIC-01,CLARO S.A.,50409105090,10,97692014,1014434308,AV IPANEMA,,SP,3552205,10M0G7W,LTE,,,798,743,240,FB,,,760,,13.4,21,68,-1,X,41,33782402519,79.43,-23.45126,-47.50517,G,5/14/2024,10/28/2022,,3856e5f87593d511,12/8/2029,,,Sorocaba,,
LIC-LIC-01,CLARO S.A.,50409105090,10,46622011,1011752228,R ÁLVARO SILVEIRA LEITE,RESID. CAMPOS VERDES,SP,3509502,10M0G7W,LTE,,,1875,1780,50,FB,,,760,"56001603518",14.3,25,65,0,X,23,40952002519,20,-22.93621,-47.15873,G,5/14/2024,3/3/2021,,3856e5f87593d4e7,3/31/2028,,,Campinas,,x
LIC-LIC-01,CLARO S.A.,50409105090,10,97692014,1011795156,RUA CATHARINA SIGNORI VICENTIN,,SP,3509502,10M0G7W,LTE,,,798,743,300,FB,,,760,"56001603518",13,23,67,0,X,35,33782402519,79.43,-22.82487,-47.07732,G,5/14/2024,3/5/2021,,3856e5f86b5caac3,12/8/2029,,,Campinas,,x
LIC-LIC-01,CLARO S.A.,50409105090,10,105752021,684259591,RUA MAJOR PAULO MARIA GONZAGA DE LACERDA,,SP,3525904,20M0G7W,LTE,,,2325,2325,220,FB,,,760,,16.2,28,79,-1,X,66,139000000000,50,-23.20181,-46.87185,G,2/14/2025,8/19/2004,,9f13364800941bef,12/8/2041,,,Jundiaí,,x
LIC-LIC-01,CLARO S.A.,50409105090,10,105752021,534591280,ROD VALDOMIRO CORREIA DE CAMARGO,,SP,3523909,20M0G7W,LTE,,,2325,0,30,FB,,,760,,16.2,28,79,-4,X,94,139000000000,50,-23.37976,-47.3268,G,5/10/2024,9/13/2000,,9f13364800941bb9,12/8/2041,,,Itu,,x
LIC-LIC-01,TELEFONICA BRASIL S.A.,50409146447,10,166262022,1015800910,RUA ANANATUBA,,SP,3556503,10M0G7W,LTE,,,2150,1960,350,FB,,,760,"1.29E+11",15.8,32,56,2,X,42,83192102519,40,-23.224919,-46.845119,G,5/27/2024,5/13/2024,,9f13364807d22dbe,12/22/2032,,,Várzea Paulista,,x
LIC-LIC-01,Telefonica Brasil S.a.,50409146447,10,166262022,1015800898,RUA DONA AMABILE BOER 272 VILA SANTA MARIA ESQ. COM RUA AUSTRIA,,SP,3501608,10M0G7W,LTE,,,2150,1960,280,FB,,,760,"0",17.9,24,64,2,X,31,83071803257,40,-22.728539,-47.337169,G,10/31/2024,5/13/2024,,9f13364807d22d8c,12/22/2032,,,Americana,,x
LIC-LIC-01,TELEFONICA BRASIL S.A.,50409146447,10,166262022,1015800880,ALAMEDA TIPUANA,X AVENIDA MOINHO DE VENTO,SP,3556206,10M0G7W,LTE,,,2150,1960,250,FB,,,760,"56001603518",12.7,22,64,0,X,5,83071803257,40,-22.98142,-46.96897,G,5/13/2024,5/13/2024,,9f13364807d22d7a,12/22/2032,,,Valinhos,,
LIC-LIC-01,TELEFONICA BRASIL S.A.,50409146447,10,166262022,1015800871,ALAMEDA ITAUBA,EM FRENTE AO N°16,SP,3556206,10M0G7W,LTE,,,2150,1960,10,FB,,,760,"56001603518",12.7,22,64,0,X,5,83071803257,40,-22.98175,-46.96711,G,5/13/2024,5/13/2024,,9f13364807d22d74,12/22/2032,,,Valinhos,,
LIC-LIC-01,TELEFONICA BRASIL S.A.,50409146447,10,166262022,1015800863,ALAMEDA FLAMBOYANT,,SP,3556206,10M0G7W,LTE,,,2150,1960,65,FB,,,760,"56001603518",17.2,30,60,0,X,5,83071803257,40,-22.97912,-46.96888,G,5/13/2024,5/13/2024,,9f13364807d22d6e,12/22/2032,,,Valinhos,,
LIC-LIC-01,TELEFONICA BRASIL S.A.,50409146447,10,166262022,1015800855,ALAMEDA JATOBÁ,EM FRENTE AO N°49,SP,3556206,10M0G7W,LTE,,,2150,1960,160,FB,,,760,"56001603518",12.7,22,64,0,X,5,83071803257,40,-22.97939,-46.97095,G,5/13/2024,5/13/2024,,9f13364807d22d68,12/22/2032,,,Valinhos,,
LIC-LIC-01,Telefonica Brasil S.a.,50409146447,10,166262022,1015800790,ESTR. MUN. DO GASPAR  500 (RURAL),,SP,3520509,10M0G7W,LTE,,,2150,1960,330,FB,,,760,"0",17.9,24,64,2,X,59,83071803257,40,-23.1197,-47.21275,G,10/31/2024,5/13/2024,,9f13364807d22c0a,12/22/2032,,,Indaiatuba,,x
LIC-LIC-01,TELEFONICA BRASIL S.A.,50409146447,10,166262022,1005951885,RUA ANTONIETA DESTRO,,SP,3500303,10M0G7W,LTE,,,2150,1960,260,FB,,,760,"0",17.9,24,64,0,X,40,83071803257,40,-22.059937,-46.966467,G,5/13/2024,3/14/2018,,9f13364807d22be9,12/22/2032,,,Aguaí,,
LIC-LIC-01,TELEFONICA BRASIL S.A.,50409146447,10,166262022,1005314206,RUA ANTÔNIO LEOPOLDINO,EM FRENTE AO 6,SP,3552106,10M0G7W,LTE,,,1855,1760,360,FB,,,760,"4741600762",9.56,0,94.2,0,X,1,83071803257,40,-22.590425,-46.528308,G,5/13/2024,11/22/2017,,9f13364807d22b55,12/22/2032,,,Socorro,,x
LIC-LIC-01,TELEFONICA BRASIL S.A.,50409146447,10,166262022,1005314192,RUA MARECHAL FLORIANO PEIXOTO,EM FRENTE AO 290,SP,3552106,10M0G7W,LTE,,,1855,1760,360,FB,,,760,"4741600762",9.56,0,94.2,0,X,1,83071803257,40,-22.592022,-46.529669,G,5/13/2024,11/22/2017,,9f13364807d22b50,12/22/2032,,,Socorro,,x
LIC-LIC-01,Telefonica Brasil S.a.,50409146447,10,166262022,1005314184,RUA QUINZE DE NOVEMBRO,EM FRENTE AO 104,SP,3552106,10M0G7W,LTE,,,1855,1760,360,FB,,,760,"4741600762",9.56,0,94.2,0,X,1,83071803257,40,-22.590592,-46.529939,G,10/31/2024,11/22/2017,,9f13364807d22b4b,12/22/2032,,,Socorro,,x
LIC-LIC-01,Telefonica Brasil S.a.,50409146447,10,59072012,1005314176,RUA PAULINA  EM FRENTE AO 49,,SP,3551603,20M0G7W,LTE,,,2680,2560,360,FB,,,760,"4741600762",10.74,0,80.1,0,X,3,58221803257,40,-22.609486,-46.702922,G,10/31/2024,11/22/2017,,9f13364807d22b46,10/18/2027,,,Serra Negra,,x
LIC-LIC-01,TELEFONICA BRASIL S.A.,50409146447,10,166262022,441561764,RODOVIA VIA ANHANGUERA,KM 160 5 SP 330 FAZENDA SÃO JOÃO,SP,3503307,10M0G7W,LTE,,,2150,1960,340,FB,,,760,"0",17.9,24,64,1,X,50,83071803257,40,-22.437544,-47.394981,G,5/13/2024,12/15/1999,,9f13364807d22ae7,12/22/2032,,,Araras,,
LIC-LIC-01,TELEFONICA BRASIL S.A.,50409146447,10,166262022,1015800740,RODOVIA DOUTOR AMÉRICO PIVA,KM 12 -  RE,SP,3554706,10M0G7W,LTE,,,2150,1960,310,FB,,,760,"0",17.9,24,64,2,X,59,83071803257,40,-22.39646,-48.13347,G,5/13/2024,5/13/2024,,9f13364807d22acf,12/22/2032,,,Torrinha,,
LIC-LIC-01,TELEFONICA BRASIL S.A.,50409146447,10,166262022,1012553687,RUA DOS GIRASSÓIS,,SP,3510401,10M0G7W,LTE,,,1855,1760,355,FB,,,760,"24731703257",14.9,25,63,2,X,41,83071803257,40,-22.991379,-47.398312,G,5/13/2024,10/28/2021,,9f13364807d2293c,12/22/2032,,,Capivari,,x
LIC-LIC-01,TELEFONICA BRASIL S.A.,50409146447,10,166262022,534910041,RUA MALAQUIAS GUERRA,,SP,3550407,10M0G7W,LTE,,,2150,1960,280,FB,,,760,"5152003257",17.3,25,68,2,X,51,83071803257,40,-22.551908,-47.913928,G,5/13/2024,9/15/2000,,9f13364807d2290f,12/22/2032,,,São Pedro,,x
LIC-LIC-01,TELEFONICA BRASIL S.A.,50409146447,10,59072012,1003542716,RUA 1,AO LADO DO 31 ENTRE O NÚMERO 31 E 35,SP,3546702,20M0G7W,LTE,,,2680,2560,335,FB,,,760,"5152003257",17.5,24,59,2,X,50,58221803257,40,-22.447927,-47.538629,G,5/13/2024,11/29/2016,,9f13364807d227c1,10/18/2027,,,Santa Gertrudes,,
LIC-LIC-01,Telefonica Brasil S.a.,50409146447,10,166262022,1015800600,RUA HENRIQUE RGALBERTO BRECHMACHE  SN,,SP,3501608,10M0G7W,LTE,,,2150,1960,340,FB,,,760,"0",17.9,24,64,2,X,31,83071803257,40,-22.7158,-47.2948,G,10/31/2024,5/13/2024,,9f13364807d22770,12/22/2032,,,Americana,,x
LIC-LIC-01,Telefonica Brasil S.a.,50409146447,10,166262022,1015800588,RUA SÃO JORGE  526  LOTE 03,,SP,3538709,10M0G7W,LTE,,,2150,1960,290,FB,,,760,"0",17.9,24,64,2,X,58,83071803257,40,-22.62211,-47.73268,G,10/31/2024,5/13/2024,,9f13364807d226d1,12/22/2032,,,Piracicaba,,x
LIC-LIC-01,TELEFONICA BRASIL S.A.,50409146447,10,97432014,1000322855,RODOVIA PREFEITO JOSÉ ANDRÉ DE LIMA,KM 208 3 SP 340,SP,3500303,10M0G7W,LTE,,,788,733,350,FB,,,760,"0",15,21,70.7,3,X,59,48811903257,40,-22.036619,-47.030839,G,5/13/2024,8/21/2014,,9f13364807d22519,12/8/2029,,,Aguaí,,
LIC-LIC-01,TELEFONICA BRASIL S.A.,50409146447,10,97432014,1015800510,RUA JOSÉ FRANCISCO DE CASTRO,LOTE 13,SP,3525904,10M0G7W,LTE,,,788,733,360,FB,,,760,"56001603518",15.4,25,68,2,X,40,57731705894,58.4,-23.15733,-46.9161,G,5/13/2024,5/13/2024,,9f13364807d224e9,12/8/2029,,,Jundiaí,,x
LIC-LIC-01,TELEFONICA BRASIL S.A.,50409146447,10,166262022,1006620637,AVENIDA DOUTOR ALBERTO ARANHA FORTUNA,,SP,3548005,10M0G7W,LTE,,,2150,1960,265,FB,,,760,"0",17.5,25,65,1,X,50,83071803257,40,-22.607631,-46.911065,G,5/13/2024,5/14/2018,,9f13364807d22492,12/22/2032,,,Santo Antônio de Posse,,
LIC-LIC-01,Telefonica Brasil S.a.,50409146447,10,166262022,1015800456,RUA JAÚ N° 125,CONDOMÍNIO VILA BRANCA,SP,3501608,10M0G7W,LTE,,,2150,1960,350,FB,,,760,"0",17.9,24,64,2,X,28,83071803257,40,-22.78173,-47.35156,G,10/31/2024,5/13/2024,,9f13364807d2243d,12/22/2032,,,Americana,,x
LIC-LIC-01,TELEFONICA BRASIL S.A.,50409146447,10,166262022,1015800421,RUA PRESIDENTE GETULIO VARGAS,PARQUE HIPPOLYTO,SP,3526902,10M0G7W,LTE,,,2150,1960,340,FB,,,760,"0",17.9,24,64,2,X,32,83071803257,54.5,-22.573435,-47.374127,G,5/13/2024,5/13/2024,,9f13364807d222d0,12/22/2032,,,Limeira,,
LIC-LIC-01,TELEFONICA BRASIL S.A.,50409146447,10,166262022,379962896,AVENIDA LUIZ JOSÉ SERENO,PRÓXIMO A PONTE SOBRE A ESTRADA DO PEREIRA,SP,3525904,10M0G7W,LTE,,,2150,1960,270,FB,,,760,"44181403519",16.4,32,57,2,X,29,83192102519,40,-23.187644,-46.965292,G,5/13/2024,12/10/1999,,9f13364807d2226e,12/22/2032,,,Jundiaí,,x
LIC-LIC-01,TELEFONICA BRASIL S.A.,50409146447,10,166262022,1015800316,AVENIDA HYMALAIAS,EM FRENTE AO NUMERO 5 - COND. MONTE SANKHYA,SP,3551603,10M0G7W,LTE,,,1855,1760,95,FB,,,760,"56001603518",12.2,22,66,0,X,5,83071803257,40,-22.60738,-46.7435,G,5/13/2024,5/13/2024,,9f13364807b89536,12/22/2032,,,Serra Negra,,x
LIC-LIC-01,TELEFONICA BRASIL S.A.,50409146447,10,166262022,1015800308,AVENIDA DOS HYMALAIAS,COND. MONTE SANKHYA EM FRENTE AO LOTE,SP,3551603,10M0G7W,LTE,,,1855,1760,30,FB,,,760,"56001603518",12.2,22,66,0,X,5,83071803257,40,-22.612019,-46.743281,G,5/13/2024,5/13/2024,,9f13364807b89532,12/22/2032,,,Serra Negra,,x
LIC-LIC-01,TELEFONICA BRASIL S.A.,50409146447,10,166262022,1015800294,RUA TIBET,EM FRENTE AO Nº11 COND. MONTE SANKHYA,SP,3551603,10M0G7W,LTE,,,1855,1760,240,FB,,,760,"56001603518",12.2,22,66,0,X,5,83071803257,40,-22.61013,-46.74321,G,5/13/2024,5/13/2024,,9f13364807b8952e,12/22/2032,,,Serra Negra,,x
LIC-LIC-01,TELEFONICA BRASIL S.A.,50409146447,10,166262022,441994881,RUA JOSÉ DE CAMPOS SILVA,,SP,3523404,10M0G7W,LTE,,,2150,1960,310,FB,,,760,"56001603518",17.2,30,60,0,X,57,83192102519,40,-23.029167,-46.746111,G,5/13/2024,12/15/1999,,9f13364807b8944f,12/22/2032,,,Itatiba,,x
LIC-LIC-01,TELEFONICA BRASIL S.A.,50409146447,10,166262022,1014944640,RUA SANTANA,CONDOMÍNIO EDIFÍCIO LARANJEIRAS,SP,3526902,10M0G7W,LTE,,,2150,1960,300,FB,,,760,"4521703257",17.2,27,63,2,X,31,83071803257,40,-22.554747,-47.396019,G,5/13/2024,5/30/2023,,9f13364807b89424,12/22/2032,,,Limeira,,
LIC-LIC-01,TELEFONICA BRASIL S.A.,50409146447,10,166262022,1012717213,RUA OSCAR TISCHER,TAQUARI PONTE,SP,3526704,10M0G7W,LTE,,,2150,1960,300,FB,,,760,"56001603518",16,25,67,2,X,60,83071803257,40,-22.102989,-47.251639,G,5/13/2024,1/4/2022,,9f13364807b89409,12/22/2032,,,Leme,,
LIC-LIC-01,TELEFONICA BRASIL S.A.,50409146447,10,97432014,1015800286,BLOCO ESTRADA IGREJA MUNHOZ,SÍTIO SRA. APARE,SP,3526902,10M0G7W,LTE,,,788,733,300,FB,,,760,"38661703257",14.1,24,66,2,X,28,48811903257,40,-22.544489,-47.216819,G,5/13/2024,5/13/2024,,9f13364807b893f7,12/8/2029,,,Limeira,,
LIC-LIC-01,Telefonica Brasil S.a.,50409146447,10,166262022,1015800278,VIA CASSIO DE FREITAS LEVY / DR 01800 CHACARÁ SÃO PEDRO - REMAN - LIMEIRA,,SP,3526902,10M0G7W,LTE,,,2150,1960,350,FB,,,760,"0",17.9,24,64,2,X,34,83071803257,40,-22.54085,-47.42369,G,10/31/2024,5/13/2024,,9f13364807b893bb,12/22/2032,,,Limeira,,
LIC-LIC-01,TELEFONICA BRASIL S.A.,50409146447,10,97432014,1015800243,RUA BARUERI,,SP,3509205,10M0G7W,LTE,,,788,733,320,FB,,,760,"56001603518",15.4,25,68,2,X,40,57731705894,40,-23.389931,-46.86205,G,5/13/2024,5/13/2024,,9f13364807b8926b,12/8/2029,,,Cajamar,,
LIC-LIC-01,TELEFONICA BRASIL S.A.,50409146447,10,166262022,687472733,RUA MANOEL NOVAES,,SP,3525854,10M0G7W,LTE,,,2150,1960,320,FB,,,760,"24731703257",15.3,25,62,3,X,57,83071803257,40,-23.084028,-47.787464,G,5/13/2024,9/27/2005,,9f13364807b8921f,12/22/2032,,,Jumirim,,
LIC-LIC-01,Telefonica Brasil S.a.,50409146447,10,166262022,695990772,RUA SILVIO ROMERO  945,,SP,3516309,10M0G7W,LTE,,,2150,1960,340,FB,,,760,"1.29E+11",15.8,32,56,3,X,46,76562202519,40,-23.270161,-46.738319,G,10/15/2024,9/23/2011,,9f13364807b89201,12/22/2032,,,Francisco Morato,,
LIC-LIC-01,TELEFONICA BRASIL S.A.,50409146447,10,166262022,691634513,AVENIDA ANTÔNIO FREDERICO OZANAN,MAXI SHOPPING,SP,3525904,10M0G7W,LTE,,,2150,1960,0.0002,FB,,,760,"0",0,0,0,0,X,3,83192102519,40,-23.169353,-46.891869,G,5/13/2024,7/30/2009,,9f13364807b8919e,12/22/2032,,,Jundiaí,,x
LIC-LIC-01,TELEFONICA BRASIL S.A.,50409146447,10,166262022,379962861,RUA BENJAMIN ARRUDA,,SP,3507605,10M0G7W,LTE,,,2150,1960,360,FB,,,760,"44181403519",16.4,32,57,3,X,38,56351705894,40,-22.970468,-46.529535,G,5/13/2024,4/29/1999,,9f13364807b8915c,12/22/2032,,,Bragança Paulista,,
LIC-LIC-01,TELEFONICA BRASIL S.A.,50409146447,10,166262022,1009251063,AVENIDA NOVE DE JULHO,X AVENIDA JOÃO BENATTI  S/N,SP,3525904,10M0G7W,LTE,,,2150,1960,0.0002,FB,,,760,"0",0,0,0,0,X,3,39201301882,40,-23.200228,-46.891192,G,5/13/2024,10/3/2019,,9f13364807b8910b,12/22/2032,,,Jundiaí,,x
LIC-LIC-01,Telefonica Brasil S.a.,50409146447,10,166262022,1015800162,RUA IGUACU  SN,,SP,3501608,10M0G7W,LTE,,,2150,1960,330,FB,,,760,"0",17.9,24,64,2,X,32,83071803257,40,-22.7546,-47.35873,G,10/31/2024,5/13/2024,,9f13364807b890c9,12/22/2032,,,Americana,,x
LIC-LIC-01,TELEFONICA BRASIL S.A.,50409146447,10,166262022,1005142383,RUA FRUTAL,LOTE 10 QUADRA 14,SP,3556503,10M0G7W,LTE,,,2150,1960,230,FB,,,760,"56001603518",17.5,25,65,2,X,50,83192102519,40,-23.200114,-46.832672,G,5/13/2024,10/23/2017,,9f13364807b89009,12/22/2032,,,Várzea Paulista,,x
LIC-LIC-01,TELEFONICA BRASIL S.A.,50409146447,10,97432014,1015800111,RUA CORINA SOAVE GANDRA,LOTE 3B - QUADRA K,SP,3525904,10M0G7W,LTE,,,788,733,240,FB,,,760,"1.29E+11",13.9,33,74,2,X,40,57731705894,40,-23.16211,-46.9203,G,5/13/2024,5/13/2024,,9f13364807b88fbf,12/8/2029,,,Jundiaí,,x
LIC-LIC-01,TELEFONICA BRASIL S.A.,50409146447,10,166262022,1014212674,ESTRADA IPERÓ A SOROCABA,,SP,3521002,10M0G7W,LTE,,,2150,1960,350,FB,,,760,"0",17.9,24,64,2,X,60,83071803257,40,-23.39105,-47.60654,G,5/13/2024,9/13/2022,,9f13364807b88f9c,12/22/2032,,,Iperó,,
LIC-LIC-01,TELEFONICA BRASIL S.A.,50409146447,10,97432014,1015800073,AVENIDA APPIA,,SP,3527306,10M0G7W,LTE,,,788,733,250,FB,,,760,"0",15,21,70.7,0,X,60,48811903257,40,-23.05927,-46.91235,G,5/13/2024,5/13/2024,,9f13364807b88f6a,12/8/2029,,,Louveira,,x
LIC-LIC-01,Telefonica Brasil S.a.,50409146447,10,166262022,1015800065,RUA ELZA VIEIRA DE CARVALHO 2728  SN,,SP,3520509,10M0G7W,LTE,,,2150,1960,300,FB,,,760,"0",17.9,24,64,2,X,32,83071803257,40,-23.101,-47.23866,G,10/31/2024,5/13/2024,,9f13364807b88f64,12/22/2032,,,Indaiatuba,,x
LIC-LIC-01,TELEFONICA BRASIL S.A.,50409146447,10,166262022,1015800057,ESTRADA SP 191,,SP,3521101,10M0G7W,LTE,,,2150,1960,260,FB,,,760,"0",17.9,24,64,2,X,31,83071803257,40,-22.4307,-47.705011,G,5/13/2024,5/13/2024,,9f13364807b88efb,12/22/2032,,,Ipeúna,,
LIC-LIC-01,TELEFONICA BRASIL S.A.,50409146447,10,166262022,1015800030,RUA ANTONIO QUINTEIRO,QUADRA B -LT 06,SP,3520509,10M0G7W,LTE,,,2150,1960,310,FB,,,760,"24731703257",15.9,25,62,2,X,50,83071803257,40,-23.053411,-47.208681,G,5/13/2024,5/13/2024,,9f13364807b88ee3,12/22/2032,,,Indaiatuba,,x
LIC-LIC-01,TELEFONICA BRASIL S.A.,50409146447,10,166262022,692807977,RODOVIA COMANDANTE VIRGULINO DE OLIVEIRA,KM 179 SP 352,SP,3522604,10M0G7W,LTE,,,2150,1960,360,FB,,,760,"5152003257",17.3,25,68,3,X,29,83071803257,40,-22.353469,-46.718278,G,5/13/2024,9/29/2010,,9f13364807b88e18,12/22/2032,,,Itapira,,x
LIC-LIC-01,Telefonica Brasil S.a.,50409146447,10,166262022,1015799997,RUA MARCELO VACCHI  100,MORUMBI,SP,3538709,10M0G7W,LTE,,,2150,1960,210,FB,,,760,"0",17.9,24,64,2,X,37,83071803257,40,-22.73424,-47.60885,G,10/31/2024,5/13/2024,,9f13364807b88dab,12/22/2032,,,Piracicaba,,x
LIC-LIC-01,TELEFONICA BRASIL S.A.,50409146447,10,97432014,1002238894,RUA JOSE MARIA DE SOUZA,,SP,3500501,10M0G7W,LTE,,,788,733,280,FB,,,760,"5152003257",14,21,66,2,X,41,48811903257,40,-22.458736,-46.605194,G,5/13/2024,11/9/2015,,9f13364807b88d8f,12/8/2029,,,Águas de Lindóia,,x
LIC-LIC-01,TELEFONICA BRASIL S.A.,50409146447,10,166262022,695774620,AVENIDA JOSÉ BENASSI,,SP,3525904,10M0G7W,LTE,,,2150,1960,330,FB,,,760,"44181403519",16.4,32,57,3,X,54,83192102519,40,-23.159464,-47.006122,G,5/13/2024,8/25/2011,,9f13364807b88d79,12/22/2032,,,Jundiaí,,x
LIC-LIC-01,TELEFONICA BRASIL S.A.,50409146447,10,166262022,697436837,RUA GONÇALO LUIZ DE OLIVEIRA,QUADRA F LOTE 4 INDÚSTRIAS INGEPAL,SP,3516408,10M0G7W,LTE,,,2150,1960,350,FB,,,760,"56001603518",17.2,30,60,0,X,25,83192102519,40,-23.338022,-46.682997,G,5/13/2024,6/26/2012,,9f13364807b88a58,12/22/2032,,,Franco da Rocha,,
LIC-LIC-01,TELEFONICA BRASIL S.A.,50409146447,10,166262022,1002957475,RUA CÁSSIA,EM FRENTE AO 117 LOTE 9 QUADRA 15,SP,3516309,10M0G7W,LTE,,,2150,1960,330,FB,,,760,"56001603518",17.2,30,60,2,X,45,83192102519,40,-23.291955,-46.705419,G,5/13/2024,6/30/2016,,9f13364807b88a37,12/22/2032,,,Francisco Morato,,
LIC-LIC-01,Telefonica Brasil S.a.,50409146447,10,166262022,1015799890,R. MIGUEL GUIDOTE  2315,QD 1625   UNIDADE 009  GL 5  ATACADÃO,SP,3526902,10M0G7W,LTE,,,2150,1960,340,FB,,,760,"0",17.5,25,65,2,X,60,83071803257,40,-22.52917,-47.38976,G,10/31/2024,5/13/2024,,9f13364807b88a04,12/22/2032,,,Limeira,,
LIC-LIC-01,TELEFONICA BRASIL S.A.,50409146447,10,166262022,699600766,ESTRADA MUNICIPAL DO FEITAL,SÍTIO SANTO ANTÔNIO,SP,3532009,10M0G7W,LTE,,,1875,1780,340,FB,,,760,"56001603518",15.8,25,67,2,X,58,83192102519,40,-22.890564,-46.778147,G,5/13/2024,3/31/2014,,9f13364807b889a3,12/22/2032,,,Morungaba,,x
LIC-LIC-01,TELEFONICA BRASIL S.A.,50409146447,10,166262022,691276722,RUA JACY TEIXEIRA DE CAMARGO,,SP,3509502,10M0G7W,LTE,,,2150,1960,0.0002,FB,,,840,"0",0,0,0,0,V,5,83071803257,40,-22.932117,-47.078022,G,5/13/2024,4/22/2009,,9f13364807a0de31,12/22/2032,,,Campinas,,x
LIC-LIC-01,TELEFONICA BRASIL S.A.,50409146447,10,166262022,1005006773,RODOVIA CASTELO BRANCO,CATARINA FASHION OUTLET - KM 60,SP,3550605,10M0G7W,LTE,,,2150,1960,260,FB,,,760,"56001603518",17.4,25,62,2,X,40,83192102519,40,-23.418522,-47.162727,G,5/13/2024,10/23/2017,,9f13364807a0ddd1,12/22/2032,,,São Roque,,
LIC-LIC-01,TELEFONICA BRASIL S.A.,50409146447,10,166262022,1015799733,RODOVIA ALKINDAR MONTEIRO JUNQUEIRA,,SP,3507605,10M0G7W,LTE,,,2150,1960,340,FB,,,760,"56001603518",17.5,25,65,2,X,80,83192102519,40,-22.97033,-46.55975,G,5/13/2024,5/13/2024,,9f13364807a0dce4,12/22/2032,,,Bragança Paulista,,
LIC-LIC-01,TELEFONICA BRASIL S.A.,50409146447,10,97432014,410856231,RODOVIA PRESIDENTE CASTELLO BRANCO,KM 106 9 SP 280,SP,3507001,10M0G7W,LTE,,,788,733,280,FB,,,760,"0",15,21,70.7,2,X,48,48811903257,40,-23.316958,-47.598789,G,5/13/2024,12/13/1999,,9f13364807a0dbc4,12/8/2029,,,Boituva,,x
LIC-LIC-01,TELEFONICA BRASIL S.A.,50409146447,10,97432014,1000387400,RUA NOÊMIA MIRANDA FERREIRA,,SP,3522604,10M0G7W,LTE,,,788,733,280,FB,,,760,"5152003257",14,21,66,2,X,60,48811903257,40,-22.470889,-46.686189,G,5/13/2024,8/21/2014,,9f13364807a0db28,12/8/2029,,,Itapira,,x
LIC-LIC-01,TELEFONICA BRASIL S.A.,50409146447,10,166262022,1015799695,TRAVESSA SILVA PINTO,,SP,3507605,10M0G7W,LTE,,,2150,1960,340,FB,,,760,"56001603518",17.5,25,65,2,X,36,35912402519,40,-22.94577,-46.5452,G,5/13/2024,5/13/2024,,9f13364807a0db0e,12/22/2032,,,Bragança Paulista,,
LIC-LIC-01,TELEFONICA BRASIL S.A.,50409146447,10,166262022,441994636,RODOVIA DOM PEDRO I,KM 64 5 SP 65,SP,3507100,10M0G7W,LTE,,,1875,1780,310,FB,,,760,"56001603518",16.7,30,64,2,X,55,40952002519,40,-23.118244,-46.483231,G,5/13/2024,12/15/1999,,9f13364807a0da87,12/22/2032,,,Bom Jesus dos Perdões,,
LIC-LIC-01,TELEFONICA BRASIL S.A.,50409146447,10,166262022,441994652,RODOVIA ALKINDAR MONTEIRO JUNQUEIRA,KM 44 SP-63,SP,3507605,10M0G7W,LTE,,,1875,1780,360,FB,,,760,"56001603518",16.7,30,64,5,X,72,40952002519,40,-22.943022,-46.63695,G,5/13/2024,12/15/1999,,9f13364807a0d9dc,12/22/2032,,,Bragança Paulista,,
LIC-LIC-01,TELEFONICA BRASIL S.A.,50409146447,10,97432014,1015799636,ESTRADA MOTOMO MAEDA,,SP,3504107,10M0G7W,LTE,,,788,733,260,FB,,,760,"56001603518",13.9,25,65,0,X,40,57731705894,40,-23.21747,-46.59788,G,5/13/2024,5/13/2024,,9f13364807a0d92d,12/8/2029,,,Atibaia,,
LIC-LIC-01,TELEFONICA BRASIL S.A.,50409146447,10,97432014,1002603460,RODOVIA DEPUTADO MARIO BENI,KM 201 SP 340,SP,3500303,10M0G7W,LTE,,,788,733,340,FB,,,760,"0",13.8,22,70,2,X,41,48811903257,40,-22.0942,-47.0097,G,5/13/2024,5/2/2016,,9f13364807a0d7fe,12/8/2029,,,Aguaí,,
LIC-LIC-01,TELEFONICA BRASIL S.A.,50409146447,10,166262022,442159161,RUA VALINS,,SP,3500303,10M0G7W,LTE,,,2150,1960,350,FB,,,760,"0",17.5,25,65,2,X,43,83071803257,40,-22.064322,-46.979297,G,5/13/2024,12/15/1999,,9f13364807a0d76f,12/22/2032,,,Aguaí,,
LIC-LIC-01,TELEFONICA BRASIL S.A.,50409146447,10,166262022,1011088727,RUA IRLANDA,RUA ITÁLIA LOTE 2 QUADRA 8,SP,3509601,10M0G7W,LTE,,,1875,1780,360,FB,,,760,"44181403519",15.1,29,62,2,X,40,40952002519,40,-23.214386,-46.770642,G,5/13/2024,8/19/2020,,9f13364807a0d6b8,12/22/2032,,,Campo Limpo Paulista,,x
LIC-LIC-01,TELEFONICA BRASIL S.A.,50409146447,10,166262022,1011740912,RUA JOÃO BATISTA CONTI,,SP,3504107,10M0G7W,LTE,,,1875,1780,280,FB,,,760,"44181403519",15.1,29,62,2,X,40,40952002519,40,-23.120883,-46.566244,G,5/13/2024,2/22/2021,,9f13364807a0d684,12/22/2032,,,Atibaia,,
LIC-LIC-01,TELEFONICA BRASIL S.A.,50409146447,10,166262022,1015799466,RUA YAENO HAYASHIDA,,SP,3528502,10M0G7W,LTE,,,2150,1960,320,FB,,,760,"56001603518",16,25,67,2,X,46,83192102519,40,-23.269025,-46.587563,G,5/27/2024,5/13/2024,,9f13364807a0d648,12/22/2032,,,Mairiporã,,
LIC-LIC-01,TELEFONICA BRASIL S.A.,50409146447,10,97432014,1015799431,RODOVIA ANHANGUERA,KM 43,SP,3509205,10M0G7W,LTE,,,788,733,360,FB,,,760,"56001603518",15.4,25,68,2,X,62,57731705894,40,-23.3073,-46.8604,G,5/13/2024,5/13/2024,,9f13364807a0d618,12/8/2029,,,Cajamar,,
LIC-LIC-01,TELEFONICA BRASIL S.A.,50409146447,10,166262022,1015799385,RUA DAS ANDORINHAS,LOTE 11  QUADRA A,SP,3509205,10M0G7W,LTE,,,2150,1960,160,FB,,,760,"56001603518",17.5,25,65,0,X,60,83192102519,40,-23.410019,-46.83185,G,5/13/2024,5/13/2024,,9f13364807a0d5c7,12/22/2032,,,Cajamar,,
LIC-LIC-01,TELEFONICA BRASIL S.A.,50409146447,10,166262022,1015683867,RUA LINO PEIXOTO AMORIM,,SP,3524006,10M0G7W,LTE,,,2150,1960,300,FB,,,760,"56001603518",17.5,25,65,2,X,40,83192102519,40,-23.161911,-47.0274,G,5/13/2024,3/5/2024,,9f13364807a0d51f,12/22/2032,,,Itupeva,,x
LIC-LIC-01,CLARO S.A.,50409105090,10,105752021,684761351,ROD DOS BANDEIRANTES,,SP,3526902,20M0G7W,LTE,,,2325,0,40,FB,,,760,,16.2,28,79,-1,X,61,139000000000,50,-22.64552,-47.45109,G,5/9/2024,9/14/2004,,9f133648fce6b906,12/8/2041,,,Limeira,,
LIC-LIC-01,CLARO S.A.,50409105090,10,46622011,1001518060,AV 60 A,,SP,3543907,10M0G7W,LTE,,,1875,1780,75,FB,,,760,"27331703519",16.16,27,66.76,0,X,36,40952002519,60,-22.3828,-47.5505,G,6/25/2025,4/28/2015,,9f133648f6b9fa95,3/31/2028,,,Rio Claro,,
LIC-LIC-01,CLARO S.A.,50409105090,10,97692014,692786023,ROD WASHINGTON LUIS,,SP,3512407,10M0G7W,LTE,,,798,743,40,FB,,,760,,13.4,21,68,0,X,50,33782402519,79.43,-22.49896,-47.40924,G,5/8/2024,9/20/2010,,9f133648f6b9f99b,12/8/2029,,,Cordeirópolis,,
LIC-LIC-01,CLARO S.A.,50409105090,10,34672011,690632100,V MARTIN LUTERO,,SP,3526902,10M0G7W,LTE,,,2140,1950,225,FB,,,760,"9371303519",17.08,30,72.66,-1,X,61.7,27191702519,60,-22.56005,-47.36579,G,3/27/2025,9/29/2008,,9f133648f11f4ea4,6/1/2026,,,Limeira,,
LIC-LIC-01,TELEFONICA BRASIL S.A.,50409146447,10,59072012,1001381251,RUA BENJAMIN COSNTANT,,SP,3523404,15M0G7W,LTE,,,2680,2560,330,FB,,,760,"1.29E+11",15.8,29,57,2,X,26,45621602519,40,-23.003944,-46.840911,G,5/7/2024,7/29/2016,,3856e5f84cf5c9e4,10/18/2027,,,Itatiba,,x
LIC-LIC-01,CLARO S.A.,50409105090,10,97692014,1015784329,R ANTONIO RODRIGUES BELO,,SP,3550308,10M0G7W,LTE,,,798,743,60,FB,,,760,"56001603518",14.2,25,69,-2,X,38,33782402519,79.43,-23.43638,-46.74903,G,5/2/2024,5/2/2024,,3856e5f83ce44fac,12/8/2029,,,São Paulo,,
LIC-LIC-01,CLARO S.A.,50409105090,10,46662011,1015775419,AL ROSA BRANCA,FAZENDA CANAÃ,SP,3523909,2M50G7W,LTE,,,892.75,847.75,130,FB,,,168,,11,0,360,0,V,25,39721705894,80,-23.3711,-47.27901,G,4/29/2024,4/29/2024,,9f133648bdb5cf80,8/6/2027,,,Itu,,x
LIC-LIC-01,CLARO S.A.,50409105090,10,97692014,1014287577,AVENIDA GARABED GANANIAN,,SP,3552205,10M0G7W,LTE,,,798,743,290,FB,,,760,"56001603518",13,23,67,-1,X,58,33782402519,79.43,-23.42316,-47.35536,G,5/2/2024,9/28/2022,,3856e5f8472675da,12/8/2029,,,Sorocaba,,
LIC-LIC-01,CLARO S.A.,50409105090,10,97692014,1015775451,ROD MARECHAL RONDON,FAZ VILA CAFEZEIRA,SP,3526407,10M0G7W,LTE,,,798,743,95,FB,,,760,"56001603518",13,23,67,0,X,55.5,57731705894,80,-23.0362,-47.8769,G,4/29/2024,4/29/2024,,9f133648bd9a5489,12/8/2029,,,Laranjal Paulista,,
LIC-LIC-01,CLARO S.A.,50409105090,10,97692014,695783394,ROD DEP CYRO ALBUQUERQUE,,SP,3500303,10M0G7W,LTE,,,798,743,45,FB,,,760,,13.4,21,68,-1,X,50,33782402519,79.43,-22.06842,-46.9829,G,5/2/2024,8/2/2011,,9f133648befc9245,12/8/2029,,,Aguaí,,
LIC-LIC-01,CLARO S.A.,50409105090,10,97692014,693084774,R DO POLIESTER,,SP,3501608,10M0G7W,LTE,,,798,743,310,FB,,,760,"27331703519",14.1,25,66.56,0,X,51,33782402519,79.43,-22.6978,-47.30543,G,5/28/2025,12/30/2010,,3856e5f8aa120981,12/8/2029,,,Americana,,x
LIC-LIC-01,CLARO S.A.,50409105090,10,97692014,399687793,ROD ANHANGUERA,,SP,3503307,10M0G7W,LTE,,,798,743,320,FB,,,760,,13.4,21,68,-3,X,62,33782402519,79.43,-22.43725,-47.39516,G,4/26/2024,5/14/2003,,3856e5f89999ca07,12/8/2029,,,Araras,,
LIC-LIC-01,CLARO S.A.,50409105090,10,46622011,698142217,ROD SENADOR LAURINDO DIAS MINHOTO,,SP,3554003,10M0G7W,LTE,,,1875,1780,70,FB,,,760,"27331703519",16.16,27,66.76,-3,X,28.5,40952002519,20,-23.37847,-47.79329,G,4/24/2024,11/16/2012,,3856e5f895ccf6f9,3/31/2028,,,Tatuí,,
LIC-LIC-01,CLARO S.A.,50409105090,10,46622011,1003143722,R MARGINAL,,SP,3543907,10M0G7W,LTE,,,1875,1780,340,FB,,,760,"27331703519",16.16,27,66.76,1,X,47,40952002519,20,-22.4238,-47.55203,G,7/14/2025,8/23/2016,,3856e5f895ccf6ae,3/31/2028,,,Rio Claro,,
LIC-LIC-01,CLARO S.A.,50409105090,10,46622011,1012133483,AV JOSE MENEGHEL,CX DAGUA NET AMERIC,SP,3501608,10M0G7W,LTE,,,1875,1780,70,FB,,,760,"44181403519",16.34,29,72.61,0,X,22.8,40952002519,20,-22.75258,-47.29723,G,4/24/2024,7/21/2021,,3856e5f895ccf63c,3/31/2028,,,Americana,,x
LIC-LIC-01,CLARO S.A.,50409105090,10,105752021,1008006758,R ENEAS CAMARGO,LOTE 27 / PRÓXIMO AO NO. 305,SP,3550308,20M0G7W,LTE,,,2325,0,70,FB,,,760,"3692202519",24,25,70,-3,X,47,3692202519,50,-23.41696,-46.80581,G,5/9/2024,1/25/2019,,3856e5f848de7658,12/8/2041,,,São Paulo,,
LIC-LIC-01,TELEFONICA BRASIL S.A.,50409146447,10,166262022,535811500,RUA DOUTOR OSWALDO CRUZ,,SP,3509502,10M0G7W,LTE,,,2150,1960,330,FB,,,760,"56001603518",17.2,30,60,1,X,20,83071803257,40,-22.883747,-47.060647,G,4/29/2024,11/10/2000,,3856e5f83dea7172,12/22/2032,,,Campinas,,x
LIC-LIC-01,TELEFONICA BRASIL S.A.,50409146447,10,166262022,468096,AVENIDA JOÃO ANTÔNIO MECCATTI,,SP,3525904,10M0G7W,LTE,,,2150,1960,310,FB,,,760,"44181403519",16.4,32,57,4,X,61,83192102519,40,-23.174164,-46.924997,G,4/29/2024,3/11/2003,,3856e5f83dea708e,12/22/2032,,,Jundiaí,,x
LIC-LIC-01,TELEFONICA BRASIL S.A.,50409146447,10,166262022,1008682044,RUA CASTRO ALVES,RESIDENCIAL VILLA GRAFF,SP,3525904,10M0G7W,LTE,,,1875,1780,360,FB,,,760,"1.29E+11",14.3,31,63,4,X,52,12111805894,40,-23.182556,-46.878861,G,4/29/2024,7/1/2019,,3856e5f83dea6f0a,12/22/2032,,,Jundiaí,,x
LIC-LIC-01,TELEFONICA BRASIL S.A.,50409146447,10,166262022,1015777845,ESTRADA DA GLÓRIA,,SP,3523909,10M0G7W,LTE,,,2150,1960,330,FB,,,760,"56001603518",17.5,25,65,2,X,48,83192102519,40,-23.24847,-47.37067,G,4/29/2024,4/29/2024,,3856e5f83dea6e77,12/22/2032,,,Itu,,x
LIC-LIC-01,TELEFONICA BRASIL S.A.,50409146447,10,166262022,1014567480,RUA FRIEDRICH VON VOITH,CONDIMINIO RESIDENCIAL NOVA AURORA,SP,3550308,10M0G7W,LTE,,,2150,1960,340,FB,,,760,"1.29E+11",15.8,32,56,0,X,25,83192102519,40,-23.435811,-46.742139,G,4/29/2024,12/23/2022,,3856e5f83dea6d85,12/22/2032,,,São Paulo,,
LIC-LIC-01,TELEFONICA BRASIL S.A.,50409146447,10,166262022,379980754,RUA ANTÔNIO MAXIMILIANO DE ALMEIDA,,SP,3525904,10M0G7W,LTE,,,1875,1780,330,FB,,,760,"44181403519",15.1,29,62,2,X,26,40952002519,40,-23.172211,-46.903603,G,4/29/2024,12/10/1999,,3856e5f83dea6ccc,12/22/2032,,,Jundiaí,,x
LIC-LIC-01,TELEFONICA BRASIL S.A.,50409146447,10,166262022,1009465543,ESTRADA DE LIGAÇÃO,,SP,3550308,10M0G7W,LTE,,,1875,1780,325,FB,,,760,"56001603518",16.7,30,64,1,X,30,40952002519,40,-23.437782,-46.771878,G,4/29/2024,11/4/2019,,3856e5f83dea6cab,12/22/2032,,,São Paulo,,
LIC-LIC-01,CLARO S.A.,50409105090,10,48372023,1011756797,R PEDRO GUITT,ESQ COM RUA JOÃO HIPOLITO,SP,3545159,15M0G7W,LTE,,,2117.5,1927.5,250,FB,,,760,"56001603518",14.7,25,53,0,X,40,27191702519,60,-22.847,-47.67918,G,5/8/2024,3/3/2021,,9f133648fce0db91,4/30/2038,,,Saltinho,,x
LIC-LIC-01,TELEFÔNICA BRASIL S.A.,50409146447,10,97432014,1008931249,Rodovia Dom Pedro I - Usina,,SP,3504107,10M0G7W,LTE,,,788,,90,FB,,,760,"56001603518",13.5,25,63,10,X,28.7,57731705894,80,-23.05778,-46.66167,G,11/27/2023,8/13/2019,,5d52f3bd01f3c,12/8/2029,,,Atibaia,,
LIC-LIC-01,TELEFÔNICA BRASIL S.A.,50409146447,10,59072012,1005075350,AVENIDA COMENDADOR GUMERCINDO BARRAQUEIROS  959,,SP,3525904,20M0G7W,LTE,,,2680,,210,FB,,,817,"34641103518",15.5,28,65,1,X,34.5,38411301882,40,-23.2025,-46.90778,G,"-","-",,59ee5c03b7d8f,10/18/2027,,,Jundiaí,,x
LIC-LIC-01,TELEFONICA BRASIL S.A.,50409146447,10,97432014,403012465,Rua Coronel Afonso Ferreira,,SP,3507605,10M0G7W,LTE,,,788,,320,FB,,,760,"56001603518",13.5,25,63,9,X,27,57731705894,80,-22.94695,-46.536556,G,9/20/2023,4/29/1999,,5d9618810f496,12/8/2029,,,Bragança Paulista,,
LIC-LIC-01,CLARO S.A.,50409105090,10,105752021,1006385816,R SILVIO ALCANTARA,,SP,3556206,20M0G7W,LTE,,,2325,0,35,FB,,,760,,16.2,28,79,1,X,45,139000000000,50,-22.95288,-47.00292,G,7/14/2025,4/2/2018,,3856e5f88f4e8eb7,12/8/2041,,,Valinhos,,
LIC-LIC-01,CLARO S.A.,50409105090,10,105752021,598596615,ROD SP 344 VER RUBENS LEME ASPRINO,,SP,3500303,20M0G7W,LTE,,,2325,0,70,FB,,,760,,16.2,28,79,0,X,57,139000000000,50,-22.02425,-46.88311,G,4/18/2024,10/24/2001,,3856e5f88f4e8e5a,12/8/2041,,,Aguaí,,
LIC-LIC-01,CLARO S.A.,50409105090,10,97692014,684714264,AV DOUTOR ANTONIO PIRES DE ALMEIDA,KM 18 8 SUL,SP,3540606,10M0G7W,LTE,,,798,743,30,FB,,,760,,13.4,21,68,-3,X,60.5,33782402519,79.43,-23.29286,-47.53093,G,4/18/2024,9/14/2004,,3856e5f88f4e8e13,12/8/2029,,,Porto Feliz,,x
LIC-LIC-01,CLARO S.A.,50409105090,10,34672011,698281560,RUA DOM BARRETO,,SP,3501608,10M0G7W,LTE,,,2140,1950,250,FB,,,760,"27331703519",16.16,26,66.76,0,X,38,10891905894,80,-22.7444,-47.34129,G,3/14/2025,11/28/2012,,3856e5f88f4e8d59,6/1/2026,,,Americana,,x
LIC-LIC-01,CLARO S.A.,50409105090,10,105752021,641205147,EST DOS MIRANDAS,CHÁCARA SANTA TEREZINHA,SP,3511607,20M0G7W,LTE,,,2325,0,70,FB,,,760,,16.2,28,79,0,X,51.5,139000000000,50,-23.2296,-47.96988,G,4/17/2024,3/14/2002,,3856e5f8759b7cd4,12/8/2041,,,Cesário Lange,,
LIC-LIC-01,CLARO S.A.,50409105090,10,34672011,697960676,RUA GUARACI,,SP,3552403,10M0G7W,LTE,,,2140,1950,240,FB,,,760,"27331703519",16.16,26,66.76,-1,X,40,27191702519,60,-22.80514,-47.27316,G,4/18/2024,10/22/2012,,e59de5f81a3fb0e6,6/1/2026,,,Sumaré,,x
LIC-LIC-01,CLARO S.A.,50409105090,10,34672011,1002423870,R RAFAEL COSTA DIAS,CATARINA FASHION OUTLET,SP,3550605,10M0G7W,LTE,,,2140,1950,260,FB,,,760,,17.4,25,62,-2,X,38,8041101882,61.52,-23.41852,-47.16268,G,4/17/2024,1/12/2016,,3856e5f8853885e4,6/1/2026,,,São Roque,,
LIC-LIC-01,CLARO S.A.,50409105090,10,34672011,684823608,ROD EDGAR MAXIMO ZAMBOTO,,SP,3525201,10M0G7W,LTE,,,2140,1950,240,FB,,,760,"27331703519",16.16,26,66.76,0,X,53,8041101882,61.52,-23.0991,-46.7196,G,4/17/2024,12/15/2004,,3856e5f876227144,6/1/2026,,,Jarinu,,
LIC-LIC-01,CLARO S.A.,50409105090,10,97692014,696683750,RUA MARIA DIAS HOG,,SP,3518800,10M0G7W,LTE,,,798,743,90,FB,,,760,"27331703519",14.1,25,66.56,-3,X,17,33782402519,79.43,-23.42788,-46.5532,G,4/18/2024,4/4/2012,,e59de5f81dc14c11,12/8/2029,,,Guarulhos,,
LIC-LIC-01,CLARO S.A.,50409105090,10,97692014,641165846,RUA FLOR DO CARVALHO,,SP,3552205,10M0G7W,LTE,,,798,743,10,FB,,,760,,13.4,21,68,0,X,60.5,33782402519,79.43,-23.37599,-47.4285,G,4/11/2024,3/14/2002,,3856e5f86b6a5ca3,12/8/2029,,,Sorocaba,,
LIC-LIC-01,CLARO S.A.,50409105090,10,97692014,1006004863,R CARUARU,,SP,3538709,10M0G7W,LTE,,,798,743,210,FB,,,760,,13.4,21,68,0,X,32,33782402519,79.43,-22.7738,-47.59133,G,6/13/2025,3/27/2018,,3856e5f86b6a5c71,12/8/2029,,,Piracicaba,,x
LIC-LIC-01,CLARO S.A.,50409105090,10,46622011,1015745331,RUA ANGELO RÉ,,SP,3511706,2M50G7W,LTE,,,892.75,847.75,270,FB,,,168,,11,0,360,0,V,18,39721705894,80,-22.57841,-47.69751,G,4/11/2024,4/11/2024,,3856e5f86b6a5c20,3/31/2028,,,Charqueada,,x
LIC-LIC-01,CLARO S.A.,50409105090,10,97692014,1005864133,RODOVIA PREFEITO ANTONIO R SCHINCARIOL,,SP,3554508,10M0G7W,LTE,,,798,743,65,FB,,,760,,13.4,21,68,-2,X,51,33782402519,79.43,-23.1381,-47.7225,G,4/5/2024,3/26/2018,,3856e5f8472acf2d,12/8/2029,,,Tietê,,
LIC-LIC-01,CLARO S.A.,50409105090,10,97692014,1004947183,AV ANTONIO FADIN,,SP,3536505,10M0G7W,LTE,,,798,743,180,FB,,,760,,13.4,21,68,0,X,40,33782402519,79.43,-22.73388,-47.13469,G,6/10/2025,10/30/2017,,3856e5f8472acefa,12/8/2029,,,Paulínia,,x
LIC-LIC-01,CLARO S.A.,50409105090,10,97692014,684715791,ROD CORELIO PIRES,,SP,3554508,10M0G7W,LTE,,,798,743,280,FB,,,760,,13.4,21,68,-1,X,61,33782402519,79.43,-22.92967,-47.71654,G,4/3/2024,9/14/2004,,3856e5f83d285724,12/8/2029,,,Tietê,,
LIC-LIC-01,CLARO S.A.,50409105090,10,105752021,1007190350,R CENTO E UM,ESQUINA COM RUA 107 / ACESSO PELA RUA IBIPITANGA  1104,SP,3518800,20M0G7W,LTE,,,2325,0,240,FB,,,760,"2.22E+11",25,25,65,-2,X,37,222000000000,160,-23.42089,-46.55212,G,4/12/2024,10/18/2018,,e59de5f8286082b7,12/8/2041,,,Guarulhos,,
LIC-LIC-01,CLARO S.A.,50409105090,10,97692014,1015735522,R SANTO AGOSTINHO,,SP,3552403,10M0G7W,LTE,,,798,743,0,FB,,,760,,13.5,24,73,0,X,40,33782402519,79.43,-22.83711,-47.16186,G,6/25/2025,4/3/2024,,e59de5f804378bb2,12/8/2029,,,Sumaré,,x
LIC-LIC-01,CLARO S.A.,50409105090,10,97692014,1015735514,R RIO PINDARÉ,LOTE 09 QUADRA 01,SP,3552403,10M0G7W,LTE,,,798,743,120,FB,,,760,,13.5,24,73,0,X,40,33782402519,79.43,-22.83617,-47.21847,G,7/14/2025,4/3/2024,,e59de5f804378ba6,12/8/2029,,,Sumaré,,x
LIC-LIC-01,CLARO S.A.,50409105090,10,46662011,1015700427,R AMÉLIA LIRUSSI,LOTE 01 - QUADRA F,SP,3516408,2M50G7W,LTE,,,892.75,847.75,10,FB,,,168,,11,0,360,0,V,18,39721705894,80,-23.29536,-46.64717,G,3/13/2024,3/13/2024,,16e0e5f803ab38d0,8/6/2027,,,Franco da Rocha,,
LIC-LIC-01,CLARO S.A.,50409105090,10,46662011,1015700419,R MIGUEL DA CRUZ,,SP,3508405,2M50G7W,LTE,,,892.75,847.75,130,FB,,,168,,11,0,360,0,V,18,39721705894,80,-23.35247,-47.08414,G,3/13/2024,3/13/2024,,16e0e5f803ab38ce,8/6/2027,,,Cabreúva,,
LIC-LIC-01,CLARO S.A.,50409105090,10,97692014,684147300,RODOVIA PRESIDENTE TANCREDO DE ALMEIDA NEVES,DENTRO DO COND MELHORAMENTO - NA FÁBRICA DE PAPEL MD,SP,3509007,10M0G7W,LTE,,,798,743,290,FB,,,760,,13.4,21,68,-2,X,78,33782402519,79.43,-23.38351,-46.76576,G,4/9/2024,12/15/2003,,3856e5f86104f169,12/8/2029,,,Caieiras,,
LIC-LIC-01,CLARO S.A.,50409105090,10,105752021,396831133,PC GUILHERME GONÇALVES,CONDOMÍNIO EDIFICIO ATIBAIA,SP,3504107,20M0G7W,LTE,,,2325,0,70,FB,,,760,,16.2,28,79,0,X,46,139000000000,50,-23.1164,-46.55072,G,6/18/2025,2/26/2002,,3856e5f86104f139,12/8/2041,,,Atibaia,,
LIC-LIC-01,CLARO S.A.,50409105090,10,34672011,1011908902,AV ESPERANÇA,,SP,3547304,10M0G7W,LTE,,,2140,1950,60,FB,,,760,"56001603518",14.7,25,53,0,X,50,40952002519,20,-23.44039,-46.92449,G,4/8/2024,5/4/2021,,3856e5f8520613ab,6/1/2026,,,Santana de Parnaíba,,
LIC-LIC-01,CLARO S.A.,50409105090,10,97692014,684147785,R  JEAN ANASTACE KOVELIS,anhanguera PARQUE SHOPPING,SP,3509205,10M0G7W,LTE,,,798,743,50,FB,,,760,,13.4,21,68,-2,X,56.5,33782402519,79.43,-23.3855,-46.8366,G,4/8/2024,12/15/2003,,3856e5f8520612fa,12/8/2029,,,Cajamar,,
LIC-LIC-01,CLARO S.A.,50409105090,10,97692014,674688953,ROD DOS BANDEIRANTES,SP348,SP,3509007,10M0G7W,LTE,,,798,743,40,FB,,,760,,13.4,21,68,-1,X,100,33782402519,79.43,-23.35791,-46.78544,G,4/8/2024,8/15/2002,,3856e5f8520612d8,12/8/2029,,,Caieiras,,
LIC-LIC-01,CLARO S.A.,50409105090,10,97692014,684148226,AV MINAS GERAIS,COM A  RODOVIA FERNÃO DIAS,SP,3528502,10M0G7W,LTE,,,798,743,300,FB,,,760,,13.4,21,68,0,X,68,83192102519,60,-23.35694,-46.54528,G,10/1/2024,12/15/2003,,3856e5f83cf3f5c7,12/8/2029,,,Mairiporã,,
LIC-LIC-01,CLARO S.A.,50409105090,10,46662011,1015740291,R DOUTOR ANTONIO JOAO ABDALLA,,SP,3509205,10M0G7W,LTE,,,1825,1730,0,FB,,,168,,3,0,360,0,V,3,6091702519,79.43,-23.34162,-46.84783,G,4/8/2024,4/8/2024,,3856e5f83cf3f586,8/6/2027,,,Cajamar,,
LIC-LIC-01,CLARO S.A.,50409105090,10,59592012,1015733244,ROD PRESIDENTE TANCREDO DE ALMEIDA NEVES,,SP,3509007,20M0G7W,LTE,,,2640,2520,0,FB,,,168,,4,0,360,0,V,3,43341501882,40,-23.37336,-46.76501,G,4/2/2024,4/2/2024,,3856e5f83d3837c5,10/18/2027,,,Caieiras,,
LIC-LIC-01,CLARO S.A.,50409105090,10,105752021,379964791,RUA ITAJOBI,ÁREA PREFEITURA,SP,3509205,20M0G7W,LTE,,,2325,2325,240,FB,,,760,,16.2,28,79,0,X,17,139000000000,50,-23.33739,-46.82455,G,3/25/2024,6/16/2003,,e59de5f80ae1102d,12/8/2041,,,Cajamar,,
LIC-LIC-01,CLARO S.A.,50409105090,10,97692014,1014203373,AV CONDE ZEPPELIN,,SP,3552205,10M0G7W,LTE,,,798,743,95,FB,,,760,"56001603518",13,23,67,0,X,50,33782402519,79.43,-23.43122,-47.39898,G,5/14/2024,9/9/2022,,e59de5f81f412f94,12/8/2029,,,Sorocaba,,
LIC-LIC-01,CLARO S.A.,50409105090,10,97692014,684711605,ROD MARECHAL RONDON,SENTIDO JUMIRIM,SP,3554508,10M0G7W,LTE,,,798,743,310,FB,,,760,,13.4,21,68,-5,X,62,33782402519,79.43,-23.15677,-47.65665,G,3/26/2024,9/14/2004,,e59de5f81a479573,12/8/2029,,,Tietê,,
LIC-LIC-01,CLARO S.A.,50409105090,10,97692014,641257171,RUA DOS JASMINS,,SP,3526407,10M0G7W,LTE,,,798,743,270,FB,,,760,,13.4,21,68,0,X,71,33782402519,79.43,-23.05817,-47.83756,G,3/25/2024,6/13/2002,,e59de5f8043ca4e2,12/8/2029,,,Laranjal Paulista,,
LIC-LIC-01,CLARO S.A.,50409105090,10,97692014,684761530,RODOVIA MARGARIDA DA GRACA MARTINS,,SP,3538709,10M0G7W,LTE,,,798,743,280,FB,,,760,"27331703519",14.1,25,66.56,0,X,41.5,57731705894,80,-22.73614,-47.59925,G,6/26/2024,9/14/2004,,b9c4e5f803d7907f,12/8/2029,,,Piracicaba,,x
LIC-LIC-01,CLARO S.A.,50409105090,10,97692014,441800637,AV JOHN BOYD DUNLOP,,SP,3509502,10M0G7W,LTE,,,798,743,30,FB,,,760,"56001603518",14.2,25,69,0,X,18,57731705894,80,-22.91119,-47.09661,G,3/21/2024,11/4/1999,,de33e5f8003be173,12/8/2029,,,Campinas,,x
LIC-LIC-01,TELEFONICA BRASIL S.A.,50409146447,10,166262022,442159684,RODOVIA DEPUTADO MARIO BENI,KM 195 SP 340 FAZENDA TAQUARANTAN,SP,3530706,10M0G7W,LTE,,,1855,1760,350,FB,,,760,"5152003257",17.2,26,69,2,X,54,83071803257,40,-22.144444,-46.995278,G,3/11/2024,12/15/1999,,009ee5f803f6c246,12/22/2032,,,Mogi Guaçu,,
LIC-LIC-01,CLARO S.A.,50409105090,10,105752021,1011763670,R ELISEU PRADA,,SP,3526902,20M0G7W,LTE,,,2325,0,80,FB,,,760,,16.2,28,79,-1,X,23,139000000000,50,-22.60221,-47.39529,G,2/21/2025,2/25/2021,,bb27e5f802b84e28,12/8/2041,,,Limeira,,
LIC-LIC-01,CLARO S.A.,50409105090,10,97692014,641257180,ROD PRESIDENTE CASTELLO BRANCO,,SP,3540606,10M0G7W,LTE,,,798,743,310,FB,,,760,,13.4,21,68,0,X,61.5,57731705894,80,-23.31603,-47.59517,G,3/15/2024,6/13/2002,,b9c4e5f803bc57bf,12/8/2029,,,Porto Feliz,,x
LIC-LIC-01,CLARO S.A.,50409105090,10,105752021,1011636066,AV DAS PALMEIRAS,,SP,3528502,40M0G7W,LTE,,,2325,0,90,FB,,,760,,16.2,28,79,0,X,27,139000000000,50,-23.40367,-46.6386,G,11/27/2025,12/21/2020,,b9c4e5f802c41ac4,12/8/2041,,,Mairiporã,,
LIC-LIC-01,CLARO S.A.,50409105090,10,97692014,1015699305,R BENEDICTO REIS,,SP,3509502,10M0G7W,LTE,,,798,743,200,FB,,,760,,13.4,21,68,0,X,40,57731705894,80,-22.75216,-47.01641,G,3/12/2024,3/12/2024,,fac4e5f8034c93ee,12/8/2029,,,Campinas,,x
LIC-LIC-01,CLARO S.A.,50409105090,10,34672011,1012383692,ROD DOM GABRIEL PAULINO BUENO COUTO,ROD. MAL RONDOM - KM 89,SP,3523909,10M0G7W,LTE,,,2140,1950,260,FB,,,760,,16.9,22,62,0,X,43,27191702519,60,-23.25747,-47.24729,G,3/22/2024,9/24/2021,,e59de5f809c785b0,6/1/2026,,,Itu,,x
LIC-LIC-01,CLARO S.A.,50409105090,10,34672011,1012399815,ROD TANCREDO DE ALMEIDA NEVES,ACESSO ESTRADA DE TERRA NA AV MANACAS  1405,SP,3525904,10M0G7W,LTE,,,2140,1950,300,FB,,,760,,16.9,22,62,0,X,40,27191702519,60,-23.24042,-46.84881,G,12/23/2024,10/1/2021,,e59de5f809c78598,6/1/2026,,,Jundiaí,,x
LIC-LIC-01,CLARO S.A.,50409105090,10,34672011,1012386080,R PROFESSORA MARIA DE LOURDES FRANÇA DA SILVEIRA,,SP,3525904,10M0G7W,LTE,,,2140,1950,290,FB,,,760,,16.9,22,62,0,X,40,27191702519,60,-23.16805,-46.91412,G,8/26/2024,9/27/2021,,e59de5f809c78592,6/1/2026,,,Jundiaí,,x
LIC-LIC-01,CLARO S.A.,50409105090,10,34672011,1012386004,R BRAGANÇA PAULISTA,,SP,3525904,10M0G7W,LTE,,,2140,1950,5,FB,,,760,,16.9,22,62,1,X,38.6,27191702519,60,-23.18696,-46.8563,G,5/2/2025,9/27/2021,,e59de5f809c7858c,6/1/2026,,,Jundiaí,,x
LIC-LIC-01,CLARO S.A.,50409105090,10,34672011,1012386098,RUA DOS PINHEIROS,,SP,3525904,10M0G7W,LTE,,,2140,1950,300,FB,,,760,,16.9,22,62,-2,X,37,27191702519,60,-23.19598,-46.91981,G,3/31/2025,9/27/2021,,e59de5f809c78574,6/1/2026,,,Jundiaí,,x
LIC-LIC-01,CLARO S.A.,50409105090,10,34672011,1011637046,R RENASCENCA,(LOTE 3 QD 21),SP,3528502,10M0G7W,LTE,,,2140,1950,290,FB,,,760,"56001603518",14.7,25,53,0,X,40,27191702519,60,-23.36945,-46.56685,G,3/22/2024,12/21/2020,,e59de5f809c78562,6/1/2026,,,Mairiporã,,
LIC-LIC-01,CLARO S.A.,50409105090,10,34672011,1012399823,R ÂNGELO RIVELI,,SP,3525904,10M0G7W,LTE,,,2140,1950,300,FB,,,760,,16.9,22,62,1,X,25,27191702519,60,-23.17765,-46.87121,G,6/18/2025,10/1/2021,,e59de5f809c7854a,6/1/2026,,,Jundiaí,,x
LIC-LIC-01,CLARO S.A.,50409105090,10,34672011,1012385997,R ORMEZINDA LOPES OLIVEIRA,,SP,3525904,10M0G7W,LTE,,,2140,1950,230,FB,,,760,,16.9,22,62,-1,X,33,27191702519,60,-23.16226,-46.90098,G,1/7/2026,9/27/2021,,e59de5f809c7853e,6/1/2026,,,Jundiaí,,x
LIC-LIC-01,CLARO S.A.,50409105090,10,34672011,1012383676,R GRAÇA ARANHA,,SP,3525904,10M0G7W,LTE,,,2140,1950,220,FB,,,760,,16.9,22,62,0,X,17,27191702519,60,-23.19056,-46.86411,G,11/27/2025,9/24/2021,,e59de5f809c78538,6/1/2026,,,Jundiaí,,x
LIC-LIC-01,CLARO S.A.,50409105090,10,34672011,1012386012,R JEQUITIBAS,EM FRENTE AO NO.361,SP,3556503,10M0G7W,LTE,,,2140,1950,235,FB,,,760,,16.9,22,62,0,X,39,27191702519,60,-23.22597,-46.80181,G,3/22/2024,9/27/2021,,e59de5f809c784d8,6/1/2026,,,Várzea Paulista,,x
LIC-LIC-01,CLARO S.A.,50409105090,10,34672011,1011714830,ROD EDGAR MAXIMO ZANGOTTO,KM 67,SP,3525201,10M0G7W,LTE,,,2140,1950,185,FB,,,760,"56001603518",14.7,25,53,0,X,36,27191702519,60,-23.14152,-46.74373,G,3/22/2024,2/23/2021,,e59de5f809c784d2,6/1/2026,,,Jarinu,,
LIC-LIC-01,CLARO S.A.,50409105090,10,48372023,1011752171,ROD SP 133 DEP JOAO HERRMANN NETO,PRÓX COSMOPLAST,SP,3512803,15M0G7W,LTE,,,2117.5,1927.5,260,FB,,,760,"56001603518",14.7,25,53,0,X,68,27191702519,60,-22.61208,-47.22896,G,3/5/2024,3/3/2021,,4a98e5f800932321,4/30/2038,,,Cosmópolis,,x
LIC-LIC-01,CLARO S.A.,50409105090,10,105752021,403013658,AV CARLOS SALLES BLOCK,,SP,3525904,40M0D7W,LTE,,,2325,0,260,FB,,,760,,16.2,28,79,-1,X,70,139000000000,50,-23.1963,-46.8917,G,11/17/2025,10/15/1999,,de33e5f8000f5966,12/8/2041,,,Jundiaí,,x
LIC-LIC-01,CLARO S.A.,50409105090,10,105752021,1001304540,AVENIDA JOAQUIM JANUS PENTEADO,,SP,3509205,20M0G7W,LTE,,,2325,2325,350,FB,,,760,,16.2,28,79,0,X,43.5,139000000000,50,-23.33575,-46.83519,G,3/6/2024,3/20/2015,,fac4e5f802664c5f,12/8/2041,,,Cajamar,,
LIC-LIC-01,CLARO S.A.,50409105090,10,34672011,1012386071,R DAVID MARCASSA LOPES,PROXIMO AO 219,SP,3508405,10M0G7W,LTE,,,2140,1950,180,FB,,,760,,16.9,22,62,0,X,37,27191702519,60,-23.25511,-47.08771,G,3/14/2024,9/27/2021,,9bc2e5f802cc7df8,6/1/2026,,,Cabreúva,,
LIC-LIC-01,CLARO S.A.,50409105090,10,34672011,1011714822,ROD DOM GABRIEL PAULINO BUENO,KM 87,SP,3508405,10M0G7W,LTE,,,2140,1950,285,FB,,,760,,16.9,22,62,0,X,70,27191702519,60,-23.25764,-47.13474,G,3/14/2024,2/23/2021,,9bc2e5f802cc7df2,6/1/2026,,,Cabreúva,,
LIC-LIC-01,CLARO S.A.,50409105090,10,34672011,1012383811,AV NOSSA SENHORA DA CONCEIÇÃO,LOTE 09 QUADRA 02,SP,3507605,10M0G7W,LTE,,,2140,1950,150,FB,,,760,,16.9,22,62,0,X,31,27191702519,60,-22.91692,-46.55188,G,3/14/2024,9/24/2021,,9bc2e5f802cc7dce,6/1/2026,,,Bragança Paulista,,
LIC-LIC-01,CLARO S.A.,50409105090,10,34672011,1012383749,R SÃO JOÃO BATISTA,,SP,3507605,10M0G7W,LTE,,,2140,1950,250,FB,,,760,,16.9,22,62,0,X,28,27191702519,60,-22.94164,-46.55387,G,3/14/2024,9/24/2021,,9bc2e5f802cc7dc8,6/1/2026,,,Bragança Paulista,,
LIC-LIC-01,CLARO S.A.,50409105090,10,34672011,1011643259,EST DO ICAVETA,,SP,3502754,10M0G7W,LTE,,,2140,1950,300,FB,,,760,,16.9,22,62,0,X,38.5,27191702519,60,-23.41815,-47.0487,G,3/14/2024,12/23/2020,,9bc2e5f802cc7db6,6/1/2026,,,Araçariguama,,
LIC-LIC-01,Telefonica Brasil S.a.,50409146447,10,97432014,1015670145,ESTRADA MUNICIPAL DO MARCO LEITE,,SP,3525904,10M0G7W,LTE,,,788,733,290,FB,,,760,"56001603518",15.4,25,68,2,X,40,57731705894,40,-23.15865,-46.8917,G,3/24/2025,2/27/2024,,b470e5f803be7d01,12/8/2029,,,Jundiaí,,x
LIC-LIC-01,CLARO S.A.,50409105090,10,46622011,1011751574,R DOS SARACURAS,,SP,3538709,10M0G7W,LTE,,,1875,1780,240,FB,,,760,"56001603518",14.3,25,65,-1,X,42,6091702519,79.43,-22.75698,-47.59772,G,2/29/2024,3/3/2021,,f64fe5f8080584e2,3/31/2028,,,Piracicaba,,x
LIC-LIC-01,Telefonica Brasil S.a.,50409146447,10,48412023,441985459,RUA MATHEUS MACCARI  S/N,,SP,3509502,10M0G7W,LTE,,,2160,1970,230,FB,,,760,"56001603518",14.36,25,69.24,2,X,33,83071803257,80,-22.886303,-47.130825,G,10/15/2024,12/15/1999,,0d4cf5f800f8e433,4/29/2038,,,Campinas,,x
LIC-LIC-01,TELEFONICA BRASIL S.A.,50409146447,10,48412023,692050620,RUA JOÃO DUQUE,,SP,3509502,10M0G7W,LTE,,,2160,1970,160,FB,,,760,"1.29E+11",13.34,25,65.71,4,X,40,83071803257,80,-22.848419,-47.024228,G,4/27/2024,1/11/2010,,0d4cf5f800f8e095,4/29/2038,,,Campinas,,x
LIC-LIC-01,TELEFONICA BRASIL S.A.,50409146447,10,105802021,1694812,RUA GIAMPAULO CHERUBINO,,SP,3526407,20M0G7W,LTE,,,2370,2370,260,FB,,,760,"1.17E+11",23.5,25,65,0,X,50,117000000000,22.38,-23.057717,-47.837008,G,4/27/2024,12/10/1999,,0d4cf5f800f693c6,12/8/2041,,,Laranjal Paulista,,
LIC-LIC-01,CLARO S.A.,50409105090,10,163412023,1009120970,R 1,,SP,3552403,10M0G7W,LTE,,,2625,2505,90,FB,,,760,,17.6,25,60,0,X,50,56351705894,40,-22.81892,-47.23409,G,2/14/2025,9/13/2019,,e5aee5f80624baef,11/6/2028,,,Sumaré,,x
LIC-LIC-01,CLARO S.A.,50409105090,10,163412023,1009010880,R DEZESSEIS,,SP,3552403,10M0G7W,LTE,,,2625,2505,220,FB,,,760,,17.6,21,51,0,X,50,56351705894,40,-22.8246,-47.1914,G,2/5/2025,8/30/2019,,e5aee5f80624bad1,11/6/2028,,,Sumaré,,x
LIC-LIC-01,CLARO S.A.,50409105090,10,163412023,1005230924,AV JOSE PADOVANI,,SP,3536505,10M0G7W,LTE,,,2625,2505,280,FB,,,760,,17.6,21,51,2,X,36,45621602519,40,-22.73625,-47.18447,G,7/14/2025,10/9/2017,,e5aee5f80624ba84,11/6/2028,,,Paulínia,,x
LIC-LIC-01,CLARO S.A.,50409105090,10,163412023,1004801294,AV DOUTOR ROBERTO MOREIRA,,SP,3536505,10M0G7W,LTE,,,2625,2505,340,FB,,,760,"9371303519",16.96,30,63.58,0,X,40,45621602519,40,-22.75802,-47.14366,G,2/22/2024,9/18/2017,,e5aee5f80624ba69,11/6/2028,,,Paulínia,,x
LIC-LIC-01,CLARO S.A.,50409105090,10,163412023,1004801324,R HERCILIA GOMES NAVARRO,,SP,3536505,10M0G7W,LTE,,,2625,2505,320,FB,,,760,"8541105344",16.85,33.74,67.81,0,X,49,45621602519,40,-22.75044,-47.17484,G,2/22/2024,9/18/2017,,e5aee5f80624ba54,11/6/2028,,,Paulínia,,x
LIC-LIC-01,CLARO S.A.,50409105090,10,163412023,692734015,RUA ANTONIA BERNARDES DE SOUZA ESQ. C/ AV CATARINA PEROZZO VEDOVELLO,,SP,3536505,10M0G7W,LTE,,,2625,2505,210,FB,,,760,"27331703519",17.05,28,65.49,-7,X,40,43341501882,40,-22.78789,-47.19095,G,3/4/2026,6/18/2015,,e5aee5f80624ba27,11/6/2028,,,Paulínia,,x
LIC-LIC-01,CLARO S.A.,50409105090,10,163412023,1006097330,R DOUTOR CARLOS DE CAMPOS,,SP,3531803,10M0G7W,LTE,,,2625,2505,310,FB,,,760,"8541105344",16.85,33.74,67.81,-1,X,40,45621602519,40,-22.94101,-47.3168,G,2/22/2024,4/20/2018,,e5aee5f80624b9f4,11/6/2028,,,Monte Mor,,x
LIC-LIC-01,CLARO S.A.,50409105090,10,163412023,442517114,R 1 DE MAIO,LOTEAMENTO PARQUE RESIDENCIAL FIGUEIRA - CAPUAVINHA,SP,3531803,10M0G7W,LTE,,,2625,2505,50,FB,,,760,"27331703519",17.05,28,65.49,0,X,40,43341501882,40,-22.95631,-47.30719,G,2/22/2024,4/10/2000,,e5aee5f80624b9df,11/6/2028,,,Monte Mor,,x
LIC-LIC-01,CLARO S.A.,50409105090,10,59592012,1000280397,AV JOHN BOYD DUNLOP,,SP,3509502,20M0G7W,LTE,,,2640,2520,80,FB,,,760,"56001603518",14.5,25,59,0,X,18,38411301882,40,-22.91173,-47.09672,G,2/22/2024,6/24/2014,,e5aee5f80624b9c7,10/18/2027,,,Campinas,,x
LIC-LIC-01,CLARO S.A.,50409105090,10,163412023,1003156123,AV EMILIO BOSCO,,SP,3552403,10M0G7W,LTE,,,2625,2505,245,FB,,,760,,17.6,21,51,-2,X,58,45621602519,40,-22.81722,-47.16944,G,2/22/2024,8/23/2016,,e5aee5f806174571,11/6/2028,,,Sumaré,,x
LIC-LIC-01,CLARO S.A.,50409105090,10,163412023,399686606,AV PRESIDENTE GETULIO VARGAS,,SP,3536505,10M0G7W,LTE,,,2625,2505,220,FB,,,760,"27331703519",17.05,28,65.49,-6,X,50,43341501882,40,-22.76885,-47.15392,G,2/22/2024,2/13/2004,,e5aee5f806174568,11/6/2028,,,Paulínia,,x
LIC-LIC-01,CLARO S.A.,50409105090,10,105752021,698561007,R CINIRA FONSECA DE OLIVEIRA,,SP,3509502,20M0G7W,LTE,,,2325,0,250,FB,,,760,,16.2,28,79,0,X,35,139000000000,50,-22.84463,-47.02533,G,2/6/2025,2/5/2013,,f64fe5f808102945,12/8/2041,,,Campinas,,x
LIC-LIC-01,CLARO S.A.,50409105090,10,105752021,399655336,R AFONSO MORENO,AO LADO DO 576,SP,3516309,20M0G7W,LTE,,,2325,0,340,FB,,,760,,16.2,28,79,-2,X,60,139000000000,50,-23.29137,-46.7485,G,2/1/2024,6/17/1999,,f64fe5f808538c01,12/8/2041,,,Francisco Morato,,
LIC-LIC-01,TELEFONICA BRASIL S.A.,50409146447,10,97432014,1000118204,RODOVIA PADRE ALDO BOLINI,KM 75 SP 63,SP,3507605,10M0G7W,LTE,,,788,733,249,FB,,,760,"56001603518",15.4,25,68,2,X,42,57731705894,40,-23.02238,-46.439747,G,5/13/2024,11/24/2014,,0f82e5f8015008ef,12/8/2029,,,Bragança Paulista,,
LIC-LIC-01,CLARO S.A.,50409105090,10,97692014,1015638721,AV JOHN BOYD DUNLOP,,SP,3509502,10M0G7W,LTE,,,798,743,350,FB,,,760,,13.4,21,68,0,X,18,83192102519,60,-22.9112,-47.0966,G,2/8/2024,2/8/2024,,57b9e5f820b53434,12/8/2029,,,Campinas,,x
LIC-LIC-01,CLARO S.A.,50409105090,10,97692014,1015638713,AV JOHN BOYD DUNLOP,,SP,3509502,10M0G7W,LTE,,,798,743,35,FB,,,760,,13.4,21,68,0,X,18,83192102519,60,-22.9112,-47.0966,G,2/8/2024,2/8/2024,,57b9e5f820b5342b,12/8/2029,,,Campinas,,x
LIC-LIC-01,TELEFONICA BRASIL S.A.,50409146447,10,166262022,688524613,RUA PIZA E ALMEIDA,CONDOMÍNIO EDIFÍCIO OFFICE TOWER,SP,3523404,10M0G7W,LTE,,,2150,1960,320,FB,,,760,"44181403519",16.4,32,57,2,X,54,80951805894,40,-23.008556,-46.8381,G,7/22/2024,7/25/2006,,292ce5f803f03963,12/22/2032,,,Itatiba,,x
LIC-LIC-01,TELEFONICA BRASIL S.A.,50409146447,10,59072012,1010265749,RUA PRIMEIRO DE MAIO,,SP,3519071,5M00G7W,LTE,,,2680,2560,290,FB,,,760,"44181403519",16.9,32,58,2,X,49,58221803257,40,-22.883819,-47.200303,G,1/31/2024,4/3/2020,,292ce5f803f03707,10/18/2027,,,Hortolândia,,x
LIC-LIC-01,TELEFONICA BRASIL S.A.,50409146447,10,166262022,687634997,RUA FRANCISCO DE CAMPOS ABREU,,SP,3509502,10M0G7W,LTE,,,2150,1960,300,FB,,,760,"56001603518",17.2,30,60,2,X,30,83071803257,40,-22.939583,-47.034628,G,7/16/2024,12/1/2005,,292ce5f803f036ce,12/22/2032,,,Campinas,,x
LIC-LIC-01,Telefonica Brasil S.a.,50409146447,10,166262022,689343256,RUA ROSA ABURAD KHOURI  LOTE 24 QUADRA I,,SP,3509502,10M0G7W,LTE,,,2150,1960,240,FB,,,760,"56001603518",14.36,25,69.24,0,X,65,83071803257,40,-22.890611,-46.977056,G,10/31/2024,6/29/2007,,292ce5f803f03596,12/22/2032,,,Campinas,,x
LIC-LIC-01,TELEFONICA BRASIL S.A.,50409146447,10,166262022,691929173,RUA CELSO DELLE DONNE,,SP,3509502,10M0G7W,LTE,,,2150,1960,250,FB,,,760,"56001603518",17.2,30,60,2,X,47,83071803257,40,-22.994494,-47.124522,G,8/22/2024,11/26/2009,,292ce5f803f034f8,12/22/2032,,,Campinas,,x
LIC-LIC-01,Telefonica Brasil S.a.,50409146447,10,166262022,1006041815,AVENIDA ANTÔNIO PIRES DE PIMENTEL,,SP,3507605,10M0G7W,LTE,,,2150,1960,350,FB,,,760,"1.29E+11",13.34,25,65.71,5,X,72,80951805894,40,-22.960917,-46.538364,G,4/7/2025,6/17/2019,,292ce5f803f034d1,12/22/2032,,,Bragança Paulista,,
LIC-LIC-01,Telefonica Brasil S.a.,50409146447,10,166262022,1012806216,AV. EUNICE CAVALCANTE DE SOUZA QUEIROZ,,SP,3525904,10M0G7W,LTE,,,2150,1960,260,FB,,,760,"1.29E+11",13.34,25,65.71,2,X,39,40952002519,60,-23.148689,-47.007539,G,3/14/2025,2/8/2022,,292ce5f803f033cf,12/22/2032,,,Jundiaí,,x
LIC-LIC-01,TELEFONICA BRASIL S.A.,50409146447,10,166262022,1012553547,RODOVIA ALKINDAR MONTEIRO JUNQUEIRA,KM 33,SP,3507605,10M0G7W,LTE,,,2150,1960,70,FB,,,760,"56001603518",12.7,22,64,0,X,9,27191702519,60,-22.981917,-46.706222,G,1/31/2024,10/28/2021,,973ce5f8001a5116,12/22/2032,,,Bragança Paulista,,
LIC-LIC-01,TELEFONICA BRASIL S.A.,50409146447,10,166262022,1012553539,RODOVIA ALKINDAR MONTEIRO JUNQUEIRA,KM 33,SP,3507605,10M0G7W,LTE,,,2150,1960,250,FB,,,760,"56001603518",15,25,63,0,X,9,27191702519,79.4,-22.980639,-46.699611,G,1/31/2024,10/28/2021,,973ce5f8001a5103,12/22/2032,,,Bragança Paulista,,
LIC-LIC-01,TELEFONICA BRASIL S.A.,50409146447,10,166262022,1012553520,RODOVIA ALKINDAR MONTEIRO JUNQUEIRA,KM 33,SP,3507605,10M0G7W,LTE,,,2150,1960,250,FB,,,760,"56001603518",15,25,63,0,X,9,27191702519,79.4,-22.978806,-46.701722,G,1/31/2024,10/28/2021,,973ce5f8001a50ed,12/22/2032,,,Bragança Paulista,,
LIC-LIC-01,TELEFONICA BRASIL S.A.,50409146447,10,166262022,1012553512,RODOVIA ALKINDAR MONTEIRO JUNQUEIRA,KM 33,SP,3507605,10M0G7W,LTE,,,2150,1960,170,FB,,,760,"56001603518",12.7,22,64,0,X,9,27191702519,60,-22.974861,-46.711778,G,1/31/2024,10/28/2021,,973ce5f8001a50d9,12/22/2032,,,Bragança Paulista,,
LIC-LIC-01,TELEFONICA BRASIL S.A.,50409146447,10,166262022,1012553504,RODOVIA ALKINDAR MONTEIRO JUNQUEIRA,KM 33,SP,3507605,10M0G7W,LTE,,,2150,1960,100,FB,,,760,"56001603518",12.7,22,64,0,X,9,27191702519,79.4,-22.977611,-46.713556,G,1/31/2024,10/28/2021,,973ce5f8001a50ce,12/22/2032,,,Bragança Paulista,,
LIC-LIC-01,TELEFONICA BRASIL S.A.,50409146447,10,166262022,1012553490,RODOVIA ALKINDAR MONTEIRO JUNQUEIRA,KM 33,SP,3507605,10M0G7W,LTE,,,2150,1960,100,FB,,,760,"56001603518",16.15,25,65,0,X,9,27191702519,60,-22.980167,-46.712,G,1/31/2024,10/28/2021,,973ce5f8001a50c0,12/22/2032,,,Bragança Paulista,,
LIC-LIC-01,TELEFONICA BRASIL S.A.,50409146447,10,166262022,1012553482,RODOVIA ALKINDAR MONTEIRO JUNQUEIRA,KM 33,SP,3507605,10M0G7W,LTE,,,2150,1960,70,FB,,,760,"56001603518",16.15,25,65,0,X,9,27191702519,60,-22.977167,-46.705056,G,1/31/2024,10/28/2021,,973ce5f8001a50ae,12/22/2032,,,Bragança Paulista,,
LIC-LIC-01,TELEFONICA BRASIL S.A.,50409146447,10,59072012,1012645301,RUA SEMPRE VIVA,,SP,3519071,5M00G7W,LTE,,,2680,2560,290,FB,,,760,"56001603518",16,25,67,2,X,49,58221803257,40,-22.889656,-47.227439,G,1/31/2024,12/6/2021,,973ce5f8001a4edf,10/18/2027,,,Hortolândia,,x
LIC-LIC-01,TELEFONICA BRASIL S.A.,50409146447,10,166262022,689356862,ESTRADA MUNICIPAL,FAZENDA SANTA MARIA,SP,3509502,10M0G7W,LTE,,,2150,1960,320,FB,,,760,"44181403519",16.4,32,57,2,X,60,83071803257,40,-22.809736,-47.011339,G,1/31/2024,6/29/2007,,9751d5f80368bbcf,12/22/2032,,,Campinas,,x
LIC-LIC-01,TELEFONICA BRASIL S.A.,50409146447,10,166262022,691505586,AVENIDA INDEPENDÊNCIA,ÁREA EXTERNA DA METSO PAPER,SP,3552205,10M0G7W,LTE,,,2150,1960,320,FB,,,760,"56001603518",16,25,67,0,X,37,83071803257,40,-23.440931,-47.416328,G,1/31/2024,6/22/2009,,9751d5f80368ba5c,12/22/2032,,,Sorocaba,,
LIC-LIC-01,TELEFONICA BRASIL S.A.,50409146447,10,59072012,691878463,RUA DOIS,,SP,3543907,15M0G7W,LTE,,,2680,2560,300,FB,,,760,"5152003257",17.5,24,59,1,X,40,58221803257,40,-22.453561,-47.575469,G,1/31/2024,11/16/2009,,9751d5f80368b9c3,10/18/2027,,,Rio Claro,,
LIC-LIC-01,TELEFONICA BRASIL S.A.,50409146447,10,59072012,690771940,RUA TANGARÁ,,SP,3520509,15M0G7W,LTE,,,2680,2560,290,FB,,,760,"24731703257",16.7,25,60,0,X,59,58221803257,40,-23.070083,-47.206194,G,1/31/2024,10/28/2008,,9751d5f80368b64a,10/18/2027,,,Indaiatuba,,x
LIC-LIC-01,TELEFONICA BRASIL S.A.,50409146447,10,59072012,689986033,RUA GIORGIO MORONI,LOTES 41/42 QUADRA 1,SP,3520509,15M0G7W,LTE,,,2680,2560,280,FB,,,760,"5152003257",17.5,24,59,2,X,50,58221803257,40,-23.120425,-47.251903,G,1/31/2024,2/11/2008,,9751d5f80368b610,10/18/2027,,,Indaiatuba,,x
LIC-LIC-01,TELEFONICA BRASIL S.A.,50409146447,10,59072012,690994117,RUA PRATA,LOTE 18 U QUADRA 5,SP,3520509,15M0G7W,LTE,,,2680,2560,310,FB,,,760,"56001603518",16,25,60,2,X,54,58221803257,40,-23.121928,-47.222389,G,1/31/2024,1/19/2009,,9751d5f80368b559,10/18/2027,,,Indaiatuba,,x
LIC-LIC-01,TELEFONICA BRASIL S.A.,50409146447,10,166262022,686753275,RUA DURVALINA TAVARES BARRETO,CONDOMÍNIO EDIFÍCIO DONA GRACIEMA,SP,3509502,10M0G7W,LTE,,,2150,1960,260,FB,,,760,"44181403519",16.4,32,57,2,X,34,83071803257,40,-22.8965,-47.093828,G,1/31/2024,5/6/2005,,0b8dd5f803ab87aa,12/22/2032,,,Campinas,,x
LIC-LIC-01,TELEFONICA BRASIL S.A.,50409146447,10,59072012,688472583,AVENIDA RIO CLARO,,SP,3526902,15M0G7W,LTE,,,2680,2560,360,FB,,,760,"38961403518",16.8,25,71.82,6,X,30,38411301882,40,-22.555136,-47.409867,G,1/31/2024,7/25/2006,,0b8dd5f803ab8626,10/18/2027,,,Limeira,,
LIC-LIC-01,TELEFONICA BRASIL S.A.,50409146447,10,59072012,687635004,AVENIDA MAJOR JOSÉ LEVY SOBRINHO,,SP,3526902,15M0G7W,LTE,,,2680,2560,360,FB,,,760,"24951005080",0,0,0,0,X,60,58221803257,40,-22.550667,-47.379667,G,1/31/2024,12/1/2005,,0b8dd5f803ab84a3,10/18/2027,,,Limeira,,
LIC-LIC-01,TELEFONICA BRASIL S.A.,50409146447,10,166262022,535811527,RUA SERRA DO UMBUZEIRO,,SP,3509502,10M0G7W,LTE,,,2150,1960,330,FB,,,760,"44181403519",16.4,32,57,2,X,30,83071803257,40,-22.914689,-47.029739,G,1/30/2024,11/10/2000,,f3d6d5f803d015f7,12/22/2032,,,Campinas,,x
LIC-LIC-01,TELEFONICA BRASIL S.A.,50409146447,10,166262022,699067910,MORRO BARROCÃO,ACESSO PELA RUA PAULO MARCHINE,SP,3551603,10M0G7W,LTE,,,2150,1960,300,FB,,,760,"5152003257",17.3,25,68,4,X,38,83071803257,40,-22.618625,-46.676614,G,1/30/2024,2/12/2014,,70d5d5f80436f5c2,12/22/2032,,,Serra Negra,,x
LIC-LIC-01,TELEFONICA BRASIL S.A.,50409146447,10,59072012,692059873,RODOVIA GOVERNADOR DOUTOR ADHEMAR PEREIRA DE BARROS,KM 175 SP 342 SÍTIO PORTÃO E CERCADINHO,SP,3530706,5M00G7W,LTE,,,2680,2560,265,FB,,,760,"5152003257",17.5,24,59,1,X,60,58221803257,40,-22.329878,-46.934628,G,3/11/2024,1/11/2010,,70d5d5f80436f4ab,10/18/2027,,,Mogi Guaçu,,
LIC-LIC-01,TELEFONICA BRASIL S.A.,50409146447,10,166262022,695469363,RUA RAUL RODRIGUES DE SIQUEIRA,,SP,3507605,10M0G7W,LTE,,,2150,1960,230,FB,,,760,"56001603518",17.5,25,65,2,X,53,83192102519,40,-22.974222,-46.550819,G,1/30/2024,6/8/2011,,70d5d5f80436f44b,12/22/2032,,,Bragança Paulista,,
LIC-LIC-01,TELEFONICA BRASIL S.A.,50409146447,10,166262022,441994555,RODOVIA FERNÃO DIAS,KM 34 BR 381,SP,3504107,10M0G7W,LTE,,,2150,1960,220,FB,,,760,"1.29E+11",15.8,32,56,2,X,54,83192102519,40,-23.074675,-46.570972,G,1/30/2024,12/15/1999,,70d5d5f80436f391,12/22/2032,,,Atibaia,,
LIC-LIC-01,TELEFONICA BRASIL S.A.,50409146447,10,166262022,441575684,RUA ANTÔNIO BERTHO,,SP,3509502,10M0G7W,LTE,,,2150,1960,280,FB,,,760,"56001603518",17.4,25,62,2,X,28,83071803257,40,-22.849778,-47.073369,G,1/30/2024,12/15/1999,,70d5d5f803a9686b,12/22/2032,,,Campinas,,x
LIC-LIC-01,TELEFONICA BRASIL S.A.,50409146447,10,59072012,441986803,ESTRADA JOSÉ BOLDRINI,IDT 020,SP,3520509,15M0G7W,LTE,,,2680,2560,210,FB,,,760,"56001603518",17.5,30,57,2,X,31,58221803257,40,-23.128375,-47.17675,G,1/30/2024,12/15/1999,,70d5d5f803a96838,10/18/2027,,,Indaiatuba,,x
LIC-LIC-01,TELEFONICA BRASIL S.A.,50409146447,10,59072012,441986773,RUA JOSÉ BERNARDINETTI,,SP,3520509,15M0G7W,LTE,,,2680,2560,350,FB,,,760,"5152003257",17.5,24,59,2,X,29,58221803257,40,-23.100775,-47.220481,G,1/30/2024,12/15/1999,,70d5d5f803a96835,10/18/2027,,,Indaiatuba,,x
LIC-LIC-01,TELEFONICA BRASIL S.A.,50409146447,10,59072012,441575862,RUA ANTÔNIO FERNANDES LEITE,,SP,3519071,15M0G7W,LTE,,,2680,2560,320,FB,,,760,"44181403519",16.9,32,58,2,X,34,58221803257,40,-22.893892,-47.176119,G,1/30/2024,12/15/1999,,70d5d5f803a96832,10/18/2027,,,Hortolândia,,x
LIC-LIC-01,TELEFONICA BRASIL S.A.,50409146447,10,48412023,441985319,RUA VASCO DA GAMA,,SP,3509502,10M0G7W,LTE,,,2160,1970,220,FB,,,760,"0",17.5,25,65,3,X,20,83071803257,40,-22.870694,-47.042683,G,1/30/2024,12/15/1999,,70d5d5f803a9682c,4/29/2038,,,Campinas,,x
LIC-LIC-01,CLARO S.A.,50409105090,10,105752021,441923933,AV SELMA PARADA,,SP,3509502,20M0G7W,LTE,,,2325,0,230,FB,,,760,"3692202519",24,25,70,0,X,29,3692202519,50,-22.8634,-47.0228,G,2/7/2024,7/3/2000,,a7dee5f80cf1bc95,12/8/2041,,,Campinas,,x
LIC-LIC-01,TELEFONICA BRASIL S.A.,50409146447,10,97432014,1015559660,AVENIDA GENTIL ROMAZINI,,SP,3530706,10M0G7W,LTE,,,788,733,220,FB,,,760,"0",15,21,70.7,2,X,39,48811903257,40,-22.259069,-47.223439,G,3/11/2024,12/20/2023,,3efbd5f808b057e7,12/8/2029,,,Mogi Guaçu,,
LIC-LIC-01,TELEFONICA BRASIL S.A.,50409146447,10,97432014,1015559562,RUA 03,CAIXA D'AGUA  LOTEAMENTO S,SP,3547007,10M0G7W,LTE,,,788,733,240,FB,,,760,"43061703257",13.8,22,66,2,X,39,48811903257,46,-22.59121,-48.19931,G,12/20/2023,12/20/2023,,3efbd5f808b0579d,12/8/2029,,,Santa Maria da Serra,,
LIC-LIC-01,CLARO S.A.,50409105090,10,25152016,1012685303,R MANOEL FELIZARDO DE SOUZA,AO LADO DO 112  (LOTE 11 - QUADRA 3),SP,3550308,15M0G7W,LTE,,,1842.5,1747.5,60,FB,,,760,"56001603518",14.3,25,65,0,X,25,6091702519,79.43,-23.41582,-46.75542,G,1/19/2024,12/21/2021,,2a97d5f803ed903a,7/27/2031,,,São Paulo,,
LIC-LIC-01,CLARO S.A.,50409105090,10,97692014,1015590591,EST DA GLÓRIA,,SP,3523909,10M0G7W,LTE,,,798,743,60,FB,,,760,,13.5,24,73,-2,X,49,83192102519,60,-23.26425,-47.39102,G,6/26/2024,1/11/2024,,3e52d5f80db7967e,12/8/2029,,,Itu,,x
LIC-LIC-01,CLARO S.A.,50409105090,10,97692014,684819791,ROD DOM GABRIEL PAULINO BUENO COUTO,,SP,3525904,10M0G7W,LTE,,,798,743,350,FB,,,760,"56001603518",14.2,25,69,0,X,59,57731705894,80,-23.19646,-46.99612,G,1/10/2024,12/15/2004,,2a97d5f80377f967,12/8/2029,,,Jundiaí,,x
LIC-LIC-01,CLARO S.A.,50409105090,10,97692014,692568549,ROD ANHANGUERA-KM 65,KM 65 +600 METROS,SP,3525904,10M0G7W,LTE,,,798,743,50,FB,,,760,,13.3,25,60,-2,X,61,57731705894,80,-23.1399,-46.94134,G,12/17/2025,7/20/2010,,2a97d5f80377f93c,12/8/2029,,,Jundiaí,,x
LIC-LIC-01,CLARO S.A.,50409105090,10,105752021,692548440,R EMILIA MAGRI,LOTE 2 QUADRA E - LOTEAMENTO BOSUE DO SOL,SP,3509205,20M0G7W,LTE,,,2325,0,90,FB,,,760,,16.2,28,79,1,X,51.7,139000000000,50,-23.41495,-46.85503,G,5/2/2025,7/12/2010,,3e52d5f80daece85,12/8/2041,,,Cajamar,,
LIC-LIC-01,CLARO S.A.,50409105090,10,159372023,683919334,R DOUTOR RAUL DAVID DO VALLE,,SP,3520509,10M0G7W,LTE,,,2625,2505,240,FB,,,760,,17.6,21,51,-1,X,51,56351705894,40,-23.11551,-47.24269,G,1/3/2024,1/15/2004,,a166d5f802e6a0a6,3/31/2028,,,Indaiatuba,,x
LIC-LIC-01,TELEFONICA BRASIL S.A.,50409146447,10,166262022,1000587760,AVENIDA PRINCESA D'OESTE,RBR-NÃO,SP,3509502,10M0G7W,LTE,,,2150,1960,120,FB,,,760,"44181403519",16.4,32,57,2,X,4,48811903257,40,-22.909417,-47.04525,G,1/3/2024,7/29/2016,,ff2ad5f8047d151e,12/22/2032,,,Campinas,,x
LIC-LIC-01,CLARO S.A.,50409105090,10,59592012,442156677,AV IGUATEMI,SHOPPING IGUATEMI CAMPINAS,SP,3509502,20M0G7W,LTE,,,2640,2520,30,FB,,,760,"56001603518",14.5,25,59,-4,X,28,45621602519,40,-22.8919,-47.0273,G,1/3/2024,1/28/2000,,ff2ad5f80397da32,3/31/2028,,,Campinas,,x
LIC-LIC-01,TELEFONICA BRASIL S.A.,50409146447,10,97432014,1014316364,RUA TRINTA,RBR-NÃO,SP,3543907,10M0G7W,LTE,,,788,733,180,FB,,,760,"56001603518",13.5,25,63,2,X,40,48811903257,40,-22.406683,-47.584708,G,1/3/2024,10/6/2022,,d565d5f80391210a,12/8/2029,,,Rio Claro,,
LIC-LIC-01,TELEFONICA BRASIL S.A.,50409146447,10,97432014,441554474,AVENIDA QUARENTA E SEIS,RBR-NÃO,SP,3543907,10M0G7W,LTE,,,788,733,285,FB,,,760,"0",13.8,22,70,2,X,40,58221803257,40,-22.392408,-47.574025,G,1/3/2024,12/15/1999,,d565d5f803912072,12/8/2029,,,Rio Claro,,
LIC-LIC-01,CLARO S.A.,50409105090,10,34672011,399687769,R EDELCIO CAVALCANTE,,SP,3533403,10M0G7W,LTE,,,2140,1950,330,FB,,,760,"8541105344",16.97,34.65,71.05,0,X,36.5,8041101882,61.52,-22.76461,-47.2475,G,12/28/2023,2/13/2004,,3efbd5f8089d7328,3/31/2028,,,Nova Odessa,,x
LIC-LIC-01,CLARO S.A.,50409105090,10,34672011,1003156077,RUA CAETES,COND. VILLAGE DAS AMÉRICAS,SP,3501608,10M0G7W,LTE,,,2140,1950,200,FB,,,760,,16.9,22,62,0,X,41,39201301882,60,-22.75749,-47.3255,G,3/27/2025,8/23/2016,,3efbd5f8089d72ae,6/1/2026,,,Americana,,x
LIC-LIC-01,CLARO S.A.,50409105090,10,34672011,690603401,R ALBERTO RIBEIRO,,SP,3501608,10M0G7W,LTE,,,2140,1950,330,FB,,,760,,17.2,25,65,1,X,41,27191702519,60,-22.71896,-47.31585,G,5/13/2025,12/18/2008,,3efbd5f8089d7293,6/1/2026,,,Americana,,x
LIC-LIC-01,CLARO S.A.,50409105090,10,159372023,697701417,AVENIDA ARY BARNABE,,SP,3520509,10M0G7W,LTE,,,2625,2505,240,FB,,,760,,17.6,21,51,0,X,37.5,56351705894,40,-23.06516,-47.23282,G,5/27/2025,9/13/2012,,3caad5f802257494,11/6/2028,,,Indaiatuba,,x
LIC-LIC-01,CLARO S.A.,50409105090,10,159372023,695953877,ROD ENGENHEIRO ERMENIO DE OLIVEIRA PENTEADO,,SP,3520509,10M0G7W,LTE,,,2625,2505,240,FB,,,760,"27331703519",17.05,28,65.49,0,X,50,56351705894,40,-23.1037,-47.19878,G,5/27/2025,9/5/2011,,3caad5f80225745e,11/6/2028,,,Indaiatuba,,x
LIC-LIC-01,CLARO S.A.,50409105090,10,159372023,691305544,RUA ANTONIO ZOPPI,EDIFÍCIO CONDOMÍNIO RAQUEL,SP,3520509,10M0G7W,LTE,,,2625,2505,280,FB,,,760,,17.6,21,51,0,X,45.5,45621602519,40,-23.08985,-47.22339,G,1/23/2025,4/8/2009,,3caad5f80225743d,11/6/2028,,,Indaiatuba,,x
LIC-LIC-01,CLARO S.A.,50409105090,10,159372023,687314666,R DOM PEDRO I,,SP,3520509,10M0G7W,LTE,,,2625,2505,90,FB,,,760,"27331703519",17.05,28,65.49,-2,X,51,56351705894,40,-23.08332,-47.20102,G,2/14/2025,8/18/2005,,3caad5f802257422,11/6/2028,,,Indaiatuba,,x
LIC-LIC-01,CLARO S.A.,50409105090,10,159372023,683919318,R PARAGUAI,,SP,3520509,10M0G7W,LTE,,,2625,2505,70,FB,,,760,"27331703519",17.05,28,65.49,4,X,43,56351705894,40,-23.09125,-47.19492,G,6/25/2025,1/15/2004,,3caad5f8022573ff,11/6/2028,,,Indaiatuba,,x
LIC-LIC-01,CLARO S.A.,50409105090,10,159372023,442517157,R OURO,,SP,3520509,10M0G7W,LTE,,,2625,2505,330,FB,,,760,"27331703519",17.05,28,65.49,0,X,41,56351705894,40,-23.11944,-47.22056,G,9/16/2024,7/3/2000,,3caad5f8022573d2,11/6/2028,,,Indaiatuba,,x
LIC-LIC-01,CLARO S.A.,50409105090,10,159372023,399686142,R COMENDADOR ANTONIO NAGIB IBRAHIM,HOTEL PASSALEDO,SP,3520509,10M0G7W,LTE,,,2625,2505,40,FB,,,760,"27331703519",17.05,28,65.49,-1,X,36,56351705894,40,-23.10058,-47.21729,G,1/23/2025,2/13/2004,,3caad5f8022573b1,11/6/2028,,,Indaiatuba,,x
LIC-LIC-01,CLARO S.A.,50409105090,10,159372023,1009514390,R JOAQUIM PEDROSO ALVARENGA,,SP,3520509,10M0G7W,LTE,,,2625,2505,210,FB,,,760,,17.6,21,51,0,X,50,56351705894,40,-23.10726,-47.18341,G,5/28/2025,11/12/2019,,3caad5f802257393,11/6/2028,,,Indaiatuba,,x
LIC-LIC-01,CLARO S.A.,50409105090,10,159372023,1007334140,R CANELINHA,,SP,3520509,10M0G7W,LTE,,,2625,2505,70,FB,,,760,,17.6,21,51,0,X,34,56351705894,40,-23.05092,-47.17061,G,6/25/2025,10/22/2018,,3caad5f802257378,11/6/2028,,,Indaiatuba,,x
LIC-LIC-01,CLARO S.A.,50409105090,10,159372023,1006796336,AV MANOEL RUZ PERES,,SP,3520509,10M0G7W,LTE,,,2625,2505,90,FB,,,760,,17.6,21,51,1,X,51,56351705894,40,-23.10458,-47.27311,G,6/25/2025,5/29/2018,,3caad5f802257366,11/6/2028,,,Indaiatuba,,x
LIC-LIC-01,CLARO S.A.,50409105090,10,159372023,1005779926,R FRANCISCO ANSELMO SCACHETTI,,SP,3520509,10M0G7W,LTE,,,2625,2505,60,FB,,,760,"27331703519",17.05,28,65.49,0,X,40,56351705894,40,-23.02805,-47.24614,G,12/8/2023,2/27/2018,,3caad5f80225734b,11/6/2028,,,Indaiatuba,,x
LIC-LIC-01,CLARO S.A.,50409105090,10,159372023,426567757,R ABRANTES,LOTE 6 QUADRA U,SP,3556206,10M0G7W,LTE,,,2625,2505,80,FB,,,760,,17.6,25,60,6,X,17,56351705894,40,-22.9215,-46.97278,G,7/14/2025,7/3/2000,,a166d5f803a4ef25,11/6/2028,,,Valinhos,,
LIC-LIC-01,CLARO S.A.,50409105090,10,159372023,1002198221,R PAIQUERE,SHOPPING VALINHOS,SP,3556206,10M0G7W,LTE,,,2625,2505,0,FB,,,168,,4,0,360,0,V,5,56351705894,40,-22.98138,-47.01224,G,12/8/2023,11/23/2015,,a166d5f802dd08a9,3/31/2028,,,Valinhos,,
LIC-LIC-01,CLARO S.A.,50409105090,10,159372023,1006427616,R DAS CHACARAS,,SP,3556206,10M0G7W,LTE,,,2625,2505,80,FB,,,760,"27331703519",17.05,28,65.49,2,X,42,56351705894,40,-22.99747,-47.0248,G,7/24/2025,4/30/2018,,a166d5f802dd0893,11/6/2028,,,Valinhos,,
LIC-LIC-01,CLARO S.A.,50409105090,10,159372023,1002196202,R SEBASTIAO VIEIRA DE ANDRADE,,SP,3556206,10M0G7W,LTE,,,2625,2505,250,FB,,,760,,17.6,21,51,2,X,47,56351705894,40,-23.00835,-47.0148,G,7/22/2025,10/27/2015,,a166d5f802dd085a,11/6/2028,,,Valinhos,,
LIC-LIC-01,CLARO S.A.,50409105090,10,159372023,683919326,R DAS GARDENIAS,,SP,3556206,10M0G7W,LTE,,,2625,2505,95,FB,,,760,"27331703519",17.05,28,65.49,4,X,37.5,56351705894,40,-22.95166,-46.98117,G,7/29/2025,1/15/2004,,a166d5f802dd0836,11/6/2028,,,Valinhos,,
LIC-LIC-01,CLARO S.A.,50409105090,10,159372023,403013283,ROD MUNICIPAL VINHEDO BANDEIRANTES,CONTINUAÇÃO AV INDUSTRIA,SP,3556701,10M0G7W,LTE,,,2625,2505,70,FB,,,760,"27331703519",17.05,28,65.49,-4,X,60,56351705894,40,-23.0803,-47.0144,G,12/8/2023,5/14/2003,,a166d5f802dd0806,3/31/2028,,,Vinhedo,,x
LIC-LIC-01,CLARO S.A.,50409105090,10,159372023,1000825458,R GIUSEPPE URSO,,SP,3556701,10M0G7W,LTE,,,2625,2505,320,FB,,,760,"8541105344",16.85,33.74,67.81,-2,X,43,43341501882,40,-23.03241,-46.92038,G,12/8/2023,12/1/2014,,a166d5f802dd07d5,3/31/2028,,,Vinhedo,,x
LIC-LIC-01,CLARO S.A.,50409105090,10,159372023,698126734,R LUCIA COSMO VARGAS,COLINAS DE SAN DIEGO,SP,3556701,10M0G7W,LTE,,,2625,2505,240,FB,,,760,"27331703519",17.05,28,65.49,-3,X,31,43341501882,40,-23.06021,-46.97026,G,12/8/2023,11/16/2012,,a166d5f802dd07be,3/31/2028,,,Vinhedo,,x
LIC-LIC-01,CLARO S.A.,50409105090,10,159372023,1005864052,R FRANCISCO JOSE NASCIBEN,,SP,3537107,10M0G7W,LTE,,,2625,2505,340,FB,,,760,"8541105344",16.85,33.74,67.81,-1,X,50,56351705894,40,-22.71153,-46.89372,G,12/8/2023,3/26/2018,,a166d5f802dd06bc,3/31/2028,,,Pedreira,,x
LIC-LIC-01,CLARO S.A.,50409105090,10,159372023,1006990973,R JORGE BELLIX,,SP,3537107,10M0G7W,LTE,,,2625,2505,90,FB,,,760,"8541105344",16.85,33.74,67.81,-2,X,40,56351705894,40,-22.74043,-46.88103,G,12/8/2023,7/17/2018,,a166d5f802dd06aa,3/31/2028,,,Pedreira,,x
LIC-LIC-01,CLARO S.A.,50409105090,10,159372023,1005501820,R JOAQUIM MARTINS BARROSO,,SP,3537107,10M0G7W,LTE,,,2625,2505,280,FB,,,760,"8541105344",16.85,33.74,67.81,0,X,40,56351705894,40,-22.75231,-46.88053,G,12/8/2023,12/26/2017,,a166d5f802dd0698,3/31/2028,,,Pedreira,,x
LIC-LIC-01,CLARO S.A.,50409105090,10,159372023,687213770,ROD ENGENHEIRO JOAO TOSELLO,FAZENDA HARAS CALUNGA,SP,3530805,10M0G7W,LTE,,,2625,2505,50,FB,,,760,"8541105344",16.85,33.74,67.81,0,X,60,45621602519,40,-22.45668,-46.88191,G,12/8/2023,6/28/2005,,a166d5f802dd068b,3/31/2028,,,Mogi Mirim,,
LIC-LIC-01,CLARO S.A.,50409105090,10,159372023,665770006,ROD LUIZ GONZAGA DE AMOEDO CAMPOS,,SP,3530805,10M0G7W,LTE,,,2625,2505,95,FB,,,760,"27331703519",17.05,28,65.49,0,X,64,45621602519,40,-22.38591,-46.90294,G,12/8/2023,6/13/2002,,a166d5f802dd0676,3/31/2028,,,Mogi Mirim,,
LIC-LIC-01,CLARO S.A.,50409105090,10,159372023,1007554719,ROD LUIZ GONZAGA DE AMOEDO CAMPOS,,SP,3530805,10M0G7W,LTE,,,2625,2505,90,FB,,,760,"8541105344",16.85,33.74,67.81,0,X,60,56351705894,40,-22.38591,-46.90294,G,12/8/2023,11/1/2018,,a166d5f802dd0661,3/31/2028,,,Mogi Mirim,,
LIC-LIC-01,CLARO S.A.,50409105090,10,159372023,1004779442,ROD GOVERNADOR DR .ADHEMAR PEREIRA DE BARROS,,SP,3530805,10M0G7W,LTE,,,2625,2505,80,FB,,,760,"8541105344",16.85,33.74,67.81,0,X,58,45621602519,40,-22.49167,-46.98128,G,12/8/2023,9/18/2017,,a166d5f802dd0649,3/31/2028,,,Mogi Mirim,,
LIC-LIC-01,CLARO S.A.,50409105090,10,159372023,1005688076,R ANTONIO MOI,CHACÁRA BIANCHI,SP,3530805,10M0G7W,LTE,,,2625,2505,40,FB,,,760,"9371303519",16.96,30,63.58,0,X,50,45621602519,40,-22.41304,-46.95833,G,12/8/2023,1/17/2018,,a166d5f802dd0637,3/31/2028,,,Mogi Mirim,,
LIC-LIC-01,CLARO S.A.,50409105090,10,159372023,1004779434,AV JOAO PINTO,,SP,3530805,10M0G7W,LTE,,,2625,2505,350,FB,,,760,"8541105344",16.85,33.74,67.81,-2,X,47,45621602519,40,-22.45729,-46.96191,G,12/8/2023,9/18/2017,,a166d5f802dd0625,3/31/2028,,,Mogi Mirim,,
LIC-LIC-01,CLARO S.A.,50409105090,10,159372023,1007836692,ROD MONSENHOR CLODOALDO DE PAIVA,,SP,3530805,10M0G7W,LTE,,,2625,2505,300,FB,,,760,"8541105344",16.85,33.74,67.81,0,X,50,56351705894,40,-22.44638,-46.98418,G,12/8/2023,12/20/2018,,a166d5f802dd0613,3/31/2028,,,Mogi Mirim,,
LIC-LIC-01,CLARO S.A.,50409105090,10,159372023,1005410183,ROD ELZIO MARIOTONI,,SP,3530805,10M0G7W,LTE,,,2625,2505,270,FB,,,760,"27331703519",17.05,28,65.49,-2,X,40,56351705894,40,-22.43069,-46.93354,G,12/8/2023,12/12/2017,,a166d5f802dd0601,3/31/2028,,,Mogi Mirim,,
LIC-LIC-01,CLARO S.A.,50409105090,10,159372023,686189485,EST MONTERREY,,SP,3527306,10M0G7W,LTE,,,2625,2505,230,FB,,,760,"8541105344",16.85,33.74,67.81,0,X,60,45621602519,40,-23.07344,-46.90324,G,12/8/2023,3/23/2005,,a166d5f802dd05d7,3/31/2028,,,Louveira,,x
LIC-LIC-01,CLARO S.A.,50409105090,10,159372023,692358625,AV MANOEL RUZ PERES,,SP,3520509,10M0G7W,LTE,,,2625,2505,350,FB,,,760,"27331703519",17.05,28,65.49,0,X,40.5,56351705894,40,-23.10645,-47.23439,G,2/5/2025,5/11/2010,,a166d5f802dd05b4,11/6/2028,,,Indaiatuba,,x
LIC-LIC-01,CLARO S.A.,50409105090,10,34672011,1011756770,RODOVIA PREFEITOS AZIZ LIAN,,SP,3548005,10M0G7W,LTE,,,2140,1950,245,FB,,,760,"56001603518",14.7,25,53,0,X,70,27191702519,60,-22.60543,-46.96227,G,12/21/2023,3/3/2021,,3efbd5f80d01fc19,4/30/2038,,,Santo Antônio de Posse,,
LIC-LIC-01,CLARO S.A.,50409105090,10,34672011,1011794095,R EVARISTO OLIVATTO FILHO,,SP,3526902,10M0G7W,LTE,,,2140,1950,220,FB,,,760,"56001603518",14.7,25,53,0,X,60,27191702519,60,-22.5654,-47.44019,G,12/21/2023,3/5/2021,,3efbd5f80d01fc0d,4/30/2038,,,Limeira,,
LIC-LIC-01,CLARO S.A.,50409105090,10,34672011,1011794893,R JOSE VEDOVATTO,,SP,3552403,10M0G7W,LTE,,,2140,1950,95,FB,,,760,"56001603518",14.7,25,53,0,X,19,27191702519,60,-22.84805,-47.19116,G,3/12/2024,3/5/2021,,3efbd5f8088232e4,6/1/2026,,,Sumaré,,x
LIC-LIC-01,CLARO S.A.,50409105090,10,34672011,1011793684,AV SALDANHA MARINHO,HOTEL ROYAL PARK,SP,3538709,10M0G7W,LTE,,,2140,1950,60,FB,,,760,"56001603518",14.7,25,53,-1,X,39,27191702519,60,-22.71742,-47.64703,G,3/13/2024,3/5/2021,,3efbd5f80882329c,6/1/2026,,,Piracicaba,,x
LIC-LIC-01,CLARO S.A.,50409105090,10,34672011,1011752163,ROD ENGENHEIRO ERMENIO DE OLIVEIRA PENTEADO,GLEBA 2-F,SP,3520509,10M0G7W,LTE,,,2140,1950,30,FB,,,760,"56001603518",14.7,25,53,0,X,55,27191702519,60,-23.06639,-47.15633,G,12/20/2023,3/3/2021,,3efbd5f808823253,3/31/2028,,,Indaiatuba,,x
LIC-LIC-01,CLARO S.A.,50409105090,10,59592012,1015524114,R JUVENAL DE CAMPOS,,SP,3554003,20M0G7W,LTE,,,2640,2520,330,FB,,,760,"27331703519",17.05,28,65.49,-2,X,40,43341501882,40,-23.35942,-47.86206,G,12/5/2023,12/5/2023,,ff2ad5f803ce591b,3/31/2028,,,Tatuí,,
LIC-LIC-01,CLARO S.A.,50409105090,10,59592012,1015524106,AVENIDA B,,SP,3543907,20M0G7W,LTE,,,2640,2520,230,FB,,,760,,17.6,21,51,-2,X,40,43341501882,40,-22.43047,-47.57593,G,9/19/2025,12/5/2023,,ff2ad5f803ce5901,10/18/2027,,,Rio Claro,,
LIC-LIC-01,CLARO S.A.,50409105090,10,159372023,442517360,R ALCIDES TOLEDO,,SP,3530706,10M0G7W,LTE,,,2625,2505,60,FB,,,760,"27331703519",17.05,28,65.49,0,X,47.5,56351705894,40,-22.39054,-46.94229,G,8/5/2025,8/16/2000,,1a74d5f802db3090,11/6/2028,,,Mogi Guaçu,,
LIC-LIC-01,CLARO S.A.,50409105090,10,159372023,690969015,EST MUNICIPAL PEDRINA GUILHERME,,SP,3519071,10M0G7W,LTE,,,2625,2505,210,FB,,,760,,17.6,25,60,4,X,57,56351705894,40,-22.87758,-47.24888,G,5/27/2025,5/20/2021,,1a74d5f802db3072,11/6/2028,,,Hortolândia,,x
LIC-LIC-01,CLARO S.A.,50409105090,10,159372023,426596030,R OURO PRETO,,SP,3519071,10M0G7W,LTE,,,2625,2505,320,FB,,,760,"27331703519",17.05,28,65.49,0,X,41,43341501882,40,-22.89196,-47.19228,G,7/14/2025,12/10/1999,,1a74d5f802db304e,11/6/2028,,,Hortolândia,,x
LIC-LIC-01,CLARO S.A.,50409105090,10,159372023,1002464398,R ROMUALDO FERREIRA DA SILVA,,SP,3519071,10M0G7W,LTE,,,2625,2505,230,FB,,,760,,17.6,21,51,0,X,42,56351705894,40,-22.89727,-47.22849,G,12/11/2025,1/12/2016,,1a74d5f802db300f,11/6/2028,,,Hortolândia,,x
LIC-LIC-01,CLARO S.A.,50409105090,10,159372023,1005863986,AVENIDA RIO PARANAPANEMA,,SP,3519071,10M0G7W,LTE,,,2625,2505,270,FB,,,760,,17.6,21,51,-1,X,50,56351705894,40,-22.84292,-47.22166,G,3/21/2025,3/26/2018,,1a74d5f802db2fee,11/6/2028,,,Hortolândia,,x
LIC-LIC-01,CLARO S.A.,50409105090,10,159372023,1005921986,R ZULMIRA DE FREITAS COSTA,,SP,3530706,10M0G7W,LTE,,,2625,2505,260,FB,,,760,"27331703519",17.05,28,65.49,0,X,44,56351705894,40,-22.28562,-47.12824,G,12/6/2023,3/16/2018,,1a74d5f802db2fd9,3/31/2028,,,Mogi Guaçu,,
LIC-LIC-01,CLARO S.A.,50409105090,10,159372023,1003063729,R BENEDITO PEREIRA,,SP,3530706,10M0G7W,LTE,,,2625,2505,350,FB,,,760,"8541105344",16.85,33.74,67.81,-2,X,47,24251201882,30,-22.36272,-46.91015,G,12/6/2023,8/1/2016,,1a74d5f802db2faf,3/31/2028,,,Mogi Guaçu,,
LIC-LIC-01,CLARO S.A.,50409105090,10,159372023,1007136356,R VER JOÃO BATISTA DA SILVA,,SP,3530706,10M0G7W,LTE,,,2625,2505,300,FB,,,760,,17.6,21,51,3,X,62,56351705894,40,-22.38549,-46.95929,G,7/24/2025,9/3/2018,,1a74d5f802db2f8b,11/6/2028,,,Mogi Guaçu,,
LIC-LIC-01,CLARO S.A.,50409105090,10,159372023,695584952,R JOAO BATISTA FRANCO,,SP,3530706,10M0G7W,LTE,,,2625,2505,270,FB,,,760,,17.6,21,51,0,X,40,56351705894,40,-22.32675,-46.93142,G,8/5/2025,6/14/2011,,1a74d5f802db2f70,11/6/2028,,,Mogi Guaçu,,
LIC-LIC-01,CLARO S.A.,50409105090,10,159372023,1011758390,R JORGE ANTONIO CURY,,SP,3524709,10M0G7W,LTE,,,2625,2505,40,FB,,,760,"56001603518",14.5,25,59,0,X,56.4,56351705894,40,-22.71651,-46.97447,G,12/6/2023,2/25/2021,,1a74d5f802db2f55,3/31/2028,,,Jaguariúna,,x
LIC-LIC-01,CLARO S.A.,50409105090,10,159372023,1012046084,ROD GOV DR ADHEMAR PEREIRA DE BARROS,,SP,3524709,10M0G7W,LTE,,,2625,2505,290,FB,,,760,"27331703519",17.05,28,65.49,0,X,60,56351705894,40,-22.72557,-47.01467,G,12/6/2023,6/21/2021,,1a74d5f802db2f40,3/31/2028,,,Jaguariúna,,x
LIC-LIC-01,CLARO S.A.,50409105090,10,159372023,1007676091,ROD GOV DR ADHEMAR PEREIRA DE BARROS,EM FRENTE A PLÁSTICOS NOVEL,SP,3524709,10M0G7W,LTE,,,2625,2505,260,FB,,,760,"8541105344",16.85,33.74,67.81,0,X,44,56351705894,40,-22.67717,-47.0055,G,12/6/2023,11/28/2018,,1a74d5f802db2f1f,3/31/2028,,,Jaguariúna,,x
LIC-LIC-01,CLARO S.A.,50409105090,10,159372023,1004064508,AV JOAO BATISTA DE OLIVEIRA CASTRO,,SP,3524709,10M0G7W,LTE,,,2625,2505,280,FB,,,760,"8541105344",16.85,33.74,67.81,-2,X,42,45621602519,40,-22.70544,-46.95751,G,12/6/2023,5/12/2017,,1a74d5f802db2f04,3/31/2028,,,Jaguariúna,,x
LIC-LIC-01,CLARO S.A.,50409105090,10,159372023,1004947299,RUA GOIABEIRA,,SP,3524709,10M0G7W,LTE,,,2625,2505,210,FB,,,760,,17.4,20,62,-3,X,45,45621602519,40,-22.69475,-47.01436,G,9/19/2025,10/30/2017,,1a74d5f802db2ef2,11/6/2028,,,Jaguariúna,,x
LIC-LIC-01,CLARO S.A.,50409105090,10,159372023,534844685,ROD GOV DR. ADHEMAR PEREIRA DE BARROS,,SP,3524709,10M0G7W,LTE,,,2625,2505,180,FB,,,760,"63361803518",17.9,25,59,-3,X,60,56351705894,40,-22.63555,-47.00253,G,12/6/2023,5/2/2001,,1a74d5f802db2ee1,3/31/2028,,,Jaguariúna,,x
LIC-LIC-01,CLARO S.A.,50409105090,10,159372023,684936160,EST DO CAMPO GRANDE,CHAC AMIGO,SP,3519071,10M0G7W,LTE,,,2625,2505,310,FB,,,760,"27331703519",17.05,28,65.49,-3,X,70,43341501882,40,-22.91106,-47.19549,G,2/14/2025,12/9/2004,,1a74d5f802db2ecd,11/6/2028,,,Hortolândia,,x
LIC-LIC-01,CLARO S.A.,50409105090,10,159372023,1005779381,R ANTENOR AVELINO DOS SANTOS,,SP,3519071,10M0G7W,LTE,,,2625,2505,50,FB,,,760,"27331703519",17.05,28,65.49,-1,X,40,56351705894,40,-22.88566,-47.22224,G,3/12/2024,2/27/2018,,1a74d5f802db2e94,11/6/2028,,,Hortolândia,,x
LIC-LIC-01,CLARO S.A.,50409105090,10,159372023,1005779390,AV SAO FRANCISCO DE ASSIS,,SP,3519071,10M0G7W,LTE,,,2625,2505,340,FB,,,760,,17.6,21,51,-1,X,45.5,56351705894,40,-22.8552,-47.22013,G,1/23/2025,2/27/2018,,1a74d5f802db2e7c,11/6/2028,,,Hortolândia,,x
LIC-LIC-01,CLARO S.A.,50409105090,10,159372023,1007269976,EST MUN ANTONIO NAZARENO GOMES,PROX. AO RANCHO COWNTRY WS,SP,3519071,10M0G7W,LTE,,,2625,2505,230,FB,,,760,,17.6,21,51,1,X,37,56351705894,40,-22.87497,-47.17083,G,8/11/2025,9/26/2018,,1a74d5f802db2e61,11/6/2028,,,Hortolândia,,x
LIC-LIC-01,CLARO S.A.,50409105090,10,159372023,1003041253,R JOSE PAULINO DA SILVA,ESQ R. VERGILIO POMPEU DE CAMARGO,SP,3519071,10M0G7W,LTE,,,2625,2505,70,FB,,,760,,17.6,21,51,2,X,40,56351705894,40,-22.8942,-47.17336,G,5/22/2025,8/1/2016,,1a74d5f802db2e4f,11/6/2028,,,Hortolândia,,x
LIC-LIC-01,CLARO S.A.,50409105090,10,159372023,696582120,AV JOAQUIM MARTAROLLI,,SP,3519071,10M0G7W,LTE,,,2625,2505,220,FB,,,760,,17.6,21,51,1,X,40,45621602519,40,-22.87143,-47.21896,G,7/14/2025,3/13/2012,,1a74d5f802db2e34,11/6/2028,,,Hortolândia,,x
LIC-LIC-01,CLARO S.A.,50409105090,10,159372023,692212736,RUA OROZIMBO FERNANDES DA SILVA,AO LADO DO Nº 19,SP,3519071,10M0G7W,LTE,,,2625,2505,300,FB,,,760,"27331703519",17.05,28,65.49,-1,X,41,56351705894,40,-22.84986,-47.20347,G,1/2/2025,3/11/2010,,1a74d5f802db2e10,11/6/2028,,,Hortolândia,,x
LIC-LIC-01,CLARO S.A.,50409105090,10,159372023,1012065461,R NOEL ROSA,,SP,3519071,10M0G7W,LTE,,,2625,2505,230,FB,,,760,,17.6,21,51,-1,X,50,43341501882,40,-22.90769,-47.21247,G,12/6/2023,6/28/2021,,1a74d5f802531c70,11/6/2028,,,Hortolândia,,x
LIC-LIC-01,CLARO S.A.,50409105090,10,159372023,1005501847,R TANGARA,,SP,3520509,10M0G7W,LTE,,,2625,2505,245,FB,,,760,"56001603518",14.5,25,59,-4,X,46,56351705894,40,-23.0703,-47.2063,G,12/6/2023,12/1/2021,,1a74d5f802531c6d,11/6/2028,,,Indaiatuba,,x
LIC-LIC-01,CLARO S.A.,50409105090,10,159372023,690830840,R SERAPHIN GILBERTO CANDELLO,,SP,3520509,10M0G7W,LTE,,,2625,2505,220,FB,,,760,"27331703519",17.05,28,65.49,-4,X,41.7,56351705894,40,-23.12867,-47.24114,G,12/6/2023,11/5/2008,,1a74d5f802531c6a,11/6/2028,,,Indaiatuba,,x
LIC-LIC-01,CLARO S.A.,50409105090,10,159372023,1005759933,R VALDIR ROBERTO DE CAMARGO,JKM TRANSPORTES,SP,3520509,10M0G7W,LTE,,,2625,2505,240,FB,,,760,,17.6,21,51,-5,X,49.5,56351705894,40,-23.12586,-47.22481,G,12/6/2023,2/24/2018,,1a74d5f802531c67,11/6/2028,,,Indaiatuba,,x
LIC-LIC-01,CLARO S.A.,50409105090,10,159372023,698452321,R BARÃO DE MAUÁ,,SP,3556206,10M0G7W,LTE,,,2625,2505,210,FB,,,760,,17.6,21,51,0,X,30,56351705894,40,-22.97455,-46.99476,G,12/6/2023,3/1/2013,,1a74d5f802531c64,11/6/2028,,,Valinhos,,
LIC-LIC-01,CLARO S.A.,50409105090,10,159372023,422428230,R Gervásio José Marchiori,RESERVATÓRIO ELEVADO R5 - ESQUINA COM A RUA JOSÉ RICOTA - CAIXA D'AGUA - DAE,SP,3556206,10M0G7W,LTE,,,2625,2505,220,FB,,,760,"8541105344",16.85,33.74,67.81,-4,X,44,56351705894,40,-22.97139,-47.00403,G,12/6/2023,6/17/1999,,1a74d5f802531c61,11/6/2028,,,Valinhos,,
LIC-LIC-01,CLARO S.A.,50409105090,10,159372023,399686118,R 13 DE MAIO,,SP,3520509,10M0G7W,LTE,,,2625,2505,230,FB,,,760,,17.6,25,60,-3,X,31,56351705894,40,-23.08755,-47.21298,G,12/6/2023,6/17/1999,,1a74d5f802531c5e,11/6/2028,,,Indaiatuba,,x
LIC-LIC-01,CLARO S.A.,50409105090,10,159372023,1003063796,ROD SP 340 DEP MARIO BENI,LOTE 42,SP,3530706,10M0G7W,LTE,,,2625,2505,170,FB,,,760,,17.6,21,51,0,X,49,43341501882,40,-22.33971,-46.9585,G,12/6/2023,8/1/2016,,1a74d5f802531c5b,11/6/2028,,,Mogi Guaçu,,
LIC-LIC-01,CLARO S.A.,50409105090,10,159372023,399686681,EST DA BOIADA,RESERV SAEMA,SP,3556701,10M0G7W,LTE,,,2625,2505,290,FB,,,760,"27331703519",17.05,28,65.49,-1,X,41,43341501882,40,-23.04666,-46.9809,G,12/6/2023,6/17/1999,,1a74d5f802531c58,11/6/2028,,,Vinhedo,,x
LIC-LIC-01,CLARO S.A.,50409105090,10,159372023,1002991460,R MIGUEL VIEIRA FERREIRA,,SP,3519071,10M0G7W,LTE,,,2625,2505,240,FB,,,760,,17.6,21,51,-3,X,40,43341501882,40,-22.88516,-47.15958,G,12/6/2023,8/16/2016,,1a74d5f802531c55,11/6/2028,,,Hortolândia,,x
LIC-LIC-01,CLARO S.A.,50409105090,10,105752021,1011632214,EST MUNICIPAL,,SP,3525904,20M0G7W,LTE,,,2325,0,270,FB,,,760,,16.2,28,79,1,X,55,139000000000,50,-23.18375,-46.98417,G,6/26/2025,12/18/2020,,d565d5f803a7eab7,12/8/2041,,,Jundiaí,,x
LIC-LIC-01,CLARO S.A.,50409105090,10,34672011,1015500282,ROD SANTOS DUMONT,AEROPORTO DE VIRACOPOS (NOVO TERMINAL),SP,3509502,10M0G7W,LTE,,,2140,1950,0,FB,,,168,,3,0,360,0,V,4,27191702519,60,-23.00822,-47.13756,G,11/29/2023,11/29/2023,,0378d5f802bb97c6,4/30/2038,,,Campinas,,x
LIC-LIC-01,CLARO S.A.,50409105090,10,105752021,690569777,R ARQUITETO JOSE AUGUSTO SILVA,,SP,3509502,20M0G7W,LTE,,,2325,2325,240,FB,,,760,"3692202519",24,25,70,0,X,56,3692202519,50,-22.85024,-47.05143,G,12/4/2023,1/13/2021,,d565d5f802563fdd,12/8/2041,,,Campinas,,x
LIC-LIC-01,Telefonica Brasil S.a.,50409146447,10,34492022,699601819,RUA BERNARDINO DE LIMA PAES,,SP,3536802,10M0G7W,LTE,,,2655,2535,340,FB,,,760,"11021100324",18.3,30,74.6,2,X,17,45621602519,40,-22.79583,-46.44361,G,3/14/2025,2/12/2014,,d47ac5f80389ba46,12/8/2029,,,Pedra Bela,,
LIC-LIC-01,TELEFONICA BRASIL S.A.,50409146447,10,127922023,1010265757,Avenida Brasil,,SP,3511706,5M00G7W,LTE,,,1812.5,1717.5,220,FB,,,760,"56001603518",14.36,25,69.24,1,X,41,83071803257,80,-22.5106388,-47.7758611,G,11/30/2023,5/15/2020,,d47ac5f80389ba04,12/22/2032,,,Charqueada,,x
LIC-LIC-01,TELEFONICA BRASIL S.A.,50409146447,10,34492022,379981068,ESTRADA VICINAL PEDRA BELA,,SP,3536802,10M0G7W,LTE,,,778,723,280,FB,,,760,"56001603518",13.5,25,63,4,X,46,57731705894,80,-22.779174,-46.45358,G,11/10/2023,12/10/1999,,d47ac5f80389b99b,3/11/2031,,,Pedra Bela,,
LIC-LIC-01,TELEFONICA BRASIL S.A.,50409146447,10,127922023,577092391,RUA ANTÔNIO ABBAS CASSAB,,SP,3511706,5M00G7W,LTE,,,1812.5,1717.5,350,FB,,,760,"5200301293",18.3,25,65,1,X,34,7591301882,40,-22.51764,-47.76968,G,12/22/2023,6/7/2001,,d47ac5f80389b890,12/22/2032,,,Charqueada,,x
LIC-LIC-01,CLARO S.A.,50409105090,10,105752021,696488272,R RIO JUNDIAÍ,PROXIMO RODOVIA BANDEIRANTES,SP,3550308,20M0G7W,LTE,,,2325,0,85,FB,,,760,"3692202519",24,25,70,-2,X,51,3692202519,50,-23.42958,-46.75841,G,10/30/2023,1/18/2012,,0c2b85f803836c68,8/6/2027,,,São Paulo,,
LIC-LIC-01,CLARO S.A.,50409105090,10,132332023,1004778764,AV JOSE DE SOUSA CAMPOS,ED SESMARIAS,SP,3509502,10M0G7W,LTE,,,2625,2505,95,FB,,,760,"27331703519",17.05,28,65.49,-3,X,29,45621602519,40,-22.88572,-47.04452,G,11/3/2023,7/25/2017,,d0bb85f803eee751,3/31/2028,,,Campinas,,x
LIC-LIC-01,CLARO S.A.,50409105090,10,132332023,690837780,R ORLANDO CORREIA,ESQUINA COM SEVERO GOMES,SP,3509502,10M0G7W,LTE,,,2625,2505,260,FB,,,760,"8541105344",16.85,33.74,67.81,0,X,41,45621602519,40,-22.95984,-47.19204,G,11/3/2023,11/25/2008,,d0bb85f803eee6ca,3/31/2028,,,Campinas,,x
LIC-LIC-01,CLARO S.A.,50409105090,10,132332023,687314348,R PROFESSOR JOSE DE TOLEDO,ED. AMBIENTE,SP,3509502,10M0G7W,LTE,,,2625,2505,200,FB,,,760,"56001603518",14.5,25,59,0,X,34,45621602519,40,-22.92554,-47.06704,G,11/3/2023,8/18/2005,,d0bb85f803eee6af,3/31/2028,,,Campinas,,x
LIC-LIC-01,CLARO S.A.,50409105090,10,132332023,431376204,R ELISEU TEIXEIRA DE CAMARGO,,SP,3509502,10M0G7W,LTE,,,2625,2505,350,FB,,,760,"56001603518",14.5,25,59,-3,X,30,56351705894,40,-22.90382,-47.00132,G,11/3/2023,12/10/1999,,d0bb85f803eee679,3/31/2028,,,Campinas,,x
LIC-LIC-01,CLARO S.A.,50409105090,10,132332023,399685766,AV JOÃO JORGE,POSTO MADEIRA,SP,3509502,10M0G7W,LTE,,,2625,2505,30,FB,,,760,"56001603518",14.5,25,59,-1,X,30,45621602519,40,-22.91426,-47.06439,G,11/3/2023,2/13/2004,,d0bb85f803eee65b,3/31/2028,,,Campinas,,x
LIC-LIC-01,CLARO S.A.,50409105090,10,132332023,399572775,AV DOUTOR MORAES SALES,ROMANZZA MOVEIS,SP,3509502,10M0G7W,LTE,,,2625,2505,30,FB,,,760,"56001603518",14.5,25,59,-5,X,5,45621602519,40,-22.90693,-47.04053,G,11/3/2023,6/17/1999,,d0bb85f803eee637,3/31/2028,,,Campinas,,x
LIC-LIC-01,CLARO S.A.,50409105090,10,59592012,397344198,R ELDORADO,,SP,3509502,20M0G7W,LTE,,,2640,2520,50,FB,,,760,"27331703519",17.05,28,65.49,0,X,29,45621602519,40,-22.98786,-47.10745,G,11/3/2023,5/14/2003,,d0bb85f803eee61c,3/31/2028,,,Campinas,,x
LIC-LIC-01,CLARO S.A.,50409105090,10,132332023,397284713,AV SENADOR SARAIVA,,SP,3509502,10M0G7W,LTE,,,2625,2505,220,FB,,,760,"56001603518",14.5,25,59,-2,X,40,45621602519,40,-22.9037,-47.0647,G,11/3/2023,12/1/2021,,d0bb85f803eee5f7,3/31/2028,,,Campinas,,x
LIC-LIC-01,CLARO S.A.,50409105090,10,132332023,396945082,AV AQUIDABA,,SP,3509502,10M0G7W,LTE,,,2625,2505,220,FB,,,760,"56001603518",14.5,25,59,-2,X,35,45621602519,40,-22.9099,-47.05294,G,11/3/2023,12/1/2021,,d0bb85f803eee5d9,3/31/2028,,,Campinas,,x
LIC-LIC-01,CLARO S.A.,50409105090,10,132332023,399675817,R LUZITANA,ED OLINDA,SP,3509502,10M0G7W,LTE,,,2625,2505,30,FB,,,760,"56001603518",14.5,25,59,-2,X,57,45621602519,40,-22.9013,-47.05875,G,11/3/2023,12/1/2021,,d0bb85f803eee5b9,3/31/2028,,,Campinas,,x
LIC-LIC-01,CLARO S.A.,50409105090,10,132332023,396846068,AV DONA JÚLIA CONCEIÇÃO ALVES,JARDIM ROSANA - SOUZAS,SP,3509502,10M0G7W,LTE,,,2625,2505,40,FB,,,760,"56001603518",14.5,25,59,0,X,56,45621602519,40,-22.88559,-46.9726,G,11/3/2023,1/15/2004,,d0bb85f803eee595,3/31/2028,,,Campinas,,x
LIC-LIC-01,CLARO S.A.,50409105090,10,132332023,399168087,R PEDERNEIRAS,,SP,3509502,10M0G7W,LTE,,,2625,2505,345,FB,,,760,"27331703519",17.05,28,65.49,0,X,36,45621602519,40,-22.89123,-47.03774,G,11/3/2023,2/13/2004,,d0bb85f803eee574,3/31/2028,,,Campinas,,x
LIC-LIC-01,CLARO S.A.,50409105090,10,132332023,399572813,R MARIA MONTEIRO,EDIFÍCIO AUGUSTUS,SP,3509502,10M0G7W,LTE,,,2625,2505,85,FB,,,760,"56001603518",14.5,25,59,0,X,46,45621602519,40,-22.89733,-47.05142,G,11/3/2023,6/17/1999,,d0bb85f803eee556,3/31/2028,,,Campinas,,x
LIC-LIC-01,CLARO S.A.,50409105090,10,132332023,698361334,EST MUNICIPAL DOS AVEIROS,,SP,3509502,10M0G7W,LTE,,,2625,2505,325,FB,,,760,"56001603518",14.5,25,59,-3,X,50,45621602519,40,-22.92122,-46.99745,G,11/3/2023,12/21/2012,,d0bb85f80359f383,3/31/2028,,,Campinas,,x
LIC-LIC-01,CLARO S.A.,50409105090,10,132332023,697911438,AV MARECHAL RONDON,OLT - CPSCATAB,SP,3509502,10M0G7W,LTE,,,2625,2505,310,FB,,,760,,17.6,25,60,0,X,25.8,56351705894,40,-22.88927,-47.10249,G,11/3/2023,10/22/2012,,d0bb85f80359f362,3/31/2028,,,Campinas,,x
LIC-LIC-01,CLARO S.A.,50409105090,10,132332023,697127230,AV 5,,SP,3509502,10M0G7W,LTE,,,2625,2505,280,FB,,,760,"56001603518",14.5,25,59,0,X,48,45621602519,40,-22.82905,-47.01749,G,11/3/2023,5/15/2012,,d0bb85f80359f335,3/31/2028,,,Campinas,,x
LIC-LIC-01,CLARO S.A.,50409105090,10,132332023,695260766,R JULIO FRANK DE ARRUDA,,SP,3509502,10M0G7W,LTE,,,2625,2505,30,FB,,,760,"56001603518",14.5,25,59,-3,X,61,45621602519,40,-22.90116,-47.06379,G,11/3/2023,3/15/2011,,d0bb85f80359f30e,3/31/2028,,,Campinas,,x
LIC-LIC-01,CLARO S.A.,50409105090,10,132332023,1007831062,R DOUTOR SERGIO ROSSI,LOTE 67 QUADRA E QUARTEIRÃO 305,SP,3509502,10M0G7W,LTE,,,2625,2505,315,FB,,,760,"56001603518",14.5,25,59,-1,X,50,56351705894,40,-22.89164,-47.0035,G,11/3/2023,12/17/2018,,d0bb85f80359f2ea,3/31/2028,,,Campinas,,x
LIC-LIC-01,CLARO S.A.,50409105090,10,132332023,1007421077,R LUIZ DE PAULA,,SP,3509502,10M0G7W,LTE,,,2625,2505,230,FB,,,760,"56001603518",14.5,25,59,0,X,50,56351705894,40,-22.86949,-46.96741,G,11/3/2023,10/26/2018,,d0bb85f80359f2c0,3/31/2028,,,Campinas,,x
LIC-LIC-01,CLARO S.A.,50409105090,10,132332023,1005864028,R PEDRO GIANFRANCISCO,,SP,3509502,10M0G7W,LTE,,,2625,2505,350,FB,,,760,,17.6,21,51,0,X,40,56351705894,40,-22.88612,-47.11975,G,11/3/2023,3/26/2018,,d0bb85f80359f29c,3/31/2028,,,Campinas,,x
LIC-LIC-01,CLARO S.A.,50409105090,10,132332023,1005176660,R PROFESSOR RENE DE OLIVEIRA BARRETO,,SP,3509502,10M0G7W,LTE,,,2625,2505,290,FB,,,760,"56001603518",14.5,25,59,-3,X,40,56351705894,40,-22.87811,-47.02681,G,11/3/2023,10/3/2017,,d0bb85f80359f27b,3/31/2028,,,Campinas,,x
LIC-LIC-01,CLARO S.A.,50409105090,10,132332023,1004778756,R MARIA MONTEIRO,ED PERO VAZ DE CAMINHA,SP,3509502,10M0G7W,LTE,,,2625,2505,220,FB,,,760,"27331703519",17.05,28,65.49,-2,X,40,45621602519,40,-22.89191,-47.05361,G,11/3/2023,7/25/2017,,d0bb85f80359f25a,3/31/2028,,,Campinas,,x
LIC-LIC-01,CLARO S.A.,50409105090,10,132332023,1004421300,R ADALBERTO PANZAN,JARDIM LONDRES,SP,3509502,10M0G7W,LTE,,,2625,2505,355,FB,,,760,,17.6,25,60,0,X,45,45621602519,40,-22.91405,-47.13638,G,11/3/2023,7/13/2017,,d0bb85f80359f23f,3/31/2028,,,Campinas,,x
LIC-LIC-01,CLARO S.A.,50409105090,10,132332023,1001709702,R RAPHAEL SARUBBI,,SP,3509502,10M0G7W,LTE,,,2625,2505,330,FB,,,760,"27331703519",17.05,28,65.49,-2,X,51,56351705894,40,-22.81502,-47.02734,G,11/3/2023,7/8/2015,,d0bb85f80359f218,3/31/2028,,,Campinas,,x
LIC-LIC-01,CLARO S.A.,50409105090,10,132332023,691639256,AV JOSE BONIFACIO,ED ITAMARAJU,SP,3509502,10M0G7W,LTE,,,2625,2505,40,FB,,,760,"56001603518",14.5,25,59,-1,X,38,45621602519,40,-22.88683,-47.03114,G,11/3/2023,8/14/2009,,d0bb85f8034f7e0e,3/31/2028,,,Campinas,,x
LIC-LIC-01,CLARO S.A.,50409105090,10,132332023,690847483,R FERREIRA PENTEADO,,SP,3509502,10M0G7W,LTE,,,2625,2505,230,FB,,,760,"27331703519",17.05,28,65.49,-3,X,60,45621602519,40,-22.9068,-47.0602,G,11/3/2023,11/25/2008,,d0bb85f8034f7df0,3/31/2028,,,Campinas,,x
LIC-LIC-01,CLARO S.A.,50409105090,10,132332023,690209126,R JOSE PAULINO,ED GAMA,SP,3509502,10M0G7W,LTE,,,2625,2505,310,FB,,,760,"56001603518",14.5,25,59,0,X,51,45621602519,40,-22.90377,-47.06181,G,11/3/2023,3/27/2008,,d0bb85f8034f7dd5,3/31/2028,,,Campinas,,x
LIC-LIC-01,CLARO S.A.,50409105090,10,132332023,692568859,R DAS DÁLIAS,SENADOR ANTÔNIO LACERDA FRANCO(ENDEREÇO DE LOCALIZAÇÃO),SP,3509502,10M0G7W,LTE,,,2625,2505,260,FB,,,760,"8541105344",16.85,33.74,67.81,-2,X,35,45621602519,40,-22.93576,-47.08919,G,11/3/2023,7/20/2010,,d0bb85f8034f7db4,3/31/2028,,,Campinas,,x
LIC-LIC-01,CLARO S.A.,50409105090,10,132332023,690596952,R CORONEL QUIRINO,,SP,3509502,10M0G7W,LTE,,,2625,2505,240,FB,,,760,"56001603518",14.5,25,59,-2,X,46,45621602519,40,-22.90109,-47.05161,G,11/3/2023,9/29/2008,,d0bb85f8034f7d99,3/31/2028,,,Campinas,,x
LIC-LIC-01,CLARO S.A.,50409105090,10,132332023,688984991,R FONTE DAS FLORES,PROXIMO AO MIRANTE,SP,3509502,10M0G7W,LTE,,,2625,2505,30,FB,,,760,"27331703519",17.05,28,65.49,-2,X,62,45621602519,40,-22.77172,-47.07639,G,11/3/2023,3/26/2007,,d0bb85f8034f7d75,3/31/2028,,,Campinas,,x
LIC-LIC-01,CLARO S.A.,50409105090,10,132332023,683919008,AV JULIO DE MESQUITA,ED. PEDRO ALVARES CABRAL,SP,3509502,10M0G7W,LTE,,,2625,2505,240,FB,,,760,"56001603518",14.5,25,59,0,X,62,45621602519,40,-22.89621,-47.05673,G,11/3/2023,1/15/2004,,d0bb85f8034f7d5a,3/31/2028,,,Campinas,,x
LIC-LIC-01,CLARO S.A.,50409105090,10,132332023,688534899,AV DOUTOR MORAES SALLES,EDIFÍCIO CITIBANK,SP,3509502,10M0G7W,LTE,,,2625,2505,335,FB,,,760,"56001603518",14.5,25,59,-2,X,74,45621602519,40,-22.9067,-47.05757,G,11/3/2023,3/26/2007,,d0bb85f8034f7d36,3/31/2028,,,Campinas,,x
LIC-LIC-01,CLARO S.A.,50409105090,10,132332023,683917609,AV JULIO PRESTES,,SP,3509502,10M0G7W,LTE,,,2625,2505,245,FB,,,760,"56001603518",14.5,25,59,0,X,26,56351705894,40,-22.87764,-47.04338,G,11/3/2023,1/15/2004,,d0bb85f8034f7d12,3/31/2028,,,Campinas,,x
LIC-LIC-01,CLARO S.A.,50409105090,10,132332023,690833113,AV OROSIMBO MAIA,ED. TUPIM,SP,3509502,10M0G7W,LTE,,,2625,2505,310,FB,,,760,"56001603518",14.5,25,59,-2,X,63,45621602519,40,-22.89611,-47.06119,G,11/3/2023,11/5/2008,,d0bb85f8034f7cf4,3/31/2028,,,Campinas,,x
LIC-LIC-01,CLARO S.A.,50409105090,10,132332023,683917374,AV MORAES SALES,,SP,3509502,10M0G7W,LTE,,,2625,2505,80,FB,,,760,"56001603518",14.5,25,59,-1,X,46.5,45621602519,40,-22.90504,-47.05145,G,11/3/2023,1/15/2004,,d0bb85f8034f7cae,3/31/2028,,,Campinas,,x
LIC-LIC-01,CLARO S.A.,50409105090,10,132332023,683827219,R CONEGO CIPIAO,,SP,3509502,10M0G7W,LTE,,,2625,2505,30,FB,,,760,"56001603518",14.5,25,59,-2,X,35,45621602519,40,-22.90973,-47.06159,G,11/3/2023,1/15/2004,,d0bb85f8034f7c8d,3/31/2028,,,Campinas,,x
LIC-LIC-01,CLARO S.A.,50409105090,10,132332023,422428264,AV JOHN BOYD DUNLOP,,SP,3509502,10M0G7W,LTE,,,2625,2505,250,FB,,,760,"56001603518",14.5,25,59,0,X,52.5,45621602519,40,-22.91147,-47.09676,G,1/5/2024,6/17/1999,,d0bb85f8034f7c71,3/31/2028,,,Campinas,,x
LIC-LIC-01,CLARO S.A.,50409105090,10,34672011,687308054,R CAMINHO OITO,AO LADO DO NÚMERO 30,SP,3550308,10M0G7W,LTE,,,2140,1950,260,FB,,,760,"12720905344",16.18,20,65,-5,X,46.5,27191702519,60,-23.40119,-46.73907,G,10/30/2023,9/13/2005,,550085f803b56044,8/6/2027,,,São Paulo,,
LIC-LIC-01,CLARO S.A.,50409105090,10,34672011,1001336450,R FLORIANO ALVES DA COSTA,AO LADO DO 802,SP,3550308,10M0G7W,LTE,,,2140,1950,330,FB,,,760,,17.2,25,65,0,X,40,8041101882,61.52,-23.42788,-46.79782,G,10/27/2023,3/20/2015,,00f6f5f802afa714,8/6/2027,,,São Paulo,,
LIC-LIC-01,CLARO S.A.,50409105090,10,132332023,399687815,ROD DOS BANDEIRANTES,FAZ CAPIVARI,SP,3509502,10M0G7W,LTE,,,2625,2505,300,FB,,,760,,17.6,25,60,-1,X,61,43341501882,40,-23.02045,-47.078,G,10/27/2023,5/14/2003,,ea7185f80240ac69,12/8/2029,,,Campinas,,x
LIC-LIC-01,CLARO S.A.,50409105090,10,132332023,536413100,ROD JORN FRANCISCO AGUIRRE PROENÇA,BRASTRAFO DO BRASIL LTDA,SP,3509502,10M0G7W,LTE,,,2625,2505,240,FB,,,760,"27331703519",17.05,28,65.49,0,X,50,43341501882,40,-22.91064,-47.24388,G,10/27/2023,10/24/2001,,ea7185f80240ac46,12/8/2029,,,Campinas,,x
LIC-LIC-01,CLARO S.A.,50409105090,10,132332023,426608844,R IVANHOE DE SOUZA BUENO,,SP,3509502,10M0G7W,LTE,,,2625,2505,40,FB,,,760,,17.6,21,51,0,X,31,45621602519,40,-23.04563,-47.1409,G,10/27/2023,12/10/1999,,ea7185f80240ac28,12/8/2029,,,Campinas,,x
LIC-LIC-01,CLARO S.A.,50409105090,10,132332023,692766561,R BERNARDINO BONAVITA,,SP,3509502,10M0G7W,LTE,,,2625,2505,320,FB,,,760,"27331703519",17.05,28,65.49,-2,X,41,43341501882,40,-22.89351,-47.15982,G,10/27/2023,9/20/2010,,ea7185f80240ac0a,12/8/2029,,,Campinas,,x
LIC-LIC-01,CLARO S.A.,50409105090,10,132332023,698777344,R SARGENTO THARCISIO MOURA,CONDOMÍNIO BELÉM,SP,3509502,10M0G7W,LTE,,,2625,2505,265,FB,,,760,,17.6,21,51,-1,X,21,45621602519,40,-22.97592,-47.1191,G,10/27/2023,4/4/2013,,ea7185f80240abe6,12/8/2029,,,Campinas,,x
LIC-LIC-01,CLARO S.A.,50409105090,10,132332023,430889100,R ADEMAR PEREIRA DE BARROS,,SP,3509502,10M0G7W,LTE,,,2625,2505,180,FB,,,760,"27331703519",17.05,28,65.49,0,X,51,45621602519,40,-22.7701,-47.023,G,10/27/2023,12/10/1999,,ea7185f80240abc9,12/8/2029,,,Campinas,,x
LIC-LIC-01,CLARO S.A.,50409105090,10,34672011,1014935730,AV ALAOR FARIA DE BARROS,,SP,3509502,10M0G7W,LTE,,,2140,1950,60,FB,,,760,"56001603518",14.7,25,53,0,X,50,40952002519,20,-22.81518,-47.01493,G,10/27/2023,5/25/2023,,ea7185f80240abb1,12/8/2029,,,Campinas,,x
LIC-LIC-01,CLARO S.A.,50409105090,10,132332023,1011795113,R ALVARO RIBEIRO,ED REQUENA,SP,3509502,10M0G7W,LTE,,,2625,2505,350,FB,,,760,"56001603518",14.5,25,59,0,X,39,56351705894,40,-22.9153,-47.05394,G,10/27/2023,3/5/2021,,ea7185f80240ab83,12/8/2029,,,Campinas,,x
LIC-LIC-01,CLARO S.A.,50409105090,10,59592012,1012982545,AV ROQUE MELILO,,SP,3509502,20M0G7W,LTE,,,2640,2520,340,FB,,,760,"56001603518",14.5,25,59,-2,X,40,45621602519,40,-22.95505,-47.07651,G,10/27/2023,3/31/2022,,ea7185f80240ab6f,12/8/2029,,,Campinas,,x
LIC-LIC-01,CLARO S.A.,50409105090,10,59592012,1005779675,AV LAFAYETE ARRUDA CAMARGO,,SP,3509502,20M0G7W,LTE,,,2640,2520,345,FB,,,760,,17.6,25,60,0,X,33,45621602519,40,-22.8533,-47.03964,G,10/27/2023,2/27/2018,,ea7185f80240ab53,12/8/2029,,,Campinas,,x
LIC-LIC-01,CLARO S.A.,50409105090,10,132332023,1006427489,R DO SOL,,SP,3509502,10M0G7W,LTE,,,2625,2505,350,FB,,,760,,17.6,21,51,-4,X,40,56351705894,40,-22.79234,-47.08518,G,10/27/2023,4/30/2018,,ea7185f80240ab37,12/8/2029,,,Campinas,,x
LIC-LIC-01,CLARO S.A.,50409105090,10,132332023,1004421319,R JUSTINO FERNANDES SERRA,,SP,3509502,10M0G7W,LTE,,,2625,2505,260,FB,,,760,,17.6,21,51,-1,X,32,45621602519,40,-23.04092,-47.10404,G,10/27/2023,6/23/2017,,ea7185f80240ab13,12/8/2029,,,Campinas,,x
LIC-LIC-01,CLARO S.A.,50409105090,10,132332023,1005501855,R MERCEDES FAVALLI MAGALHAES,,SP,3509502,10M0G7W,LTE,,,2625,2505,330,FB,,,760,,17.6,21,51,-4,X,40,45621602519,40,-22.98538,-47.09324,G,10/27/2023,12/26/2017,,ea7185f80240aaf5,12/8/2029,,,Campinas,,x
LIC-LIC-01,CLARO S.A.,50409105090,10,132332023,1008240424,R FRANCISCO MESQUITA,ENTRE OS NUMEROS 61 E 91,SP,3509502,10M0G7W,LTE,,,2625,2505,60,FB,,,760,"56001603518",14.5,25,59,0,X,35,56351705894,40,-22.90052,-47.02827,G,10/27/2023,3/19/2019,,ea7185f80240aac8,12/8/2029,,,Campinas,,x
LIC-LIC-01,CLARO S.A.,50409105090,10,132332023,1005501898,ROD DOM PEDRO I,KM140+120M PISTA SUL BAIRRO - SAMBAIBA DISTRIBUIDORA DE VEÍCULOS,SP,3509502,10M0G7W,LTE,,,2625,2505,80,FB,,,760,,17.6,25,60,0,X,30,45621602519,40,-22.84791,-47.09101,G,10/27/2023,12/26/2017,,ea7185f80240aab3,12/8/2029,,,Campinas,,x
LIC-LIC-01,CLARO S.A.,50409105090,10,132332023,1003970564,R DOUTOR LAURO DE SOUZA LIMA,,SP,3509502,10M0G7W,LTE,,,2625,2505,80,FB,,,760,"56001603518",14.5,25,59,0,X,35,45621602519,40,-22.93147,-47.12721,G,10/27/2023,4/19/2017,,ea7185f80240aa92,12/8/2029,,,Campinas,,x
LIC-LIC-01,CLARO S.A.,50409105090,10,132332023,1004921737,R JOSE DOBNER,,SP,3509502,10M0G7W,LTE,,,2625,2505,50,FB,,,760,,17.6,21,51,-2,X,33,45621602519,40,-22.94297,-47.10962,G,10/27/2023,9/4/2017,,ea7185f80240aa7d,12/8/2029,,,Campinas,,x
LIC-LIC-01,CLARO S.A.,50409105090,10,132332023,1003909059,R PADRE LEONEL FRANCA,,SP,3509502,10M0G7W,LTE,,,2625,2505,350,FB,,,760,"27331703519",17.05,28,65.49,-1,X,40,56351705894,40,-22.92464,-47.05796,G,10/27/2023,4/4/2017,,ea7185f80240aa4d,12/8/2029,,,Campinas,,x
LIC-LIC-01,CLARO S.A.,50409105090,10,132332023,1001293271,AV WASHINGTON LUIS,,SP,3509502,10M0G7W,LTE,,,2625,2505,240,FB,,,760,"56001603518",14.5,25,59,0,X,56,43341501882,40,-22.93872,-47.04939,G,10/27/2023,3/20/2015,,ea7185f80240aa2b,12/8/2029,,,Campinas,,x
LIC-LIC-01,CLARO S.A.,50409105090,10,132332023,1001669034,R HÉLCIO LIZZARDI,,SP,3509502,10M0G7W,LTE,,,2625,2505,320,FB,,,760,"27331703519",17.05,28,65.49,-3,X,51,43341501882,40,-22.96352,-47.04469,G,10/27/2023,6/18/2015,,ea7185f80240aa16,12/8/2029,,,Campinas,,x
LIC-LIC-01,CLARO S.A.,50409105090,10,132332023,686138554,R ALCIDIO PIRES FERNANDES,,SP,3509502,10M0G7W,LTE,,,2625,2505,55,FB,,,760,,17.6,25,60,0,X,30,56351705894,40,-23.00388,-47.11138,G,10/27/2023,3/15/2005,,ea7185f80240a9fa,12/8/2029,,,Campinas,,x
LIC-LIC-01,CLARO S.A.,50409105090,10,132332023,698139917,AV SEBASTIAO CURY,,SP,3509502,10M0G7W,LTE,,,2625,2505,50,FB,,,760,"56001603518",14.5,25,59,0,X,34,43341501882,40,-22.95306,-47.05984,G,10/27/2023,11/16/2012,,ea7185f80240a9cd,12/8/2029,,,Campinas,,x
LIC-LIC-01,CLARO S.A.,50409105090,10,132332023,699554667,R MARCOS BREGUINOLI,,SP,3509502,10M0G7W,LTE,,,2625,2505,230,FB,,,760,"56001603518",14.5,25,59,0,X,34,43341501882,40,-22.9692,-47.14531,G,10/27/2023,12/9/2013,,ea7185f80240a9a9,12/8/2029,,,Campinas,,x
LIC-LIC-01,CLARO S.A.,50409105090,10,132332023,698124480,R GENERAL CARLOS COARI IRACEMA GOMES,,SP,3509502,10M0G7W,LTE,,,2625,2505,350,FB,,,760,"27331703519",17.05,28,65.49,0,X,40,43341501882,40,-22.9297,-47.14902,G,10/27/2023,11/16/2012,,ea7185f80240a991,12/8/2029,,,Campinas,,x
LIC-LIC-01,CLARO S.A.,50409105090,10,132332023,1003256020,R DOUTOR ARGEMIRO ORLANDO DOTTO,,SP,3509502,10M0G7W,LTE,,,2625,2505,300,FB,,,760,"56001603518",14.5,25,59,-2,X,50,45621602519,40,-22.94125,-47.06988,G,10/27/2023,9/21/2016,,ea7185f80240a967,12/8/2029,,,Campinas,,x
LIC-LIC-01,CLARO S.A.,50409105090,10,132332023,696462133,R PROFESSORA ALICE PEDROSO DE MORAES D ELIA,LT 25 QD BB QT 7555,SP,3509502,10M0G7W,LTE,,,2625,2505,50,FB,,,760,,17.6,21,51,-1,X,39,43341501882,40,-22.95166,-47.17895,G,10/27/2023,1/18/2012,,ea7185f80240a94c,12/8/2029,,,Campinas,,x
LIC-LIC-01,CLARO S.A.,50409105090,10,132332023,1003138001,EST MUNICIPAL DO CAMPO GRANDE,SÍTIO MANGABEIRA,SP,3509502,10M0G7W,LTE,,,2625,2505,250,FB,,,760,"27331703519",17.05,28,65.49,-2,X,56,45621602519,40,-22.95174,-47.20324,G,10/27/2023,8/23/2016,,ea7185f80240a930,12/8/2029,,,Campinas,,x
LIC-LIC-01,CLARO S.A.,50409105090,10,132332023,695446630,R SALDANHA MARINHO,,SP,3509502,10M0G7W,LTE,,,2625,2505,70,FB,,,760,"56001603518",14.5,25,59,-8,X,66,45621602519,40,-22.90658,-47.06564,G,10/27/2023,7/6/2011,,ea7185f80240a90c,12/8/2029,,,Campinas,,x
LIC-LIC-01,CLARO S.A.,50409105090,10,132332023,1002991169,R NEURACI DA SILVA RODRIGUES,,SP,3509502,10M0G7W,LTE,,,2625,2505,90,FB,,,760,,17.6,21,51,0,X,40,45621602519,40,-22.84711,-47.12753,G,10/27/2023,8/16/2016,,ea7185f80240a8f4,12/8/2029,,,Campinas,,x
LIC-LIC-01,CLARO S.A.,50409105090,10,132332023,697961192,R CELSO DELLE DONNE,USIFOCO,SP,3509502,10M0G7W,LTE,,,2625,2505,30,FB,,,760,"27331703519",17.05,28,65.49,0,X,29,43341501882,40,-22.9945,-47.12451,G,10/27/2023,10/22/2012,,ea7185f80240a8d3,12/8/2029,,,Campinas,,x
LIC-LIC-01,CLARO S.A.,50409105090,10,132332023,1001064132,R MARTINS PENA,,SP,3509502,10M0G7W,LTE,,,2625,2505,90,FB,,,760,"56001603518",14.5,25,59,0,X,40,45621602519,40,-22.8541,-47.06413,G,11/11/2025,2/26/2015,,ea7185f80240a8aa,8/9/2028,,,Campinas,,x
LIC-LIC-01,CLARO S.A.,50409105090,10,132332023,695464671,R DOUTOR LAS CASAS DOS SANTOS,CONDOMINIO ED CRISTAIS,SP,3509502,10M0G7W,LTE,,,2625,2505,350,FB,,,760,"56001603518",14.5,25,59,-1,X,37,45621602519,40,-22.92154,-47.0762,G,10/27/2023,7/6/2011,,ea7185f80240a88c,12/8/2029,,,Campinas,,x
LIC-LIC-01,CLARO S.A.,50409105090,10,132332023,1004801286,R VIRGINIO VESCOVI,,SP,3509502,10M0G7W,LTE,,,2625,2505,345,FB,,,760,,17.6,21,51,0,X,40,45621602519,40,-22.9258,-47.01528,G,10/27/2023,8/14/2017,,ea7185f80240a86b,12/8/2029,,,Campinas,,x
LIC-LIC-01,CLARO S.A.,50409105090,10,132332023,698140745,AV ADOLPHO BLOCH,ESQ. R. CORNÉLIO DE MELO ANDRADE,SP,3509502,10M0G7W,LTE,,,2625,2505,240,FB,,,760,"27331703519",17.05,28,65.49,-1,X,40,43341501882,40,-22.96324,-47.2013,G,10/27/2023,11/16/2012,,ea7185f80240a850,12/8/2029,,,Campinas,,x
LIC-LIC-01,CLARO S.A.,50409105090,10,132332023,1006991007,R ALBERT SABIN,CAIXA D'AGUA UNICAMP,SP,3509502,10M0G7W,LTE,,,2625,2505,295,FB,,,760,"56001603518",14.5,25,59,0,X,37,56351705894,40,-22.82905,-47.06364,G,10/27/2023,7/17/2018,,ea7185f80240a82c,12/8/2029,,,Campinas,,x
LIC-LIC-01,CLARO S.A.,50409105090,10,132332023,1004778616,AV FRANCISCO CANDIDO XAVIER,LOTE 053-A,SP,3509502,10M0G7W,LTE,,,2625,2505,350,FB,,,760,,17.6,21,51,-3,X,36,45621602519,40,-22.7569,-47.0566,G,10/27/2023,7/24/2017,,ea7185f80240a817,12/8/2029,,,Campinas,,x
LIC-LIC-01,CLARO S.A.,50409105090,10,105752021,1007219944,R AMÉLIA MARIA DE PAULA VENTURINI,,SP,3509502,20M0G7W,LTE,,,2325,0,40,FB,,,760,"3692202519",24,25,70,0,X,43,3692202519,50,-22.83482,-47.05372,G,10/27/2023,10/16/2018,,ea7185f80240a7f3,12/8/2029,,,Campinas,,x
LIC-LIC-01,CLARO S.A.,50409105090,10,132332023,1007219936,R 11,CIDADE SATELITE IRES,SP,3509502,10M0G7W,LTE,,,2625,2505,350,FB,,,760,,17.6,25,60,0,X,39,56351705894,40,-22.91223,-47.15984,G,10/27/2023,10/13/2018,,ea7185f80240a7c9,12/8/2029,,,Campinas,,x
LIC-LIC-01,CLARO S.A.,50409105090,10,132332023,1004801278,R FABIO BAPTISTA PINTO,,SP,3509502,10M0G7W,LTE,,,2625,2505,80,FB,,,760,,17.6,21,51,-5,X,40,45621602519,40,-22.79762,-46.99944,G,10/27/2023,9/18/2017,,ea7185f80240a7aa,12/8/2029,,,Campinas,,x
LIC-LIC-01,CLARO S.A.,50409105090,10,132332023,1004046461,R PEDRO ALEXANDRINO DE OLIVEIRA FILHO,,SP,3509502,10M0G7W,LTE,,,2625,2505,240,FB,,,760,"27331703519",17.05,28,65.49,-2,X,40,45621602519,40,-22.94489,-47.15962,G,10/27/2023,5/12/2017,,ea7185f80240a786,12/8/2029,,,Campinas,,x
LIC-LIC-01,CLARO S.A.,50409105090,10,132332023,1007831070,R LUZITANIA ISABEL PAES SAGALLIO,ESQ COM RUA JOAO BERTOTI,SP,3509502,10M0G7W,LTE,,,2625,2505,90,FB,,,760,,17.6,21,51,0,X,40,56351705894,40,-22.97853,-47.17329,G,10/27/2023,12/17/2018,,ea7185f80240a768,12/8/2029,,,Campinas,,x
LIC-LIC-01,CLARO S.A.,50409105090,10,132332023,1004778624,R ANTONIO AFONSO DE LIMA,CHÁCARA ISRAEL,SP,3509502,10M0G7W,LTE,,,2625,2505,30,FB,,,760,,17.6,21,51,0,X,50,45621602519,40,-22.98092,-47.07458,G,10/27/2023,7/24/2017,,ea7185f80240a744,12/8/2029,,,Campinas,,x
LIC-LIC-01,CLARO S.A.,50409105090,10,132332023,1004421327,R MARIAZINHA LEITE CAMPAGNOLI,,SP,3509502,10M0G7W,LTE,,,2625,2505,260,FB,,,760,,17.6,21,51,0,X,52,45621602519,40,-22.78989,-47.02701,G,10/27/2023,6/23/2017,,ea7185f80240a726,12/8/2029,,,Campinas,,x
LIC-LIC-01,CLARO S.A.,50409105090,10,132332023,1005501863,R BORTOLO MARTINS,,SP,3509502,10M0G7W,LTE,,,2625,2505,60,FB,,,760,,17.6,21,51,0,X,40,56351705894,40,-22.78745,-47.07021,G,10/27/2023,12/26/2017,,ea7185f80240a702,12/8/2029,,,Campinas,,x
LIC-LIC-01,CLARO S.A.,50409105090,10,132332023,692567399,R LEONIDA REIAMANN TROTTI,,SP,3509502,10M0G7W,LTE,,,2625,2505,200,FB,,,760,"27331703519",17.05,28,65.49,0,X,40,45621602519,40,-22.87299,-47.1271,G,10/27/2023,7/20/2010,,ea7185f80240a6de,12/8/2029,,,Campinas,,x
LIC-LIC-01,CLARO S.A.,50409105090,10,132332023,1001586708,AV ISAURA ROQUE QUERCIA,LOTEAMENTO CAMINHOS DE SÃO CONRADO,SP,3509502,10M0G7W,LTE,,,2625,2505,40,FB,,,760,"27331703519",17.05,28,65.49,0,X,41.6,43341501882,40,-22.84619,-46.97246,G,10/27/2023,5/25/2015,,ea7185f80240a6ae,12/8/2029,,,Campinas,,x
LIC-LIC-01,CLARO S.A.,50409105090,10,132332023,692857869,R JOAO CONESSA FERNANDEZ,,SP,3509502,10M0G7W,LTE,,,2625,2505,90,FB,,,760,"27331703519",17.05,28,65.49,0,X,40,45621602519,40,-22.96603,-47.16133,G,10/27/2023,10/18/2010,,ea7185f80240a690,12/8/2029,,,Campinas,,x
LIC-LIC-01,CLARO S.A.,50409105090,10,132332023,695260847,R GUIDO DE CAMARGO PENTEADO SOBRINHO,ACS ALGAR,SP,3509502,10M0G7W,LTE,,,2625,2505,50,FB,,,760,"27331703519",17.05,28,65.49,-1,X,47,43341501882,40,-22.82138,-47.09997,G,10/27/2023,3/15/2011,,ea7185f80240a666,12/8/2029,,,Campinas,,x
LIC-LIC-01,CLARO S.A.,50409105090,10,132332023,692567429,R MAIRINQUE,,SP,3509502,10M0G7W,LTE,,,2625,2505,50,FB,,,760,,17.6,25,60,0,X,40,45621602519,40,-22.9782,-47.10889,G,10/27/2023,7/20/2010,,ea7185f80240a648,12/8/2029,,,Campinas,,x
LIC-LIC-01,CLARO S.A.,50409105090,10,132332023,697460223,R AUREA VON ZUBEN BARACCAT,,SP,3509502,10M0G7W,LTE,,,2625,2505,215,FB,,,760,"56001603518",14.5,25,59,0,X,40,45621602519,40,-22.96087,-47.0955,G,10/27/2023,7/5/2012,,ea7185f80240a600,12/8/2029,,,Campinas,,x
LIC-LIC-01,CLARO S.A.,50409105090,10,132332023,692432221,R PAULO EIRO,,SP,3509502,10M0G7W,LTE,,,2625,2505,75,FB,,,760,"56001603518",14.5,25,59,0,X,36,45621602519,40,-22.91712,-47.11273,G,10/27/2023,6/4/2010,,ea7185f80240a5e2,12/8/2029,,,Campinas,,x
LIC-LIC-01,CLARO S.A.,50409105090,10,132332023,699045312,R ZULMIRA DE SOUZA RODRIGUES,,SP,3509502,10M0G7W,LTE,,,2625,2505,270,FB,,,760,"27331703519",17.05,28,65.49,0,X,26.7,45621602519,40,-22.97969,-47.13299,G,10/27/2023,7/29/2013,,ea7185f80240a5c4,12/8/2029,,,Campinas,,x
LIC-LIC-01,CLARO S.A.,50409105090,10,132332023,695708767,R HELENA TEODORO FERREIRA,,SP,3509502,10M0G7W,LTE,,,2625,2505,290,FB,,,760,"27331703519",17.05,28,65.49,-1,X,44,45621602519,40,-22.93373,-47.18289,G,10/27/2023,7/25/2011,,ea7185f80240a5a0,12/8/2029,,,Campinas,,x
LIC-LIC-01,CLARO S.A.,50409105090,10,132332023,691639272,AV MARIO TREVENSOLLI,,SP,3509502,10M0G7W,LTE,,,2625,2505,330,FB,,,760,"56001603518",14.5,25,59,-2,X,40,43341501882,40,-22.98574,-47.14152,G,10/27/2023,8/14/2009,,ea7185f80240a576,12/8/2029,,,Campinas,,x
LIC-LIC-01,CLARO S.A.,50409105090,10,132332023,692713077,R AGUINALDO LUCAS,,SP,3509502,10M0G7W,LTE,,,2625,2505,80,FB,,,760,"56001603518",14.5,25,59,-1,X,40,43341501882,40,-22.9501,-47.13519,G,10/27/2023,9/1/2010,,ea7185f80240a558,12/8/2029,,,Campinas,,x
LIC-LIC-01,CLARO S.A.,50409105090,10,132332023,692803602,R ALBERTO BOSCO,AO LADO MMB MECANICA,SP,3509502,10M0G7W,LTE,,,2625,2505,95,FB,,,760,"56001603518",14.5,25,59,-4,X,40,45621602519,40,-22.85352,-47.16012,G,10/27/2023,10/1/2010,,ea7185f80240a53a,12/8/2029,,,Campinas,,x
LIC-LIC-01,CLARO S.A.,50409105090,10,132332023,692578587,R CAIRI,,SP,3509502,10M0G7W,LTE,,,2625,2505,90,FB,,,760,"56001603518",14.5,25,59,-4,X,40,43341501882,40,-22.9676,-47.12679,G,10/27/2023,7/27/2010,,ea7185f80240a51b,12/8/2029,,,Campinas,,x
LIC-LIC-01,CLARO S.A.,50409105090,10,132332023,690518315,R VINTE E QUATRO DE MAIO,,SP,3509502,10M0G7W,LTE,,,2625,2505,350,FB,,,760,,17.6,21,51,-2,X,28,43341501882,40,-22.90971,-47.07522,G,10/27/2023,7/31/2008,,ea7185f80240a4fd,12/8/2029,,,Campinas,,x
LIC-LIC-01,CLARO S.A.,50409105090,10,132332023,696382873,R LUCINDO SILVA,,SP,3509502,10M0G7W,LTE,,,2625,2505,50,FB,,,760,"27331703519",17.05,28,65.49,-3,X,48,45621602519,40,-22.8939,-47.15434,G,10/27/2023,12/13/2011,,ea7185f80240a4df,12/8/2029,,,Campinas,,x
LIC-LIC-01,CLARO S.A.,50409105090,10,132332023,690981953,R ANTONIA DE SOUZA PEREIRA,,SP,3509502,10M0G7W,LTE,,,2625,2505,85,FB,,,760,"56001603518",14.5,25,59,0,X,50,45621602519,40,-22.84128,-47.15458,G,10/27/2023,12/18/2008,,ea7185f80240a4ac,12/8/2029,,,Campinas,,x
LIC-LIC-01,CLARO S.A.,50409105090,10,132332023,683919113,R DOUTOR ANTONIO ALVARES LOBO,EDIFÍCIO DEL REI,SP,3509502,10M0G7W,LTE,,,2625,2505,70,FB,,,760,"56001603518",14.5,25,59,0,X,55,45621602519,40,-22.89928,-47.06633,G,10/27/2023,1/15/2004,,ea7185f80240a489,12/8/2029,,,Campinas,,x
LIC-LIC-01,CLARO S.A.,50409105090,10,105752021,687314321,AV PADRE ALMEIDA GARRET,ED. PORTO REAL,SP,3509502,20M0G7W,LTE,,,2325,0,30,FB,,,760,"3692202519",24,25,70,0,X,33,3692202519,50,-22.87614,-47.06567,G,10/27/2023,8/18/2005,,ea7185f80240a474,12/8/2029,,,Campinas,,x
LIC-LIC-01,CLARO S.A.,50409105090,10,132332023,692580786,R BRAGANCA PAULISTA,,SP,3509502,10M0G7W,LTE,,,2625,2505,90,FB,,,760,"56001603518",14.5,25,59,-3,X,40,45621602519,40,-22.93112,-47.09755,G,10/27/2023,7/27/2010,,ea7185f80240a44b,12/8/2029,,,Campinas,,x
LIC-LIC-01,CLARO S.A.,50409105090,10,132332023,687314305,AV ALAN TURING,ACESSO PELA ESTRADA DE ACESSO A TELEBRAS 36 - UNICAMP - CAMPINAS,SP,3509502,10M0G7W,LTE,,,2625,2505,260,FB,,,760,"27331703519",17.05,28,65.49,-1,X,50,45621602519,40,-22.81185,-47.0599,G,10/27/2023,1/15/2004,,ea7185f80240a433,12/8/2029,,,Campinas,,x
LIC-LIC-01,CLARO S.A.,50409105090,10,132332023,687314291,R PADRE EUSTAQUIO,,SP,3509502,10M0G7W,LTE,,,2625,2505,30,FB,,,760,"56001603518",14.5,25,59,0,X,40,45621602519,40,-22.95214,-47.11184,G,10/27/2023,8/18/2005,,ea7185f80240a409,12/8/2029,,,Campinas,,x
LIC-LIC-01,CLARO S.A.,50409105090,10,132332023,688203396,R DOUTOR RICARDO BENETTON MARTINS,CAIXA DAGUA CQPD,SP,3509502,10M0G7W,LTE,,,2625,2505,30,FB,,,760,"56001603518",14.5,25,59,0,X,36,43341501882,40,-22.81497,-47.04741,G,10/27/2023,5/3/2006,,ea7185f80240a3eb,12/8/2029,,,Campinas,,x
LIC-LIC-01,CLARO S.A.,50409105090,10,132332023,631393617,ROD SANTOS DUMONT,,SP,3509502,10M0G7W,LTE,,,2625,2505,95,FB,,,760,"56001603518",14.5,25,59,0,X,35,45621602519,40,-23.01622,-47.14516,G,10/27/2023,12/11/2001,,ea7185f80240a3cb,12/8/2029,,,Campinas,,x
LIC-LIC-01,CLARO S.A.,50409105090,10,132332023,683918958,R SERRA DO UMBUZEIRO,,SP,3509502,10M0G7W,LTE,,,2625,2505,335,FB,,,760,"27331703519",17.05,28,65.49,0,X,28,43341501882,40,-22.91463,-47.02978,G,10/27/2023,1/15/2004,,ea7185f80240a3b8,12/8/2029,,,Campinas,,x
LIC-LIC-01,CLARO S.A.,50409105090,10,105752021,683918915,R DAS HORTENCIAS,,SP,3509502,20M0G7W,LTE,,,2325,0,220,FB,,,760,"3692202519",24,25,70,0,X,29,3692202519,50,-22.86302,-47.05242,G,10/27/2023,1/15/2004,,ea7185f80240a397,12/8/2029,,,Campinas,,x
LIC-LIC-01,CLARO S.A.,50409105090,10,132332023,683917811,R DJALMA INACIO FURTADO,,SP,3509502,10M0G7W,LTE,,,2625,2505,50,FB,,,760,"27331703519",17.05,28,65.49,0,X,50,45621602519,40,-22.95532,-47.02546,G,10/27/2023,1/15/2004,,ea7185f80240a352,12/8/2029,,,Campinas,,x
LIC-LIC-01,CLARO S.A.,50409105090,10,132332023,683917730,R DOUTOR DANTE ERBOLATO,,SP,3509502,10M0G7W,LTE,,,2625,2505,60,FB,,,760,,17.6,21,51,-2,X,40,45621602519,40,-22.94325,-47.1431,G,10/27/2023,1/15/2004,,ea7185f80240a334,12/8/2029,,,Campinas,,x
LIC-LIC-01,CLARO S.A.,50409105090,10,132332023,683917706,AV IBIRAPUERA,,SP,3509502,10M0G7W,LTE,,,2625,2505,240,FB,,,760,"56001603518",14.5,25,59,0,X,41,56351705894,40,-22.91794,-47.10852,G,10/27/2023,1/15/2004,,ea7185f80240a30e,12/8/2029,,,Campinas,,x
LIC-LIC-01,CLARO S.A.,50409105090,10,132332023,683917587,R ORLANDO CARPINO,,SP,3509502,10M0G7W,LTE,,,2625,2505,350,FB,,,760,"27331703519",17.05,28,65.49,-3,X,48,45621602519,40,-22.89126,-47.07779,G,10/27/2023,1/15/2004,,ea7185f80240a2f6,12/8/2029,,,Campinas,,x
LIC-LIC-01,CLARO S.A.,50409105090,10,132332023,683917498,ROD D PEDRO I,,SP,3509502,10M0G7W,LTE,,,2625,2505,280,FB,,,760,,17.6,25,60,0,X,60,45621602519,40,-22.9232,-46.9288,G,10/27/2023,1/15/2004,,ea7185f80240a2cd,12/8/2029,,,Campinas,,x
LIC-LIC-01,CLARO S.A.,50409105090,10,132332023,683917412,CAM DA SERVIDÃO B,,SP,3509502,10M0G7W,LTE,,,2625,2505,330,FB,,,760,"56001603518",14.5,25,59,0,X,70,45621602519,40,-22.94931,-47.04221,G,10/27/2023,1/15/2004,,ea7185f80240a297,12/8/2029,,,Campinas,,x
LIC-LIC-01,CLARO S.A.,50409105090,10,132332023,683917382,R GUSTAVO STUART,,SP,3509502,10M0G7W,LTE,,,2625,2505,30,FB,,,760,"27331703519",17.05,28,65.49,0,X,27.5,56351705894,40,-22.85099,-47.10163,G,10/27/2023,1/15/2004,,ea7185f80240a26d,12/8/2029,,,Campinas,,x
LIC-LIC-01,CLARO S.A.,50409105090,10,132332023,683827243,R CONEGO OSCAR SAMPAIO,,SP,3509502,10M0G7W,LTE,,,2625,2505,90,FB,,,760,,17.6,21,51,0,X,27.7,45621602519,40,-22.91774,-47.04855,G,10/27/2023,1/15/2004,,ea7185f80240a249,12/8/2029,,,Campinas,,x
LIC-LIC-01,CLARO S.A.,50409105090,10,132332023,399687807,R ALCEU DA SILVA,LOTEAMENTO JD STA LUCIA,SP,3509502,10M0G7W,LTE,,,2625,2505,350,FB,,,760,"56001603518",14.5,25,59,-5,X,40,45621602519,40,-22.93465,-47.11418,G,10/27/2023,2/13/2004,,ea7185f80240a21f,12/8/2029,,,Campinas,,x
LIC-LIC-01,CLARO S.A.,50409105090,10,132332023,534804730,R FRANCISCO OTAVIANO,,SP,3509502,10M0G7W,LTE,,,2625,2505,70,FB,,,760,"27331703519",17.05,28,65.49,0,X,27,43341501882,40,-22.88109,-47.0734,G,10/27/2023,12/11/2001,,ea7185f80240a1e0,12/8/2029,,,Campinas,,x
LIC-LIC-01,CLARO S.A.,50409105090,10,132332023,665769962,R TREZE DE MAIO,,SP,3509502,10M0G7W,LTE,,,2625,2505,320,FB,,,760,"27331703519",17.05,28,65.49,0,X,40,45621602519,40,-22.8749,-46.94569,G,10/27/2023,6/13/2002,,ea7185f80240a1bc,12/8/2029,,,Campinas,,x
LIC-LIC-01,CLARO S.A.,50409105090,10,132332023,399685910,AV BRASIL,ED TRIANON,SP,3509502,10M0G7W,LTE,,,2625,2505,275,FB,,,760,,17.6,25,60,0,X,46,45621602519,40,-22.89047,-47.06341,G,10/27/2023,2/13/2004,,ea7185f80240a19b,12/8/2029,,,Campinas,,x
LIC-LIC-01,CLARO S.A.,50409105090,10,132332023,442516940,R PROF. RUTH FONSECA DE OLIVEIRA,,SP,3509502,10M0G7W,LTE,,,2625,2505,240,FB,,,760,,17.6,25,60,0,X,40,45621602519,40,-22.94839,-47.18604,G,10/27/2023,4/10/2000,,ea7185f80240a17d,12/8/2029,,,Campinas,,x
LIC-LIC-01,CLARO S.A.,50409105090,10,132332023,399572791,R ANTONIO NUNES DOS SANTOS,,SP,3509502,10M0G7W,LTE,,,2625,2505,250,FB,,,760,"27331703519",17.05,28,65.49,0,X,30,45621602519,40,-22.89969,-47.10375,G,10/27/2023,1/15/2004,,ea7185f80240a159,12/8/2029,,,Campinas,,x
LIC-LIC-01,CLARO S.A.,50409105090,10,132332023,399572783,AV LIX DA CUNHA,,SP,3509502,10M0G7W,LTE,,,2625,2505,290,FB,,,760,"27331703519",17.05,28,65.49,0,X,50,45621602519,40,-22.90204,-47.0819,G,10/27/2023,6/17/1999,,ea7185f80240a12c,12/8/2029,,,Campinas,,x
LIC-LIC-01,CLARO S.A.,50409105090,10,132332023,399685863,R ANTONIO GALVAO DE O BARROS,,SP,3509502,10M0G7W,LTE,,,2625,2505,350,FB,,,760,"56001603518",14.5,25,59,0,X,40,45621602519,40,-22.82998,-47.08055,G,10/27/2023,2/13/2004,,ea7185f80240a10e,12/8/2029,,,Campinas,,x
LIC-LIC-01,CLARO S.A.,50409105090,10,132332023,397422814,R FRANCISCO DE PAULA LIMA,,SP,3509502,10M0G7W,LTE,,,2625,2505,220,FB,,,760,"56001603518",14.5,25,59,0,X,59,45621602519,40,-22.93837,-47.0269,G,10/27/2023,5/14/2003,,ea7185f80240a0f0,12/8/2029,,,Campinas,,x
LIC-LIC-01,CLARO S.A.,50409105090,10,105752021,399572767,AV PRESIDENTE COSTA E SILVA,,SP,3509502,20M0G7W,LTE,,,2325,0,310,FB,,,760,"3692202519",24,25,70,0,X,40,3692202519,50,-22.85689,-47.07033,G,10/27/2023,6/17/1999,,ea7185f80240a0cd,12/8/2029,,,Campinas,,x
LIC-LIC-01,CLARO S.A.,50409105090,10,132332023,399572759,R DA SOCIEDADE,,SP,3509502,10M0G7W,LTE,,,2625,2505,270,FB,,,760,"56001603518",14.5,25,59,0,X,32.5,43341501882,40,-22.94571,-47.09065,G,10/27/2023,1/15/2004,,ea7185f80240a0a3,12/8/2029,,,Campinas,,x
LIC-LIC-01,CLARO S.A.,50409105090,10,132332023,399572732,AV DOUTOR LUIS DE TELLA,CAIXA D'AGUA,SP,3509502,10M0G7W,LTE,,,2625,2505,325,FB,,,760,"56001603518",14.5,25,59,0,X,36.5,45621602519,40,-22.80436,-47.06952,G,10/27/2023,6/17/1999,,ea7185f80240a083,12/8/2029,,,Campinas,,x
LIC-LIC-01,CLARO S.A.,50409105090,10,132332023,396892043,R SEBASTIAO POLO,,SP,3509502,10M0G7W,LTE,,,2625,2505,340,FB,,,760,"56001603518",14.5,25,59,0,X,35,45621602519,40,-22.86283,-47.14856,G,10/27/2023,5/14/2003,,ea7185f80240a05f,12/8/2029,,,Campinas,,x
LIC-LIC-01,CLARO S.A.,50409105090,10,132332023,396731813,R DR JOAQUIM DE CASTRO TIBIRICA,,SP,3509502,10M0G7W,LTE,,,2625,2505,240,FB,,,760,"8541105344",16.85,33.74,67.81,0,X,40,45621602519,40,-22.86244,-47.04104,G,10/9/2024,5/14/2003,,ea7185f80240a035,8/9/2028,,,Campinas,,x
LIC-LIC-01,CLARO S.A.,50409105090,10,132332023,396875823,R BERNARDINA CESARINO,,SP,3509502,10M0G7W,LTE,,,2625,2505,30,FB,,,760,"56001603518",14.5,25,59,0,X,35,45621602519,40,-22.91889,-47.08803,G,10/27/2023,2/13/2004,,ea7185f80240a01a,12/8/2029,,,Campinas,,x
LIC-LIC-01,Telefonica Brasil S.a.,50409146447,10,48412023,1000622921,RUA PALÁCIO GUANABARA  125/128 LOTE 05 QUADRA 15,,SP,3550308,10M0G7W,LTE,,,2160,1970,90,FB,,,760,"56001603518",17.5,25,65,2,X,50,48811903257,40,-23.432119,-46.715258,G,10/15/2024,11/24/2014,,20b685f803ebfcc7,4/29/2038,,,São Paulo,,
LIC-LIC-01,TELEFONICA BRASIL S.A.,50409146447,10,97432014,1000618347,ESTRADA SAO ROQUE NOVO,RBR-NÃO,SP,3506904,10M0G7W,LTE,,,788,733,170,FB,,,760,"0",15,21,70.7,2,X,60,48811903257,40,-23.06583,-48.18028,G,10/17/2023,11/24/2014,,20b685f803ebfcb5,12/8/2029,,,Bofete,,
LIC-LIC-01,TELEFONICA BRASIL S.A.,50409146447,10,166262022,1011718933,AVENIDA CELESTINO JOSÉ DOS SANTOS,,SP,3523404,10M0G7W,LTE,,,1875,1780,290,FB,,,760,"24731703257",15.5,25,63,2,X,60,83071803257,40,-22.96233,-46.91284,G,10/17/2023,2/8/2021,,20b685f80283a2ef,12/22/2032,,,Itatiba,,x
LIC-LIC-01,TELEFONICA BRASIL S.A.,50409146447,10,97432014,436362813,RUA SERAFIM RICCI,RUA SERAFIM RICCI  S/N KM 75 5 SP 348,SP,3556701,10M0G7W,LTE,,,788,733,230,FB,,,760,"0",15,21,70.7,2,X,33,48811903257,40,-23.076256,-47.026903,G,5/13/2024,8/2/2001,,20b685f80283a26b,12/8/2029,,,Vinhedo,,x
LIC-LIC-01,CLARO S.A.,50409105090,10,132332023,399572716,R ADALBERTO MAIA,LOTE 16 QUADRA 26,SP,3509502,10M0G7W,LTE,,,2625,2505,350,FB,,,760,"56001603518",14.5,25,59,-2,X,31,45621602519,40,-22.88442,-47.05385,G,10/16/2023,1/15/2004,,2db385f8038703ee,3/31/2028,,,Campinas,,x
LIC-LIC-01,CLARO S.A.,50409105090,10,25152016,1013078788,R DA QUIMERA,LT 11 A  QD G,SP,3550308,15M0G7W,LTE,,,1842.5,1747.5,340,FB,,,760,"56001603518",14.3,25,65,0,X,25,6091702519,79.43,-23.42379,-46.58808,G,10/10/2023,5/10/2022,,b0d6f5f803466923,8/6/2027,,,São Paulo,,
LIC-LIC-01,CLARO S.A.,50409105090,10,46662011,1015298947,R COLIBRI,,SP,3528502,2M50G7W,LTE,,,892.75,847.75,0,FB,,,168,,11,0,360,0,V,18,39721705894,80,-23.26894,-46.64467,G,9/28/2023,9/28/2023,,0c2b85f8036eaefd,8/6/2027,,,Mairiporã,,
LIC-LIC-01,CLARO S.A.,50409105090,10,132332023,674680790,AV GUILHERME CAMPOS,SHOPPING DOM PEDRO,SP,3509502,10M0G7W,LTE,,,2625,2505,0,FB,,,168,,4,0,360,0,V,3,45621602519,40,-22.84722,-47.06266,G,1/3/2024,10/1/2002,,d0bb85f8035e8cd2,10/18/2027,,,Campinas,,x
LIC-LIC-01,TELEFONICA BRASIL S.A.,50409146447,10,166262022,1006103349,RUA LUIZ MAGRI,RBR-NÃO,SP,3547304,10M0G7W,LTE,,,2150,1960,200,FB,,,760,"56001603518",16,25,67,4,X,49,83071803257,40,-23.43179,-46.87312,G,9/26/2023,4/4/2018,,550085f803adcd8c,12/22/2032,,,Santana de Parnaíba,,
LIC-LIC-01,TELEFONICA BRASIL S.A.,50409146447,10,166262022,441985661,AVENIDA PARIS,RBR-NÃO,SP,3536505,10M0G7W,LTE,,,1855,1760,260,FB,,,760,"56001603518",16.7,30,64,4,X,30,48811903257,40,-22.728983,-47.168775,G,9/26/2023,12/15/1999,,550085f803adcd0c,12/22/2032,,,Paulínia,,x
LIC-LIC-01,TELEFONICA BRASIL S.A.,50409146447,10,97432014,442159714,RODOVIA GOVERNADOR DOUTOR ADHEMAR PEREIRA DE BARROS,RBR-NÃO,SP,3530805,10M0G7W,LTE,,,788,733,70,FB,,,760,"0",15,21,70.7,0,X,60,48811903257,40,-22.51972,-46.99139,G,9/26/2023,12/15/1999,,550085f803adc9d3,12/8/2029,,,Mogi Mirim,,
LIC-LIC-01,TELEFONICA BRASIL S.A.,50409146447,10,166262022,1001072100,RUA DOUTOR JOSE FABIANO DE CHRISTO GURJAO,RBR-NÃO,SP,3530805,10M0G7W,LTE,,,1855,1760,220,FB,,,760,"0",17.4,23,69,2,X,40,48811903257,40,-22.491694,-46.981244,G,9/26/2023,6/12/2015,,550085f803adc9a0,12/22/2032,,,Mogi Mirim,,
LIC-LIC-01,TELEFONICA BRASIL S.A.,50409146447,10,48422023,443389080,RUA MORRETES,,SP,3530706,5M00G7W,LTE,,,1867.5,1772.5,320,FB,,,760,"5152003257",17.2,26,69,2,X,55,83071803257,40,-22.3452,-46.955022,G,3/11/2024,9/15/2000,,550085f803adc8f5,12/22/2032,,,Mogi Guaçu,,
LIC-LIC-01,TELEFONICA BRASIL S.A.,50409146447,10,48422023,442159595,RUA CONSELHEIRO JOSÉ ANTÔNIO DE ARRUDA VILAS BOAS,,SP,3530706,5M00G7W,LTE,,,1862.5,1767.5,310,FB,,,760,"5152003257",17.2,26,69,2,X,47,83071803257,40,-22.381006,-46.937119,G,3/11/2024,12/15/1999,,550085f803adc8b0,12/22/2032,,,Mogi Guaçu,,
LIC-LIC-01,TELEFONICA BRASIL S.A.,50409146447,10,59072012,442159560,RUA HENRIQUE COPPI,,SP,3530706,5M00G7W,LTE,,,2680,2560,315,FB,,,760,"0",18.4,25,58,1,X,43,58221803257,40,-22.368461,-46.943628,G,3/11/2024,12/15/1999,,550085f803adc874,10/18/2027,,,Mogi Guaçu,,
LIC-LIC-01,TELEFONICA BRASIL S.A.,50409146447,10,97432014,1014944608,AVENIDA ORPHEU MANENTI,CHÁCARA CHAPARRAL,SP,3503307,10M0G7W,LTE,,,788,733,340,FB,,,760,"44181403519",14.2,32,58,2,X,49,48811903257,40,-22.351675,-47.347892,G,5/24/2024,5/30/2023,,550085f803adc679,12/8/2029,,,Araras,,
LIC-LIC-01,Telefonica Brasil S.a.,50409146447,10,48412023,379963663,RUA CAMPOS SALES  S/N,X OLAVO BILLAC,SP,3516408,10M0G7W,LTE,,,2160,1970,90,FB,,,760,"1.29E+11",15.8,32,56,2,X,30,83071803257,40,-23.327042,-46.735547,G,10/15/2024,12/10/1999,,550085f803adc50d,4/29/2038,,,Franco da Rocha,,
LIC-LIC-01,TELEFONICA BRASIL S.A.,50409146447,10,48412023,693080027,RUA SOROCABA,RBR-SIM,SP,3523909,10M0G7W,LTE,,,2160,1970,160,FB,,,760,"56001603518",17.5,25,65,2,X,36,83071803257,40,-23.277833,-47.302167,G,9/26/2023,12/30/2010,,550085f803adc4ba,4/30/2038,,,Itu,,x
LIC-LIC-01,TELEFONICA BRASIL S.A.,50409146447,10,48412023,1008817497,SÍTIO  BOA VISTA,RBR-NÃO,SP,3523404,10M0G7W,LTE,,,2160,1970,360,FB,,,760,"56001603518",17.2,30,60,2,X,60,83071803257,40,-23.032581,-46.860881,G,9/26/2023,7/9/2019,,550085f803adc469,4/30/2038,,,Itatiba,,x
LIC-LIC-01,TELEFONICA BRASIL S.A.,50409146447,10,166262022,443389055,RODOVIA DOM PEDRO I,RBR-NÃO,SP,3556206,10M0G7W,LTE,,,2150,1960,330,FB,,,760,"44181403519",16.4,32,57,7,X,55,83071803257,40,-22.913258,-46.966208,G,9/26/2023,9/15/2000,,eee585f8040327c9,12/22/2032,,,Valinhos,,
LIC-LIC-01,TELEFONICA BRASIL S.A.,50409146447,10,97432014,1000262992,RUA ITALO LOSANDI,RBR-NÃO,SP,3511706,10M0G7W,LTE,,,788,733,140,FB,,,760,"0",15,21,70.7,2,X,60,48811903257,40,-22.532506,-47.714178,G,9/26/2023,11/9/2015,,eee585f804032793,12/8/2029,,,Charqueada,,x
LIC-LIC-01,Telefonica Brasil S.a.,50409146447,10,48412023,699353653,RUA DONA AMBROSINA DO CARMO BUONAGUIDE  S/N,,SP,3509007,10M0G7W,LTE,,,2160,1970,340,FB,,,760,"56001603518",17.2,30,60,0,X,25,83071803257,40,-23.361014,-46.744867,G,10/15/2024,10/15/2013,,eee585f804032640,4/29/2038,,,Caieiras,,
LIC-LIC-01,Telefonica Brasil S.a.,50409146447,10,48412023,1517848,AVENIDA JORDANO MENDES,,SP,3509205,10M0G7W,LTE,,,2160,1970,270,FB,,,760,"56001603518",17.5,25,65,2,X,60,57731705894,40,-23.33444,-46.83778,G,3/22/2025,12/10/1999,,eee585f804032574,4/29/2038,,,Cajamar,,
LIC-LIC-01,TELEFONICA BRASIL S.A.,50409146447,10,48412023,3229459,RUA AMADEU SIMONETTI,RBR-NÃO,SP,3509007,10M0G7W,LTE,,,2160,1970,30,FB,,,760,"56001603518",17.2,30,60,2,X,50,83071803257,40,-23.350453,-46.755014,G,9/26/2023,12/10/1999,,eee585f8040324e2,4/30/2038,,,Caieiras,,
LIC-LIC-01,TELEFONICA BRASIL S.A.,50409146447,10,166262022,1517864,AVENIDA ALBERTO PERATELO,RBR-SIM,SP,3508405,10M0G7W,LTE,,,2150,1960,100,FB,,,760,"56001603518",17.2,30,60,2,X,60,57731705894,40,-23.237553,-47.060653,G,9/26/2023,12/10/1999,,eee585f804032465,12/22/2032,,,Cabreúva,,
LIC-LIC-01,TELEFONICA BRASIL S.A.,50409146447,10,97432014,441994644,RODOVIA FERNAO DIAS,RBR-NÃO,SP,3507605,10M0G7W,LTE,,,788,733,300,FB,,,760,"1.29E+11",13.9,33,74,3,X,60,48811903257,40,-22.989389,-46.504906,G,9/26/2023,12/15/1999,,eee585f804032404,12/8/2029,,,Bragança Paulista,,
LIC-LIC-01,TELEFONICA BRASIL S.A.,50409146447,10,48412023,692004688,RUA IRERÊ,RBR-NÃO,SP,3556503,10M0G7W,LTE,,,2160,1970,60,FB,,,760,"56001603518",17.2,30,60,2,X,40,83071803257,40,-23.197028,-46.826306,G,9/26/2023,1/11/2010,,eee585f8040320a9,4/30/2038,,,Várzea Paulista,,x
LIC-LIC-01,CLARO S.A.,50409105090,10,132332023,1011795067,R JORGE DE CAMARGO,,SP,3509502,10M0G7W,LTE,,,2625,2505,300,FB,,,760,"56001603518",14.5,25,59,0,X,40,56351705894,40,-22.95122,-47.09098,G,9/27/2023,3/5/2021,,550085f802a0b39e,3/31/2028,,,Campinas,,x
LIC-LIC-01,CLARO S.A.,50409105090,10,132332023,1000098564,AV JOHN BOYD DUNLOP,,SP,3509502,10M0G7W,LTE,,,2625,2505,0,FB,,,168,,4,0,360,0,V,5,45621602519,40,-22.92501,-47.12782,G,9/27/2023,5/20/2014,,550085f802a0b382,3/31/2028,,,Campinas,,x
LIC-LIC-01,CLARO S.A.,50409105090,10,132332023,441626742,R JAMBEIRO,,SP,3509502,10M0G7W,LTE,,,2625,2505,230,FB,,,760,"56001603518",14.5,25,59,-2,X,40,45621602519,40,-22.92739,-47.04278,G,2/13/2026,12/10/1999,,550085f802a0b369,8/9/2028,,,Campinas,,x
LIC-LIC-01,CLARO S.A.,50409105090,10,97692014,399914730,R MAJOR FERNANDO VALLE,(EM FRENTE AO Nº 397),SP,3507605,10M0G7W,LTE,,,798,743,40,FB,,,760,,13.4,21,68,-4,X,40,57731705894,80,-22.9491,-46.5478,G,9/14/2023,10/15/1999,,03cef5f8033f6416,8/6/2027,,,Bragança Paulista,,
LIC-LIC-01,CLARO S.A.,50409105090,10,97692014,684150522,AV PROFESSOR LUIZ ROSA,,SP,3525904,10M0G7W,LTE,,,798,743,350,FB,,,760,"56001603518",13,23,67,-2,X,48,57731705894,80,-23.18317,-46.89032,G,9/11/2023,12/31/1999,,0469f5f8036a120a,8/6/2027,,,Jundiaí,,x
LIC-LIC-01,CLARO S.A.,50409105090,10,48372023,1015225052,R FIORAVANTE CHINELATTO,,SP,3501608,15M0G7W,LTE,,,2117.5,1927.5,270,FB,,,760,"27331703519",16.16,26,66.76,0,X,28,40952002519,60,-22.73695,-47.35373,G,9/6/2023,9/6/2023,,219af5f802c61dbe,4/30/2038,,,Americana,,x
LIC-LIC-01,CLARO S.A.,50409105090,10,46662011,1015192898,R RUA DONA ELIZA,,SP,3528502,2M50G7W,LTE,,,892.75,847.75,0,FB,,,168,,11,0,360,0,V,18,39721705894,80,-23.26623,-46.53535,G,8/28/2023,8/28/2023,,16d5f5f8038f4c85,8/6/2027,,,Mairiporã,,
LIC-LIC-01,CLARO S.A.,50409105090,10,46622011,1015192952,EST VICINAL SP-113,"113",SP,3554508,2M50G7W,LTE,,,892.75,847.75,0,FB,,,168,,11,0,360,0,V,18,39721705894,80,-23.09355,-47.60762,G,8/28/2023,8/28/2023,,1dc3f5f803585c3f,3/31/2028,,,Tietê,,
LIC-LIC-01,CLARO S.A.,50409105090,10,59592012,1012635519,R BENEDITO DA SILVA,,SP,3520509,20M0G7W,LTE,,,2640,2520,230,FB,,,760,"27331703519",17.05,28,65.49,0,X,60,56351705894,40,-23.07712,-47.19939,G,8/25/2023,12/1/2021,,c8c3c5f803602b89,3/31/2028,,,Indaiatuba,,x
LIC-LIC-01,CLARO S.A.,50409105090,10,46662011,1015192847,RUA COREIA DO SUL,BUFFET ESPAÇO CANTAREIRA - (ANTIGA AL. DAS ACACIAS),SP,3528502,2M50G7W,LTE,,,892.75,847.75,0,FB,,,168,,11,25,360,0,V,3,75462401647,60,-23.35763,-46.61966,G,3/18/2025,8/28/2023,,1d82c5f8038303ce,8/6/2027,,,Mairiporã,,
LIC-LIC-01,CLARO S.A.,50409105090,10,59592012,1015192839,R ALFREDO VAZ CERQUINHO,,SP,3524006,20M0G7W,LTE,,,2640,2520,320,FB,,,760,"8541105344",16.85,33.74,67.81,-2,X,45,56351705894,40,-23.16627,-47.0865,G,8/28/2023,8/28/2023,,1d82c5f8038303c4,8/6/2027,,,Itupeva,,x
LIC-LIC-01,CLARO S.A.,50409105090,10,46662011,1015188459,AV ANTONIO CANDIDO MACHADO,,SP,3509205,10M0G7W,LTE,,,1825,1730,0,FB,,,168,,3,0,360,0,V,3,6091702519,79.43,-23.32969,-46.84566,G,8/25/2023,8/25/2023,,300ff5f8039a7c7e,8/6/2027,,,Cajamar,,
LIC-LIC-01,CLARO S.A.,50409105090,10,25152016,1015192871,R COMENDADOR XISTO ARARIPE PARAISO,,SP,3524006,15M0G7W,LTE,,,1842.5,1747.5,290,FB,,,760,"9371303519",17.08,30,72.66,-2,X,33,12111805894,40,-23.15562,-47.0593,G,8/28/2023,8/28/2023,,c8c3c5f80389c272,8/6/2027,,,Itupeva,,x
LIC-LIC-01,CLARO S.A.,50409105090,10,105752021,441163548,R DO OSMIO,,SP,3545803,20M0G7W,LTE,,,2325,0,210,FB,,,760,,16.2,28,79,4,X,47,139000000000,50,-22.74748,-47.36612,G,8/5/2025,12/10/1999,,c8c3c5f8037c104d,12/8/2041,,,Santa Bárbara d'Oeste,,x
LIC-LIC-01,CLARO S.A.,50409105090,10,46622011,1014806221,R VEREADORA ALICE MARCELO,,SP,3537503,2M50G7W,LTE,,,892.75,847.75,325,FB,,,760,,13.8,23,70,0,X,51,39721705894,80,-23.07484,-47.96916,G,8/15/2023,3/29/2023,,c8c3c5f8035880ce,3/31/2028,,,Pereiras,,
LIC-LIC-01,CLARO S.A.,50409105090,10,97692014,1014434367,AV INDEPENDÊNCIA,,SP,3552205,10M0G7W,LTE,,,798,743,290,FB,,,760,,13.4,21,68,0,X,51,57731705894,80,-23.424,-47.41275,G,8/15/2023,10/28/2022,,c8c3c5f803588089,3/31/2028,,,Sorocaba,,
LIC-LIC-01,CLARO S.A.,50409105090,10,46662011,1015141940,R HENRIQUE BARBOSA ORTIZ,,SP,3528502,2M50G7W,LTE,,,892.75,847.75,0,FB,,,168,,11,0,360,0,V,18,39721705894,80,-23.2794,-46.6067,G,8/3/2023,8/3/2023,,ef8bc5f803d66180,8/6/2027,,,Mairiporã,,
LIC-LIC-01,CLARO S.A.,50409105090,10,105752021,695756079,R SETE DE SETEMBRO,,SP,3516408,20M0G7W,LTE,,,2325,0,30,FB,,,760,"1.03E+11",25,25,65,-5,X,28.5,103000000000,50,-23.32769,-46.72457,G,10/17/2024,8/11/2011,,ef8bc5f803d6606b,12/8/2041,,,Franco da Rocha,,
LIC-LIC-01,CLARO S.A.,50409105090,10,34672011,1005012200,AV FERNANDO MENDES DE ALMEIDA,AO LADO DO 1054,SP,3550308,10M0G7W,LTE,,,2140,1950,200,FB,,,760,,17.2,25,65,0,X,33,27191702519,60,-23.42724,-46.71454,G,8/15/2023,9/14/2017,,f70cc5f803b869d1,8/6/2027,,,São Paulo,,
LIC-LIC-01,CLARO S.A.,50409105090,10,97692014,1014806108,ROD MARECHAL RONDON,FAZENDA DOIS IRMAOS,SP,3537503,10M0G7W,LTE,,,798,743,80,FB,,,760,"27331703519",14.1,25,66.56,0,X,50,57731705894,80,-23.04678,-47.95811,G,8/10/2023,3/29/2023,,1d82c5f803934a3f,3/31/2028,,,Pereiras,,
LIC-LIC-01,CLARO S.A.,50409105090,10,46622011,1014722176,RUA PADRES SALVATORIANOS,,SP,3512308,10M0G7W,LTE,,,1875,1780,280,FB,,,760,,16.5,21,66,0,X,63,6091702519,79.43,-23.02895,-48.0157,G,7/25/2023,2/24/2023,,f70cc5f802e0b566,3/31/2028,,,Conchas,,
LIC-LIC-01,CLARO S.A.,50409105090,10,105752021,1011561112,ROD CASTELO BRANCO,KM 58 - RUA HOTEL ODA COUNTRY,SP,3550605,10M0G7W,LTE,,,2325,0,355,FB,,,760,,16.2,28,79,-3,X,59,139000000000,50,-23.42236,-47.14261,G,7/25/2023,12/15/2020,,f70cc5f803dcb7f0,8/6/2027,,,São Roque,,
LIC-LIC-01,CLARO S.A.,50409105090,10,97692014,1003362700,ROD DOS BANDEIRANTES,SHOPPING SUSPENSO SERRA AZUL,SP,3524006,10M0G7W,LTE,,,798,743,320,FB,,,760,,13.4,21,68,-1,X,40,57731705894,80,-23.10531,-47.00694,G,7/25/2023,10/25/2016,,f70cc5f803dcb773,8/6/2027,,,Itupeva,,x
LIC-LIC-01,CLARO S.A.,50409105090,10,46622011,1015141975,AL CARLOS DE CARVALHO VIEIRA BRAGA,,SP,3556206,2M50G7W,LTE,,,892.75,847.75,0,FB,,,168,,11,0,360,0,V,18,39721705894,80,-22.94301,-46.9038,G,8/3/2023,8/3/2023,,ef8bc5f80342a009,3/31/2028,,,Valinhos,,
LIC-LIC-01,CLARO S.A.,50409105090,10,97692014,1014434006,RUA GOVERNADOR PEDRO DE TOLEDO,,SP,3526407,10M0G7W,LTE,,,798,743,220,FB,,,760,"56001603518",13,23,67,0,X,70.7,57731705894,80,-23.06247,-47.82694,G,7/31/2023,10/28/2022,,7d29c5f803a15616,3/31/2028,,,Laranjal Paulista,,
LIC-LIC-01,CLARO S.A.,50409105090,10,97692014,683917331,R TURMALINA,,SP,3545803,10M0G7W,LTE,,,798,743,240,FB,,,760,,13.3,25,60,-2,X,57,57731705894,80,-22.74274,-47.35603,G,7/25/2023,1/15/2004,,12de95f80bb64734,3/31/2028,,,Santa Bárbara d'Oeste,,x
LIC-LIC-01,CLARO S.A.,50409105090,10,105752021,1012696763,R APARECIDA DE JESUS SILVA,LOTE 11 QUADRA E,SP,3509007,50M0G7W,LTE,,,2325,0,270,FB,,,760,,16.2,28,79,-1,X,35,139000000000,50,-23.38203,-46.70381,G,7/26/2023,12/23/2021,,dd2b95f802c65ab6,12/8/2041,,,Caieiras,,
LIC-LIC-01,CLARO S.A.,50409105090,10,34672011,1011650042,EST MUN JOANNINE CAUMO,,SP,3509502,10M0G7W,LTE,,,2140,1950,0,FB,,,760,"13320701705",11.8,23.32,65,0,X,16,27191702519,60,-22.85282,-47.14434,G,7/20/2023,1/7/2021,,38bac5f803168b41,3/31/2028,,,Campinas,,x
LIC-LIC-01,CLARO S.A.,50409105090,10,46662011,1015084882,R DOMINGOS BERNARDI,LOTE 39 QD A -,SP,3554953,2M50G7W,LTE,,,892.75,847.75,0,FB,,,168,,11,0,360,0,V,75,39721705894,80,-22.83492,-46.64818,G,7/17/2023,7/17/2023,,75c1c5f80259d505,8/6/2027,,,Tuiuti,,
LIC-LIC-01,CLARO S.A.,50409105090,10,105752021,684838796,EST CHICA LUIZA,ESQUINA RUA SANTO AGOSTINHO 2750,SP,3550308,50M0G7W,LTE,,,2325,0,325,FB,,,760,"3692202519",24,25,70,0,X,70,3692202519,50,-23.43906,-46.77059,G,7/13/2023,12/15/2004,,857295f85e789999,8/6/2027,,,São Paulo,,
LIC-LIC-01,CLARO S.A.,50409105090,10,97692014,1014434472,ROD ANTÔNIO ROMANO SCHINCARIOL,OI ID SPTTI3221,SP,3554003,10M0G7W,LTE,,,798,743,80,FB,,,760,,13.4,21,68,0,X,50,57731705894,80,-23.36105,-47.89433,G,6/29/2023,10/28/2022,,3a4895f80376b774,12/8/2029,,,Tatuí,,
LIC-LIC-01,TELEFONICA BRASIL S.A.,50409146447,10,166262022,1002597495,RUA 30,EM FRETE AO 479 LOTES I E J,SP,3543907,10M0G7W,LTE,,,2150,1960,180,FB,,,760,"56001603518",17.2,30,60,3,X,49,83071803257,40,-22.424167,-47.582389,G,2/29/2024,6/30/2016,,b1ee85f8241e7a80,12/22/2032,,,Rio Claro,,
LIC-LIC-01,TELEFONICA BRASIL S.A.,50409146447,10,48412023,441553028,AVENIDA 33,,SP,3543907,10M0G7W,LTE,,,2160,1970,240,FB,,,760,"5152003257",17.3,25,68,2,X,48,83071803257,40,-22.427308,-47.567758,G,1/30/2024,12/15/1999,,b1ee85f8241e78ce,4/29/2038,,,Rio Claro,,
LIC-LIC-01,CLARO S.A.,50409105090,10,105752021,1012685192,AV DONALD SAVAZONI,ESQUINA COM AZEVEDO SOARES,SP,3516408,40M0G7W,LTE,,,2325,0,30,FB,,,760,,16.2,28,79,-4,X,22.7,139000000000,50,-23.33096,-46.72034,G,1/7/2026,9/20/2010,,16cd95f834bb63ef,12/8/2041,,,Franco da Rocha,,
LIC-LIC-01,CLARO S.A.,50409105090,10,46662011,1014985576,AL DAS ORQUÍDEAS,AO LADO DO 400,SP,3528502,5M00G7W,LTE,,,892.75,847.75,0,FB,,,168,,11,0,360,0,V,40,39721705894,80,-23.33062,-46.60855,G,6/20/2023,6/20/2023,,e4e495f82f4a27a0,8/6/2027,,,Mairiporã,,
LIC-LIC-01,CLARO S.A.,50409105090,10,46662011,1014985568,R DOIS,,SP,3528502,2M50G7W,LTE,,,892.75,847.75,0,FB,,,168,,11,0,360,0,V,40,39721705894,80,-23.33339,-46.57133,G,11/8/2023,6/20/2023,,e4e495f82f4a279c,8/6/2027,,,Mairiporã,,
LIC-LIC-01,Telefonica Brasil S.a.,50409146447,10,48412023,441554288,RUA 8 A,,SP,3543907,5M00G7W,LTE,,,2167.5,1977.5,215,FB,,,760,"24731703257",15.3,25,62,2,X,40,83071803257,40,-22.387356,-47.551669,G,4/10/2025,12/15/1999,,e97195f800f89694,4/29/2038,,,Rio Claro,,
LIC-LIC-01,TELEFONICA BRASIL S.A.,50409146447,10,1422016,641254318,AVENIDA BENJAMIN DE PAULA FRANÇA,ALTURA DA RODOVIA VIA ANHANGUERA  KM 83 SP 330,SP,3556206,5M00G7W,LTE,,,2680,2560,215,FB,,,760,"56001603518",17.5,30,57,1,X,42,58221803257,40,-23.014936,-47.022753,G,1/9/2024,9/5/2002,,e97195f800f89613,10/18/2027,50010613854,TIM S A,Valinhos,,
LIC-LIC-01,TELEFONICA BRASIL S.A.,50409146447,10,48412023,1000746094,RODOVIA SANTOS DUMONT,AEROPORTO DE VIRACOPOS,SP,3509502,5M00G7W,LTE,,,2167.5,1977.5,290,FB,,,760,"44181403519",16.4,32,57,0,X,9,83071803257,40,-23.010231,-47.14965,G,11/17/2023,11/11/2014,,e97195f800e9fb60,4/30/2038,,,Campinas,,x
LIC-LIC-01,TELEFONICA BRASIL S.A.,50409146447,10,48412023,1002154534,RUA FRANCISCO FOGA,,SP,3556701,5M00G7W,LTE,,,2167.5,1977.5,290,FB,,,760,"56001603518",17.2,30,60,2,X,66,83071803257,40,-23.065528,-47.002364,G,11/23/2023,11/9/2015,,e97195f800e9fb2a,4/30/2038,,,Vinhedo,,x
LIC-LIC-01,TELEFONICA BRASIL S.A.,50409146447,10,97432014,699608821,RODOVIA CORNÉLIO PIRES,KM 73 SP 127 FAZENDA MILANI,SP,3554508,10M0G7W,LTE,,,788,733,260,FB,,,760,"5152003257",14,21,66,0,X,24,48811903257,40,-23.034631,-47.722728,G,1/9/2024,2/12/2014,,e97195f800e9f938,12/8/2029,,,Tietê,,
LIC-LIC-01,Telefonica Brasil S.a.,50409146447,10,48412023,695774522,AVENIDA BRASIL,,SP,3543907,5M00G7W,LTE,,,2167.5,1977.5,190,FB,,,760,"5152003257",17.3,25,68,1,X,59,83071803257,40,-22.373853,-47.556419,G,4/10/2025,8/25/2011,,e97195f80077086c,4/29/2038,,,Rio Claro,,
LIC-LIC-01,TELEFONICA BRASIL S.A.,50409146447,10,97432014,692856870,RODOVIA CÔNEGO CYRIACO SCARANELLO PIRES,KM 07 - SITIO NEIRI,SP,3531803,10M0G7W,LTE,,,788,733,220,FB,,,760,"24731703257",15.5,25,63.3,2,X,20,48811903257,40,-23.019361,-47.306306,G,1/8/2024,10/27/2010,,e97195f80077078e,12/8/2029,,,Monte Mor,,x
LIC-LIC-01,Telefonica Brasil S.a.,50409146447,10,1422016,441564470,RODOVIA VIA ANHANGUERA,KM 135 SP 330,SP,3526902,5M00G7W,LTE,,,2680,2560,60,FB,,,760,"0",18.4,25,58,2,X,58,58221803257,40,-22.648061,-47.327561,G,4/5/2025,12/15/1999,,6f4f85f800fc5ae6,10/18/2027,50010613854,TIM S A,Limeira,,
LIC-LIC-01,Telefonica Brasil S.a.,50409146447,10,1422016,1002099290,RUA MARCELO MACHADO DE ARAÚJO,,SP,3526902,5M00G7W,LTE,,,2680,2560,50,FB,,,760,"5152003257",17.5,24,59,4,X,48,58221803257,40,-22.5744,-47.424992,G,4/10/2025,11/9/2015,,6f4f85f800fc5acb,10/18/2027,50010613854,TIM S A,Limeira,,
LIC-LIC-01,TELEFONICA BRASIL S.A.,50409146447,10,1422016,441549233,RUA DOUTOR JOSÉ CARVALHO FERREIRA,,SP,3526902,5M00G7W,LTE,,,2680,2560,250,FB,,,760,"5152003257",17.5,24,59,5,X,36,58221803257,40,-22.543358,-47.390167,G,1/30/2024,12/15/1999,,6f4f85f800fc5a39,10/18/2027,50010613854,TIM S A,Limeira,,
LIC-LIC-01,Telefonica Brasil S.a.,50409146447,10,1422016,1002051603,RUA ELISEU PRADA,X RUA VANDERLEI CARLOS CANDIOTO,SP,3526902,5M00G7W,LTE,,,2680,2560,175,FB,,,760,"5152003257",17.5,24,59,2,X,34,58221803257,40,-22.602211,-47.395211,G,6/16/2025,11/9/2015,,6f4f85f800fc59de,10/18/2027,50010613854,TIM S A,Limeira,,
LIC-LIC-01,Telefonica Brasil S.a.,50409146447,10,1422016,691934746,RUA JOSÉ ALBERTO CAMPANINI,,SP,3526902,5M00G7W,LTE,,,2680,2560,180,FB,,,760,"56001603518",17.5,30,57,2,X,33,58221803257,40,-22.599528,-47.420417,G,4/3/2025,2/1/2010,,6f4f85f800fc59bc,10/18/2027,50010613854,TIM S A,Limeira,,
LIC-LIC-01,TELEFONICA BRASIL S.A.,50409146447,10,48412023,536447543,RUA MANOEL MACHADO PEREIRA  S/N,,SP,3509502,5M00G7W,LTE,,,2167.5,1977.5,210,FB,,,760,"56001603518",17.5,25,65,5,X,51,83071803257,40,-22.950189,-47.187772,G,8/12/2024,12/22/2000,,e97195f8006b1051,4/29/2038,,,Campinas,,x
LIC-LIC-01,TELEFONICA BRASIL S.A.,50409146447,10,48412023,690994150,AVENIDA ALCIDES PERISSINOTO,SÍTIO ITAPIRU,SP,3538709,5M00G7W,LTE,,,2167.5,1977.5,275,FB,,,760,"24731703257",15.9,25,62,2,X,61,83071803257,40,-22.679111,-47.713139,G,1/5/2024,1/19/2009,,e97195f8006853b6,4/30/2038,,,Piracicaba,,x
LIC-LIC-01,TELEFONICA BRASIL S.A.,50409146447,10,1452016,441563171,AVENIDA LARANJAL PAULISTA,,SP,3538709,5M00G7W,LTE,,,2665,2545,240,FB,,,760,"56001603518",17.5,30,57,2,X,31,58221803257,40,-22.772514,-47.656014,G,1/5/2024,12/15/1999,,e97195f80068524e,10/18/2027,,,Piracicaba,,x
LIC-LIC-01,TELEFONICA BRASIL S.A.,50409146447,10,48412023,1008197022,RUA 3,AO LADO DO N 181,SP,3533403,5M00G7W,LTE,,,2167.5,1977.5,330,FB,,,760,"0",17.9,24,64,2,X,32,83071803257,40,-22.777747,-47.311067,G,11/27/2023,2/26/2019,,e97195f800552710,4/30/2038,,,Nova Odessa,,x
LIC-LIC-01,TELEFONICA BRASIL S.A.,50409146447,10,48412023,687524121,RUA JOÃO BATISTA GRAVENA,,SP,3547007,5M00G7W,LTE,,,2167.5,1977.5,250,FB,,,760,"5152003257",17.3,25,68,2,X,36,83071803257,40,-22.566444,-48.150889,G,1/3/2024,10/5/2005,,e97195f800409fbf,4/30/2038,,,Santa Maria da Serra,,
LIC-LIC-01,TELEFONICA BRASIL S.A.,50409146447,10,48412023,441549225,RUA CÁSSIO PARRONCHI FERREIRA,AO LADO DO 248,SP,3526902,5M00G7W,LTE,,,2167.5,1977.5,120,FB,,,760,"5152003257",17.3,25,68,3,X,41,83071803257,40,-22.559553,-47.427589,G,1/30/2024,12/15/1999,,e97195f800364776,4/29/2038,,,Limeira,,
LIC-LIC-01,TELEFONICA BRASIL S.A.,50409146447,10,48412023,441549209,RUA CARLOS GOMES,,SP,3526902,5M00G7W,LTE,,,2167.5,1977.5,160,FB,,,760,"44181403519",16.4,32,57,4,X,44,83071803257,40,-22.566469,-47.403194,G,1/30/2024,12/15/1999,,e97195f8003646c9,4/29/2038,,,Limeira,,
LIC-LIC-01,TELEFONICA BRASIL S.A.,50409146447,10,48412023,410917400,RUA BEIJA-FLOR,LOTES 4 E 5,SP,3526902,5M00G7W,LTE,,,2167.5,1977.5,200,FB,,,760,"0",17.5,25,65,4,X,31,83071803257,40,-22.600647,-47.409122,G,1/30/2024,12/13/1999,,e97195f800364684,4/29/2038,,,Limeira,,
LIC-LIC-01,Telefonica Brasil S.a.,50409146447,10,59072012,699392810,RODOVIA MUNICIPAL MARTIM LUTERO  S/N,KM 15,SP,3526902,20M0G7W,LTE,,,2680,2560,230,FB,,,760,"5152003257",17.5,24,59,2,X,60,58221803257,40,-22.562875,-47.363306,G,10/31/2024,2/12/2014,,e97195f800364559,10/18/2027,,,Limeira,,
LIC-LIC-01,TELEFONICA BRASIL S.A.,50409146447,10,97432014,1003375046,AVENIDA SANTA CRUZ DO RIO PARDO,,SP,3538709,10M0G7W,LTE,,,788,733,170,FB,,,760,"0",15,21,70.7,2,X,60,48811903257,40,-22.795849,-47.616261,G,11/23/2023,10/13/2016,,e97195f800245c9a,12/8/2029,,,Piracicaba,,x
LIC-LIC-01,TELEFONICA BRASIL S.A.,50409146447,10,1422016,1000623642,RUA DA SERVIDÃO,SÍTIO SANTO ANTÔNIO,SP,3530706,5M00G7W,LTE,,,2680,2560,320,FB,,,760,"44181403519",16.9,32,58,0,X,30,58221803257,40,-22.345636,-46.92125,G,3/11/2024,11/24/2014,,e97195f800245c6d,10/18/2027,50010613854,TIM S A,Mogi Guaçu,,
LIC-LIC-01,Telefonica Brasil S.a.,50409146447,10,48412023,1002033516,RUA SEIS,,SP,3543907,5M00G7W,LTE,,,2167.5,1977.5,240,FB,,,760,"56001603518",17.2,30,60,2,X,48,83071803257,40,-22.384678,-47.574861,G,4/3/2025,11/9/2015,,e97195f800245c28,4/29/2038,,,Rio Claro,,
LIC-LIC-01,TELEFONICA BRASIL S.A.,50409146447,10,97432014,699600839,RODOVIA GOVERNADOR DOUTOR ADHEMAR PEREIRA DE BARROS,KM 144 SP 340,SP,3548005,10M0G7W,LTE,,,788,733,270,FB,,,760,"5152003257",14,21,66,2,X,59,48811903257,40,-22.58475,-47.024056,G,1/2/2024,2/12/2014,,e97195f8001d4ba7,12/8/2029,,,Santo Antônio de Posse,,
LIC-LIC-01,TELEFONICA BRASIL S.A.,50409146447,10,48412023,1000607302,TRAVESSA QUINZINHO AMARAL,X RUA VEREADOR MIGUEL ABUD,SP,3526407,5M00G7W,LTE,,,2167.5,1977.5,187,FB,,,760,"56001603518",17.5,25,65,7,X,57,83071803257,46,-22.924458,-47.898347,G,11/28/2023,11/24/2014,,e97195f80a493604,4/30/2038,,,Laranjal Paulista,,
LIC-LIC-01,TELEFONICA BRASIL S.A.,50409146447,10,97432014,1007841769,ESTRADA MUNICIPAL LAERCIO MARSSON,,SP,3507001,10M0G7W,LTE,,,788,733,240,FB,,,760,"56001603518",14.2,25,70,4,X,60,48811903257,46,-23.27552,-47.709223,G,11/27/2023,12/18/2018,,c2cb95f86c547a78,12/8/2029,,,Boituva,,x
LIC-LIC-01,Telefonica Brasil S.a.,50409146447,10,48412023,1000676789,AVENIDA CORONEL CESÁRIO CARLOS DE ALMEIDA,,SP,3526407,5M00G7W,LTE,,,2167.5,1977.5,240,FB,,,760,"5152003257",17.3,25,68,2,X,63,83071803257,40,-23.039578,-47.832847,G,12/18/2024,11/11/2014,,c2cb95f86c5479ca,4/29/2038,,,Laranjal Paulista,,
LIC-LIC-01,CLARO S.A.,50409105090,10,105752021,684813335,RUA AMAZONAS,AO LADO ESQUERDO Nº 200,SP,3547304,20M0G7W,LTE,,,2325,2325,240,FB,,,760,,16.2,28,79,-4,X,62,139000000000,50,-23.4115,-46.8757,G,4/3/2024,12/15/2004,,e97195f8012147b3,12/8/2041,,,Santana de Parnaíba,,
LIC-LIC-01,CLARO S.A.,50409105090,10,97692014,1006004901,R PARÁ,,SP,3526902,10M0G7W,LTE,,,798,743,250,FB,,,760,,13.4,21,68,-2,X,30,57731705894,80,-22.5758,-47.40587,G,6/5/2023,4/30/2018,,feaf75f875edd95b,12/8/2041,,,Limeira,,
LIC-LIC-01,CLARO S.A.,50409105090,10,46622011,1014943652,EST MUNICIPAL LIM-340,"340",SP,3526902,5M00G7W,LTE,,,892.75,847.75,80,FB,,,760,"56001603518",14.4,25,68,0,X,9,39721705894,80,-22.59623,-47.32301,G,5/30/2023,5/30/2023,,abeb95f849cc0c12,3/31/2028,,,Limeira,,
LIC-LIC-01,TELEFONICA BRASIL S.A.,50409146447,10,97432014,1014944802,ESTRADA MUNICIPAL ANDRÉ JOAQUIM SACCONI,,SP,3554508,10M0G7W,LTE,,,788,733,200,FB,,,760,"56001603518",14.5,25,68,0,X,45,48811903257,40,-23.1382,-47.7225,G,1/9/2024,5/30/2023,,abeb95f84e751253,12/8/2029,,,Tietê,,
LIC-LIC-01,TELEFONICA BRASIL S.A.,50409146447,10,97432014,1014944764,PROLONGAMENTO DA RUA MARIANA QUEIROZ CATÃO,ACESSO À CAIXA D'ÁGUA CAPOTUNA,SP,3524709,10M0G7W,LTE,,,788,733,270,FB,,,760,"56001603518",14.6,25,68,4,X,40,48811903257,40,-22.690972,-46.968442,G,1/8/2024,5/30/2023,,abeb95f84e75123d,12/8/2029,,,Jaguariúna,,x
LIC-LIC-01,TELEFONICA BRASIL S.A.,50409146447,10,97432014,1014944730,SÍTIO SÃO JOSÉ,,SP,3540606,10M0G7W,LTE,,,788,733,200,FB,,,760,"0",15,21,70.7,2,X,49,48811903257,40,-23.33571,-47.42568,G,5/30/2023,5/30/2023,,abeb95f84e75121f,12/8/2029,,,Porto Feliz,,x
LIC-LIC-01,TELEFONICA BRASIL S.A.,50409146447,10,97432014,1014944713,AVENIDA NARCISO PIERONI,,SP,3540507,10M0G7W,LTE,,,788,733,300,FB,,,760,"56001603518",14.5,25,68,0,X,47,48811903257,40,-23.178311,-48.113739,G,1/5/2024,5/30/2023,,abeb95f84e75120a,12/8/2029,,,Porangaba,,
LIC-LIC-01,TELEFONICA BRASIL S.A.,50409146447,10,59072012,1014944594,ESTRADA JUNDIAÍ ITATIBA,,SP,3523404,20M0G7W,LTE,,,2680,2560,80,FB,,,760,"29161203518",17.7,25,62.24,0,X,16,38411301882,40,-23.10014,-46.81368,G,8/7/2023,5/30/2023,,abeb95f84e75118f,10/18/2027,,,Itatiba,,x
LIC-LIC-01,TELEFONICA BRASIL S.A.,50409146447,10,97432014,1014944519,RUA JABOTICABAL,,SP,3500501,10M0G7W,LTE,,,788,733,350,FB,,,760,"56001603518",14.6,25,68,2,X,35,48811903257,40,-22.485264,-46.59105,G,12/18/2023,5/30/2023,,abeb95f84e75114c,12/8/2029,,,Águas de Lindóia,,x
LIC-LIC-01,TELEFONICA BRASIL S.A.,50409146447,10,97432014,1014944500,RUA BORTOLO FERRO,,SP,3536505,10M0G7W,LTE,,,788,733,310,FB,,,760,"56001603518",14.6,25,68,2,X,35,48811903257,40,-22.758017,-47.143656,G,5/27/2024,5/30/2023,,abeb95f84e751143,12/8/2029,,,Paulínia,,x
LIC-LIC-01,CLARO S.A.,50409105090,10,97692014,1014806094,ESTRADA FAUSTO CAPELLARI,,SP,3512308,10M0G7W,LTE,,,798,743,270,FB,,,760,,13.4,21,68,0,X,50,57731705894,80,-23.02417,-48.07222,G,5/19/2023,3/29/2023,,e44585f806500882,12/8/2029,,,Conchas,,
LIC-LIC-01,CLARO S.A.,50409105090,10,97692014,1014739850,RODOVIA MARECHAL RONDON,,SP,3506904,10M0G7W,LTE,,,798,743,180,FB,,,760,,13.4,21,68,0,X,57,57731705894,80,-23.0061,-48.16733,G,5/19/2023,3/2/2023,,e44585f80650084a,12/8/2029,,,Bofete,,
LIC-LIC-01,TELEFONICA BRASIL S.A.,50409146447,10,48422023,379980908,RUA DAS BROMÉLIAS,"0",SP,3545209,5M00G7W,LTE,,,1862.5,1767.5,270,FB,,,760,"56001603518",16.9,25,67,2,X,59,7591301882,40,-23.187031,-47.279569,G,7/22/2024,12/10/1999,,b1ee85f824865113,12/22/2032,,,Salto,,x
LIC-LIC-01,TELEFONICA BRASIL S.A.,50409146447,10,48412023,800002458,RUA DAS MAGNÓLIAS,,SP,3509007,10M0G7W,LTE,,,2160,1970,300,FB,,,760,"56001603518",17,25,65,2,X,40,83192102519,40,-23.339619,-46.745069,G,1/3/2024,3/27/2019,,b1ee85f8247b1e9a,4/30/2038,,,Caieiras,,
LIC-LIC-01,TELEFONICA BRASIL S.A.,50409146447,10,97432014,1014926197,ESTRADA MUNICIPAL FRANCISCO MISSE,,SP,3509205,10M0G7W,LTE,,,788,733,270,FB,,,760,"56001603518",15.4,25,68,2,X,50,57731705894,40,-23.32673,-46.92355,G,5/22/2023,5/22/2023,,b1ee85f8247b1e64,12/8/2029,,,Cajamar,,
LIC-LIC-01,TELEFONICA BRASIL S.A.,50409146447,10,48412023,693062037,RUA ORMEZINDA LOPES OLIVEIRA,,SP,3525904,10M0G7W,LTE,,,2160,1970,280,FB,,,760,"56001603518",17.2,30,60,2,X,40,83192102519,40,-23.162256,-46.900983,G,1/2/2024,12/30/2010,,b1ee85f8246ae4f7,4/30/2038,,,Jundiaí,,x
LIC-LIC-01,TELEFONICA BRASIL S.A.,50409146447,10,1422016,690371489,RUA OSWALDO BARRETO,,SP,3504107,5M00G7W,LTE,,,2680,2560,270,FB,,,760,"44181403519",16.9,32,58,2,X,41,56351705894,40,-23.1332,-46.588575,G,12/22/2023,6/23/2008,,b1ee85f82466490f,10/18/2027,50010613854,TIM S A,Atibaia,,
LIC-LIC-01,TELEFONICA BRASIL S.A.,50409146447,10,48412023,1009922081,RUA TEIXEIRA,,SP,3507605,10M0G7W,LTE,,,2160,1970,230,FB,,,760,"56001603518",17.5,25,65,0,X,27,83192102519,40,-22.972572,-46.537506,G,11/27/2023,1/17/2020,,b1ee85f8246647fb,4/30/2038,,,Bragança Paulista,,
LIC-LIC-01,TELEFONICA BRASIL S.A.,50409146447,10,1452016,441563392,AVENIDA DOUTOR CÁSSIO PASCOAL PADOVANI,,SP,3538709,5M00G7W,LTE,,,2665,2545,110,FB,,,760,"5152003257",17.5,24,59,0,X,30,58221803257,40,-22.728767,-47.61665,G,1/30/2024,12/15/1999,,fade75f847b16969,10/18/2027,,,Piracicaba,,x
LIC-LIC-01,Telefonica Brasil S.a.,50409146447,10,1422016,699067545,RUA JOSÉ COELHO PRATES JÚNIOR,FÁBRICA CASE NEW HOLLAND,SP,3538709,5M00G7W,LTE,,,2680,2560,230,FB,,,760,"56001603518",17.5,30,57,2,X,34,38411301882,40,-22.724419,-47.596956,G,4/9/2025,9/12/2023,,fade75f847acfcef,10/18/2027,50010613854,TIM S A,Piracicaba,,x
LIC-LIC-01,TELEFONICA BRASIL S.A.,50409146447,10,1452016,691885516,AVENIDA ÁGUA SANTA,,SP,3538709,5M00G7W,LTE,,,2665,2545,30,FB,,,760,"44181403519",16.9,32,58,3,X,43,58221803257,40,-22.7026,-47.6554,G,1/31/2024,11/16/2009,,fade75f847acfca9,10/18/2027,,,Piracicaba,,x
LIC-LIC-01,TELEFONICA BRASIL S.A.,50409146447,10,1452016,441563350,RUA ALFREDO MOREIRA PINTO,,SP,3538709,5M00G7W,LTE,,,2665,2545,10,FB,,,760,"5152003257",17.5,24,59,2,X,26,58221803257,40,-22.742658,-47.676636,G,1/30/2024,12/15/1999,,fade75f847acfb67,10/18/2027,,,Piracicaba,,x
LIC-LIC-01,TELEFONICA BRASIL S.A.,50409146447,10,1452016,441563210,RUA CARDEAL ARCO VERDE,,SP,3538709,5M00G7W,LTE,,,2665,2545,10,FB,,,760,"56001603518",17.5,30,57,2,X,27,58221803257,40,-22.720944,-47.665958,G,1/30/2024,12/15/1999,,fade75f847acfb0e,10/18/2027,,,Piracicaba,,x
LIC-LIC-01,TELEFONICA BRASIL S.A.,50409146447,10,1452016,441563511,RUA PRINCESA AMÉLIA,,SP,3538709,5M00G7W,LTE,,,2665,2545,20,FB,,,760,"5152003257",17.5,24,59,2,X,40,58221803257,40,-22.753594,-47.656225,G,1/30/2024,12/15/1999,,fade75f847acfad2,10/18/2027,,,Piracicaba,,x
LIC-LIC-01,TELEFONICA BRASIL S.A.,50409146447,10,1452016,441549322,RUA DOUTOR ALVIM,,SP,3538709,5M00G7W,LTE,,,2665,2545,350,FB,,,760,"24731703257",16.7,25,60,2,X,40,58221803257,40,-22.71395,-47.639906,G,1/30/2024,12/15/1999,,fade75f847acfa8f,10/18/2027,,,Piracicaba,,x
LIC-LIC-01,TELEFONICA BRASIL S.A.,50409146447,10,1452016,441564194,RUA DONA ROSÁLIA,,SP,3538709,5M00G7W,LTE,,,2665,2545,90,FB,,,760,"44181403519",16.9,32,58,2,X,31,58221803257,40,-22.741494,-47.648744,G,1/30/2024,12/15/1999,,fade75f847acfa55,10/18/2027,,,Piracicaba,,x
LIC-LIC-01,TELEFONICA BRASIL S.A.,50409146447,10,1452016,534216340,RUA ALFERES JOSÉ CAETANO,,SP,3538709,5M00G7W,LTE,,,2665,2545,20,FB,,,760,"44181403519",16.9,32,58,8,X,41,58221803257,40,-22.722594,-47.649183,G,1/30/2024,11/28/2000,,fade75f847acf9e8,10/18/2027,,,Piracicaba,,x
LIC-LIC-01,TELEFONICA BRASIL S.A.,50409146447,10,1452016,1002741987,RUA DO ROSÁRIO,CONDOMÍNIO EDIFÍCIO SAINT LOUIS,SP,3538709,5M00G7W,LTE,,,2665,2545,260,FB,,,760,"0",18.4,25,58,5,X,55,58221803257,40,-22.731828,-47.655419,G,2/29/2024,5/2/2016,,fade75f847acf9ac,10/18/2027,,,Piracicaba,,x
LIC-LIC-01,TELEFONICA BRASIL S.A.,50409146447,10,1452016,671076310,RUA SANTOS,,SP,3538709,5M00G7W,LTE,,,2665,2545,60,FB,,,760,"56001603518",17.5,30,57,3,X,30,58221803257,40,-22.7372,-47.661831,G,2/13/2024,5/29/2002,,fade75f847acf97c,10/18/2027,,,Piracicaba,,x
LIC-LIC-01,TELEFONICA BRASIL S.A.,50409146447,10,1452016,441562787,RUA JOÃO DA CUNHA RAPOSO,,SP,3538709,5M00G7W,LTE,,,2665,2545,120,FB,,,760,"56001603518",17.5,30,57,2,X,30,58221803257,40,-22.757744,-47.628056,G,1/30/2024,12/15/1999,,fade75f847acf941,10/18/2027,,,Piracicaba,,x
LIC-LIC-01,TELEFONICA BRASIL S.A.,50409146447,10,48422023,1005056320,RUA TERRITÓRIO DO ACRE,CONDOMÍNIO EDIFÍCIO VILLAGGIO PANORAMA,SP,3538709,5M00G7W,LTE,,,1867.5,1772.5,220,FB,,,760,"56001603518",13.5,25,63,2,X,31,48811903257,40,-22.744458,-47.618347,G,12/15/2023,6/6/2019,,fade75f847acf8d0,12/22/2032,,,Piracicaba,,x
LIC-LIC-01,TELEFONICA BRASIL S.A.,50409146447,10,1452016,690870710,RUA MANAUS,,SP,3538709,5M00G7W,LTE,,,2665,2545,120,FB,,,760,"56001603518",17.5,30,57,2,X,47,58221803257,40,-22.723042,-47.682983,G,1/31/2024,11/11/2008,,fade75f847acf7c9,10/18/2027,,,Piracicaba,,x
LIC-LIC-01,CLARO S.A.,50409105090,10,97692014,1011793668,R ESCOLASTICA COUTO ARANHA,,SP,3538709,10M0G7W,LTE,,,798,743,220,FB,,,760,"56001603518",13,23,67,-2,X,60.5,57731705894,80,-22.74412,-47.67723,G,12/17/2025,3/5/2021,,1b6775f82db68caf,12/8/2029,,,Piracicaba,,x
LIC-LIC-01,TELEFONICA BRASIL S.A.,50409146447,10,48412023,1005325313,Avenida Corporação Musical União dos Artistas,,SP,3523909,10M0G7W,LTE,,,2160,1970,140,FB,,,760,"1.29E+11",15.8,32,56,2,X,29,40952002519,40,-23.298194,-47.301378,G,12/15/2023,10/31/2017,,9d9775f822aeb295,4/30/2038,,,Itu,,x
LIC-LIC-01,Telefonica Brasil S.a.,50409146447,10,48412023,1000563216,RUA DOS MARIANGÚS,ACESSO PELA RODOVIA MARECHAL RONDON  KM 113 5 CONDOMÍNIO FAZENDA VILA REAL,SP,3523909,10M0G7W,LTE,,,2160,1970,300,FB,,,760,"44181403519",16.4,32,57,0,X,18,40952002519,40,-23.268694,-47.387247,G,4/5/2025,9/12/2014,,9d9775f822aeb259,4/29/2038,,,Itu,,x
LIC-LIC-01,TELEFONICA BRASIL S.A.,50409146447,10,97432014,1014896905,RUA DR CARLOS,,SP,3523909,10M0G7W,LTE,,,788,733,210,FB,,,760,"56001603518",14.5,25,65,2,X,37,57731705894,40,-23.284961,-47.283561,G,8/22/2023,5/8/2023,,9d9775f822aeb23e,12/8/2029,,,Itu,,x
LIC-LIC-01,CLARO S.A.,50409105090,10,34672011,403097002,R QUINTINO BOCAIUVA,,SP,3501608,10M0G7W,LTE,,,2140,1950,260,FB,,,760,,17.2,25,65,-2,X,63,27191702519,60,-22.74595,-47.32754,G,6/27/2023,6/17/1999,,200875f804bbd4c8,4/30/2038,,,Americana,,x
LIC-LIC-01,Telefonica Brasil S.a.,50409146447,10,1422016,689595115,AVENIDA DE CILLO,,SP,3501608,5M00G7W,LTE,,,2680,2560,180,FB,,,760,"5152003257",17.5,24,59,2,X,35,58221803257,40,-22.762417,-47.340556,G,4/10/2025,10/1/2007,,e79a55f8cdb5d477,10/18/2027,50010613854,TIM S A,Americana,,x
LIC-LIC-01,TELEFONICA BRASIL S.A.,50409146447,10,1452016,441560229,RUA MARANHÃO,,SP,3501608,5M00G7W,LTE,,,2665,2545,260,FB,,,760,"5152003257",17.5,24,59,2,X,31,58221803257,40,-22.740483,-47.24125,G,1/30/2024,12/15/1999,,e79a55f8cdb5d43a,10/18/2027,,,Americana,,x
LIC-LIC-01,TELEFONICA BRASIL S.A.,50409146447,10,1422016,441549187,RUA ALBINO MENEGATTI,,SP,3501608,5M00G7W,LTE,,,2680,2560,220,FB,,,760,"5152003257",17.5,24,59,2,X,60,58221803257,40,-22.743875,-47.354578,G,1/30/2024,4/25/2023,,e79a55f8cdb5d407,10/18/2027,50010613854,TIM S A,Americana,,x
LIC-LIC-01,TELEFONICA BRASIL S.A.,50409146447,10,1422016,441560237,RUA ANTÔNIO CONSELHEIRO,,SP,3501608,5M00G7W,LTE,,,2680,2560,215,FB,,,760,"5152003257",17.5,24,59,1,X,41,58221803257,40,-22.708008,-47.297875,G,1/30/2024,4/25/2023,,e79a55f8cdb5d39b,10/18/2027,50010613854,TIM S A,Americana,,x
LIC-LIC-01,TELEFONICA BRASIL S.A.,50409146447,10,1422016,441549195,AVENIDA CILLOS,,SP,3501608,5M00G7W,LTE,,,2680,2560,240,FB,,,760,"44181403519",16.9,32,58,2,X,40,58221803257,20,-22.748533,-47.332053,G,1/30/2024,8/16/2023,,e79a55f8cdb5d34d,10/18/2027,50010613854,TIM S A,Americana,,x
LIC-LIC-01,TELEFONICA BRASIL S.A.,50409146447,10,1422016,441549179,RUA BRIGADEIRO FARIA LIMA,LOTE 13 QUADRA 11,SP,3501608,5M00G7W,LTE,,,2680,2560,240,FB,,,760,"24731703257",16.7,25,60,2,X,60,58221803257,30,-22.733514,-47.31985,G,1/30/2024,4/25/2023,,e79a55f8cdb5d302,10/18/2027,50010613854,TIM S A,Americana,,x
LIC-LIC-01,TELEFONICA BRASIL S.A.,50409146447,10,166262022,1011277449,RUA RAUL POMPÉIA,,SP,3525904,10M0G7W,LTE,,,1875,1780,190,FB,,,760,"56001603518",15.8,25,67,4,X,40,40952002519,40,-23.169258,-46.889447,G,2/29/2024,10/15/2020,,e79a55f8cdcdddc4,12/22/2032,,,Jundiaí,,x
LIC-LIC-01,Telefonica Brasil S.a.,50409146447,10,166262022,699774276,RUA MACHADO DE ASSIS,CONDOMÍNIO VITÓRIA GARDEN,SP,3525904,10M0G7W,LTE,,,1875,1780,160,FB,,,760,"1.29E+11",14.3,31,63,6,X,71,40952002519,40,-23.196167,-46.894528,G,4/3/2025,3/31/2014,,e79a55f8cdcddd67,12/22/2032,,,Jundiaí,,x
LIC-LIC-01,TELEFONICA BRASIL S.A.,50409146447,10,166262022,1003171580,AVENIDA ARQUIMEDES,,SP,3525904,10M0G7W,LTE,,,1875,1780,150,FB,,,760,"44181403519",15.1,29,62,2,X,33,7591301882,40,-23.179892,-46.932442,G,4/1/2024,3/24/2017,,e79a55f8cdcddd2e,12/22/2032,,,Jundiaí,,x
LIC-LIC-01,TELEFONICA BRASIL S.A.,50409146447,10,166262022,441994997,RUA ENGENHEIRO JOSÉ MARIA DA SILVA VELHO,,SP,3525904,10M0G7W,LTE,,,1875,1780,270,FB,,,760,"1.29E+11",14.3,31,63,2,X,39,83192102519,40,-23.190056,-46.89845,G,1/30/2024,12/15/1999,,e79a55f8cdcddcd1,12/22/2032,,,Jundiaí,,x
LIC-LIC-01,TELEFONICA BRASIL S.A.,50409146447,10,166262022,379962888,RUA DOMÊNICO PAGANATTO,,SP,3525904,10M0G7W,LTE,,,1875,1780,80,FB,,,760,"44181403519",15.1,29,62,2,X,32,12111805894,20,-23.21605,-46.886014,G,1/30/2024,12/10/1999,,e79a55f8cdcddc4d,12/22/2032,,,Jundiaí,,x
LIC-LIC-01,CLARO S.A.,50409105090,10,97692014,1014863225,R APPARICIO UBINHA,,SP,3523404,10M0G7W,LTE,,,798,743,200,FB,,,760,"27331703519",14.1,25,66.56,0,X,65,57731705894,80,-22.96744,-46.72687,G,4/19/2023,4/19/2023,,9d9775f823c5e198,12/8/2029,,,Itatiba,,x
LIC-LIC-01,CLARO S.A.,50409105090,10,105752021,442735120,AV ANTONIO JOAQUIM DE MOURA ANDRADE,AO LADO Nº 699,SP,3500600,50M0G7W,LTE,,,2325,2325,80,FB,,,760,,16.2,28,79,0,X,48,139000000000,50,-22.59722,-47.87061,G,6/27/2023,8/16/2000,,d7af75f8f1d31fcd,4/30/2038,,,Águas de São Pedro,,
LIC-LIC-01,CLARO S.A.,50409105090,10,97692014,1012383706,AL PAU BRASIL,PRÓXIMO 121,SP,3504107,10M0G7W,LTE,,,798,743,240,FB,,,760,,13.4,21,68,0,X,54,57731705894,80,-23.16101,-46.6058,G,6/20/2023,9/24/2021,,99a745f866fa5e2a,3/31/2028,,,Atibaia,,
LIC-LIC-01,CLARO S.A.,50409105090,10,46622011,1012855349,R JULIA LEITE DE BARROS,,SP,3509502,10M0G7W,LTE,,,1875,1780,300,FB,,,760,"56001603518",14.3,25,65,0,X,40,6091702519,79.43,-22.81789,-47.08883,G,3/17/2023,2/18/2022,,a6ad45f82e8db884,3/31/2028,,,Campinas,,x
LIC-LIC-01,CLARO S.A.,50409105090,10,105752021,1011561104,R JAIR LEMES DE LIMA,LOTE 267 - QUADRA 9,SP,3550308,20M0G7W,LTE,,,2325,0,270,FB,,,760,,16.2,28,79,0,X,43,139000000000,50,-23.44267,-46.79231,G,1/8/2025,12/15/2020,,99a745f87aefa6e1,12/8/2041,,,São Paulo,,
LIC-LIC-01,CLARO S.A.,50409105090,10,105752021,1006616907,R ANTONIO DE PADUA DIAS,,SP,3550308,20M0G7W,LTE,,,2325,0,210,FB,,,760,"1.03E+11",25,25,65,0,X,50,103000000000,50,-23.40277,-46.74714,G,1/8/2025,11/8/2021,,221f55f8a4d06ce5,12/8/2041,,,São Paulo,,
LIC-LIC-01,CLARO S.A.,50409105090,10,105752021,684626179,R MÁXIMO BARBOSA,,SP,3550308,20M0G7W,LTE,,,2325,0,0,FB,,,760,"1.03E+11",25,25,65,0,X,34,103000000000,50,-23.4319,-46.72426,G,1/8/2025,7/30/2004,,46fb45f88a6ea8bc,12/8/2041,,,São Paulo,,
LIC-LIC-01,CLARO S.A.,50409105090,10,97692014,1007554697,R JOSE PICIRILI,SN LT 5 QD E,SP,3509502,10M0G7W,LTE,,,798,743,300,FB,,,760,,13.4,21,68,-1,X,38,57731705894,80,-22.86632,-47.01454,G,6/23/2023,11/1/2018,,52c445f8c8391757,3/31/2028,,,Campinas,,x
LIC-LIC-01,Telefonica Brasil S.a.,50409146447,10,48422023,379963728,AVENIDA TABELIÃO PASSARELA,,SP,3528502,5M00G7W,LTE,,,1862.5,1767.5,290,FB,,,760,"56001603518",16.9,25,67,0,X,47,83192102519,40,-23.318569,-46.586303,G,11/13/2024,12/10/1999,,56b145f8b9cfa484,12/22/2032,,,Mairiporã,,
LIC-LIC-01,TELEFONICA BRASIL S.A.,50409146447,10,48422023,1004062980,AVENIDA DOUTOR PEDRO SOARES DE CAMARGO,,SP,3525904,5M00G7W,LTE,,,1862.5,1767.5,120,FB,,,760,"56001603518",16.7,30,64,3,X,45,83192102519,40,-23.190907,-46.894122,G,6/11/2024,5/15/2017,,56b145f8b9cfa0ac,12/22/2032,,,Jundiaí,,x
LIC-LIC-01,TELEFONICA BRASIL S.A.,50409146447,10,48422023,695469304,RUA PEDRO CUNHA,HOSPITAL NOVO ATIBAIA,SP,3504107,5M00G7W,LTE,,,1862.5,1767.5,270,FB,,,760,"56001603518",15.8,25,67,2,X,24.7,40952002519,40,-23.1167,-46.543031,G,12/18/2023,6/8/2011,,56b145f8b9cfa06d,12/22/2032,,,Atibaia,,
LIC-LIC-01,TELEFONICA BRASIL S.A.,50409146447,10,48422023,1009491056,RUA JOAQUIM MOURA DOS SANTOS,,SP,3552403,5M00G7W,LTE,,,1867.5,1772.5,290,FB,,,760,"56001603518",17.4,25,68,2,X,43,83071803257,40,-22.8358,-47.1977,G,8/20/2024,11/4/2019,,305645f8962cdb42,12/22/2032,,,Sumaré,,x
LIC-LIC-01,TELEFONICA BRASIL S.A.,50409146447,10,48412023,1008033003,AVENIDA MANOEL ALVES,QUADRA 37 LOTE 022,SP,3552403,10M0G7W,LTE,,,2160,1970,130,FB,,,760,"56001603518",17.5,25,65,2,X,40,83071803257,40,-22.797911,-47.270281,G,8/20/2024,1/2/2019,,305645f8962cdb06,4/29/2038,,,Sumaré,,x
LIC-LIC-01,TELEFONICA BRASIL S.A.,50409146447,10,166262022,410853569,RUA JOSÉ MARIA BARROCA,,SP,3552403,10M0G7W,LTE,,,2150,1960,214,FB,,,760,"56001603518",17.2,30,60,1,X,35,83071803257,40,-22.820906,-47.272383,G,1/30/2024,12/10/1999,,305645f8962cdae2,12/22/2032,,,Sumaré,,x
LIC-LIC-01,TELEFONICA BRASIL S.A.,50409146447,10,166262022,410853585,RUA TRÊS,,SP,3552403,10M0G7W,LTE,,,2150,1960,180,FB,,,760,"56001603518",17.2,30,60,9,X,35,83071803257,40,-22.829189,-47.184267,G,1/30/2024,12/10/1999,,305645f8962cda97,12/22/2032,,,Sumaré,,x
LIC-LIC-01,TELEFONICA BRASIL S.A.,50409146447,10,166262022,1007662759,RODOVIA ANHANGUERA,KM 112 +20M,SP,3552403,10M0G7W,LTE,,,2150,1960,240,FB,,,760,"56001603518",17.4,25,62,1,X,50,83071803257,40,-22.812142,-47.208453,G,2/29/2024,11/13/2018,,305645f8962cd9f2,12/22/2032,,,Sumaré,,x
LIC-LIC-01,TELEFONICA BRASIL S.A.,50409146447,10,48412023,1011663560,RUA PAULO VASILLOTTO,LOTE DE TERRA SOB N° O  QUADRA D,SP,3520509,10M0G7W,LTE,,,2160,1970,270,FB,,,760,"43061703257",16.9,27,63,0,X,30,83071803257,40,-23.105161,-47.208783,G,2/29/2024,1/10/2021,,305645f8962a0746,4/29/2038,,,Indaiatuba,,x
LIC-LIC-01,TELEFONICA BRASIL S.A.,50409146447,10,59072012,1005970901,RUA MERCURIO,LOTE 14 QUADRA F,SP,3520509,20M0G7W,LTE,,,2680,2560,230,FB,,,760,"0",18.4,25,58,2,X,39,58221803257,40,-23.140025,-47.232474,G,12/15/2023,3/14/2018,,305645f8962a0725,10/18/2027,,,Indaiatuba,,x
LIC-LIC-01,TELEFONICA BRASIL S.A.,50409146447,10,59072012,1002990413,RUA MARIA JOSÉ DE ASSIS LYRA,,SP,3520509,20M0G7W,LTE,,,2680,2560,320,FB,,,760,"5152003257",17.5,24,59,1,X,29,58221803257,40,-23.116047,-47.237478,G,2/29/2024,6/30/2016,,305645f8962a06fb,10/18/2027,,,Indaiatuba,,x
LIC-LIC-01,TELEFONICA BRASIL S.A.,50409146447,10,1422016,691927766,RODOVIA ENGENHEIRO PAULO DE TARSO SOUZA MARTINS,,SP,3520509,5M00G7W,LTE,,,2680,2560,360,FB,,,760,"5152003257",17.5,24,59,2,X,45,58221803257,40,-23.055836,-47.175281,G,1/31/2024,2/1/2010,,305645f89576b9b7,10/18/2027,50010613854,TIM S A,Indaiatuba,,x
LIC-LIC-01,TELEFONICA BRASIL S.A.,50409146447,10,59072012,443389039,RODOVIA ENGENHEIRO ERMÊNIO DE OLIVEIRA PENTEADO,KM 62 5 SP 75,SP,3520509,15M0G7W,LTE,,,2680,2560,220,FB,,,760,"56001603518",17.5,30,57,2,X,48,58221803257,40,-23.065817,-47.157083,G,1/30/2024,9/15/2000,,305645f89576b954,10/18/2027,,,Indaiatuba,,x
LIC-LIC-01,TELEFONICA BRASIL S.A.,50409146447,10,97432014,1002689136,RODOVIA ENGENHEIRO ERMÊNIO DE OLIVEIRA PENTEADO,KM 48 SP 75,SP,3520509,10M0G7W,LTE,,,788,733,240,FB,,,760,"44181403519",14.2,32,58,0,X,50,48811903257,40,-23.126122,-47.2707,G,4/1/2024,5/2/2016,,305645f89576b82f,12/8/2029,,,Indaiatuba,,x
LIC-LIC-01,TELEFONICA BRASIL S.A.,50409146447,10,1422016,1003683930,RUA SEBASTIÃO GERALDO CARVALHO,AO LADO DO NÚMERO 245,SP,3519071,5M00G7W,LTE,,,2680,2560,290,FB,,,760,"44181403519",16.9,32,58,2,X,36,58221803257,40,-22.848722,-47.21125,G,2/29/2024,1/3/2017,,305645f89576b7d2,10/18/2027,50010613854,TIM S A,Hortolândia,,x
LIC-LIC-01,Telefonica Brasil S.a.,50409146447,10,1422016,689693885,RUA PÉROLA,,SP,3519071,5M00G7W,LTE,,,2680,2560,290,FB,,,760,"44181403519",16.9,32,58,2,X,42,58221803257,40,-22.901486,-47.197744,G,6/10/2025,10/24/2007,,305645f89576b67f,10/18/2027,50010613854,TIM S A,Hortolândia,,x
LIC-LIC-01,TELEFONICA BRASIL S.A.,50409146447,10,48412023,1012405661,RODOVIA JOÃO BEIRA,KM 43 7,SP,3501905,10M0G7W,LTE,,,2160,1970,300,FB,,,760,"24731703257",15.3,25,62,2,X,25,83071803257,40,-22.7225,-46.788333,G,6/19/2024,10/6/2021,,56b145f89fda18ac,4/29/2038,,,Amparo,,x
LIC-LIC-01,TELEFONICA BRASIL S.A.,50409146447,10,166262022,691600244,AVENIDA MINASA,,SP,3552403,10M0G7W,LTE,,,2150,1960,250,FB,,,760,"0",17.9,24,64,0,X,49,83071803257,40,-22.849222,-47.158806,G,8/22/2024,8/18/2009,,56b145f89fda17f1,12/22/2032,,,Sumaré,,x
LIC-LIC-01,TELEFONICA BRASIL S.A.,50409146447,10,48412023,535744420,RUA PEDRO MIRANDA CAMPOS,X RUA NOVE DE JULHO,SP,3511607,10M0G7W,LTE,,,2160,1970,280,FB,,,760,"5152003257",17.3,25,68,2,X,48,83071803257,40,-23.227153,-47.955883,G,12/27/2023,11/10/2000,,56b145f89fda17af,4/30/2038,,,Cesário Lange,,
LIC-LIC-01,TELEFONICA BRASIL S.A.,50409146447,10,48422023,1014690207,ESTRADA DE SERVIDÃO 4 FRETELLI,SITIO GLE,SP,3538600,5M00G7W,LTE,,,1862.5,1767.5,240,FB,,,760,"56001603518",15,25,56,2,X,60,40952002519,40,-22.980381,-46.354861,G,8/10/2023,2/9/2023,,305645f89e262386,12/22/2032,,,Piracaia,,
LIC-LIC-01,CLARO S.A.,50409105090,10,97692014,685034127,ROD SP 352 CMTE VIRGULINO DE OLIVEIRA,,SP,3501905,10M0G7W,LTE,,,798,743,180,FB,,,760,"56001603518",13,23,67,0,X,56,57731705894,80,-22.6046,-46.79181,G,1/25/2023,12/30/2004,,762525f84cc2336a,12/8/2029,,,Amparo,,x
LIC-LIC-01,CLARO S.A.,50409105090,10,48372023,695734792,R ALVARO SALVETI,,SP,3509502,10M0G7W,LTE,,,2117.5,1927.5,220,FB,,,760,,16.9,22,62,0,X,20,10891905894,80,-23.03377,-47.12156,G,6/23/2023,7/25/2011,,6ae915f872a0aa9e,3/31/2028,,,Campinas,,x
LIC-LIC-01,TELEFONICA BRASIL S.A.,50409146447,10,166262022,1012654874,ESTRADA SUMARÉ A MONTE MOR,KM 9115,SP,3531803,10M0G7W,LTE,,,2150,1960,230,FB,,,760,"56001603518",16,25,67,2,X,49,83071803257,40,-22.910536,-47.316017,G,1/31/2024,12/8/2021,,305645f89aed4fbc,12/22/2032,,,Monte Mor,,x
LIC-LIC-01,Telefonica Brasil S.a.,50409146447,10,48412023,690387393,RUA PAULO LACERDA,BLOCO 1,SP,3509502,10M0G7W,LTE,,,2160,1970,230,FB,,,760,"44181403519",16.4,32,57,3,X,47,83071803257,40,-22.925694,-47.076361,G,4/7/2025,6/23/2008,,305645f89aed4ee9,4/29/2038,,,Campinas,,x
LIC-LIC-01,TELEFONICA BRASIL S.A.,50409146447,10,166262022,410915858,RUA VALENTINA PENTEADO DE FREITAS,,SP,3509502,10M0G7W,LTE,,,2150,1960,180,FB,,,760,"44181403519",16.4,32,57,2,X,33,83071803257,40,-22.837008,-47.054031,G,1/30/2024,12/13/1999,,305645f89aed4d55,12/22/2032,,,Campinas,,x
LIC-LIC-01,TELEFONICA BRASIL S.A.,50409146447,10,166262022,1002279833,AVENIDA PROFESSOR ATÍLIO MARTINI,,SP,3509502,10M0G7W,LTE,,,2150,1960,200,FB,,,760,"34641103518",15.5,25,63,0,X,16,83071803257,40,-22.819811,-47.0738,G,2/29/2024,11/9/2015,,305645f89aed4d34,12/22/2032,,,Campinas,,x
LIC-LIC-01,TELEFONICA BRASIL S.A.,50409146447,10,48422023,403092272,RUA QUINZINHO DE MORAES,,SP,3552205,5M00G7W,LTE,,,1867.5,1772.5,250,FB,,,760,"56001603518",15.8,25,67,0,X,42,83071803257,40,-23.443383,-47.374678,G,1/30/2024,12/10/1999,,305645f89aed47a4,12/22/2032,,,Sorocaba,,
LIC-LIC-01,Telefonica Brasil S.a.,50409146447,10,48412023,1008765101,RUA BENEDITO JOICE BOCHINI,,SP,3509502,10M0G7W,LTE,,,2160,1970,250,FB,,,760,"56001603518",17.2,30,60,1,X,16,83071803257,40,-22.835711,-47.036889,G,4/5/2025,6/28/2019,,305645f89aed43fa,4/29/2038,,,Campinas,,x
LIC-LIC-01,TELEFONICA BRASIL S.A.,50409146447,10,166262022,410915840,RUA JOSÉ DE ALMEIDA,,SP,3509502,10M0G7W,LTE,,,2150,1960,210,FB,,,760,"56001603518",17.2,30,60,2,X,32,83071803257,40,-22.903542,-47.035767,G,1/30/2024,12/13/1999,,305645f89aed43b2,12/22/2032,,,Campinas,,x
LIC-LIC-01,TELEFONICA BRASIL S.A.,50409146447,10,166262022,534548741,AVENIDA LAFAYETE ARRUDA CAMARGO,,SP,3509502,10M0G7W,LTE,,,2150,1960,140,FB,,,760,"44181403519",16.4,32,57,3,X,37,83071803257,40,-22.853964,-47.039883,G,1/30/2024,11/10/2000,,305645f89aed4285,12/22/2032,,,Campinas,,x
LIC-LIC-01,Telefonica Brasil S.a.,50409146447,10,97432014,699067944,AVENIDA JEROME CASE,,SP,3552205,10M0G7W,LTE,,,788,733,290,FB,,,760,"24731703257",15.5,25,63.3,2,X,42,48811903257,40,-23.43255,-47.39184,G,6/14/2025,2/12/2014,,305645f89aed41d4,12/8/2029,,,Sorocaba,,
LIC-LIC-01,TELEFONICA BRASIL S.A.,50409146447,10,166262022,410915793,ALAMEDA DAS TIPUANAS,Sítios de Recreio Gramado,SP,3509502,10M0G7W,LTE,,,2150,1960,210,FB,,,760,"44181403519",16.4,32,57,2,X,48,83071803257,40,-22.904414,-47.007814,G,1/30/2024,12/13/1999,,305645f89aed3fa3,12/22/2032,,,Campinas,,x
LIC-LIC-01,Telefonica Brasil S.a.,50409146447,10,48412023,699297184,AVENIDA GARABED GANANIAM,,SP,3552205,10M0G7W,LTE,,,2160,1970,300,FB,,,760,"44181403519",16.4,32,57,2,X,40,83071803257,40,-23.428828,-47.362775,G,4/5/2025,2/12/2014,,305645f89aed3f40,4/29/2038,,,Sorocaba,,
LIC-LIC-01,TELEFONICA BRASIL S.A.,50409146447,10,48412023,441575676,AVENIDA DOUTOR MORAES SALLES,,SP,3509502,10M0G7W,LTE,,,2160,1970,280,FB,,,760,"56001603518",17.4,25,62,1,X,28,83071803257,40,-22.907517,-47.057614,G,1/30/2024,12/15/1999,,305645f89aed3f1c,4/29/2038,,,Campinas,,x
LIC-LIC-01,TELEFONICA BRASIL S.A.,50409146447,10,166262022,686876580,ESTRADA MUNICIPAL UNICAMP TELEBRÁS,KM 1,SP,3509502,10M0G7W,LTE,,,2150,1960,270,FB,,,760,"44181403519",16.4,32,57,2,X,29,83071803257,40,-22.814069,-47.058222,G,1/31/2024,6/8/2005,,305645f89aed3ec5,12/22/2032,,,Campinas,,x
LIC-LIC-01,Telefonica Brasil S.a.,50409146447,10,48412023,1000969352,RUA PADRE ANTÔNIO JOAQUIM,EDIFÍCIO RESIDENCIAL DAS ORQUÍDEAS,SP,3509502,10M0G7W,LTE,,,2160,1970,180,FB,,,760,"44181403519",16.4,32,57,1,X,47,83071803257,40,-22.911547,-47.052,G,4/5/2025,6/12/2015,,305645f89aed3e7a,4/29/2038,,,Campinas,,x
LIC-LIC-01,TELEFONICA BRASIL S.A.,50409146447,10,166262022,535811560,RUA GENERAL OSÓRIO,,SP,3509502,10M0G7W,LTE,,,2150,1960,240,FB,,,760,"44181403519",16.4,32,57,4,X,32,83071803257,40,-22.907047,-47.068236,G,1/30/2024,11/10/2000,,305645f89aed3e2f,12/22/2032,,,Campinas,,x
LIC-LIC-01,Telefonica Brasil S.a.,50409146447,10,166262022,410853224,RUA DONA ELIDIA ANA DE CAMPOS,,SP,3509502,10M0G7W,LTE,,,2150,1960,220,FB,,,760,"44181403519",16.4,32,57,3,X,38,83071803257,40,-22.87944444,-47.05111111,G,4/7/2025,12/10/1999,,305645f89aed3e05,12/22/2032,,,Campinas,,x
LIC-LIC-01,Telefonica Brasil S.a.,50409146447,10,166262022,689110286,RODOVIA DOM PEDRO I,KM 140 SP 65 SUPERMERCADO TENDA,SP,3509502,10M0G7W,LTE,,,2150,1960,230,FB,,,760,"56001603518",17.4,25,62,2,X,38,83071803257,40,-22.848233,-47.1006,G,4/7/2025,5/4/2007,,305645f89aed3dc6,12/22/2032,,,Campinas,,x
LIC-LIC-01,TELEFONICA BRASIL S.A.,50409146447,10,166262022,441575668,RUA DOUTOR BARBOSA DA CUNHA,,SP,3509502,10M0G7W,LTE,,,2150,1960,210,FB,,,760,"44181403519",16.4,32,57,2,X,29,83071803257,40,-22.894561,-47.069328,G,1/30/2024,12/15/1999,,305645f89aed3d72,12/22/2032,,,Campinas,,x
LIC-LIC-01,TELEFONICA BRASIL S.A.,50409146447,10,59072012,410853119,RUA CAROLINA PRADO PENTEADO,AVENIDA DOUTOR JESUINO MARCONDES  1380,SP,3509502,20M0G7W,LTE,,,2680,2560,240,FB,,,760,"57052103257",0,0,0,3,X,44,57052103257,40,-22.894914,-47.041494,G,1/30/2024,12/10/1999,,305645f89aed3c95,10/18/2027,,,Campinas,,x
LIC-LIC-01,TELEFONICA BRASIL S.A.,50409146447,10,59072012,410853135,RUA ERNESTO KHULMANN,,SP,3509502,20M0G7W,LTE,,,2680,2560,210,FB,,,760,"57052103257",0,0,0,2,X,62,57052103257,40,-22.903992,-47.062583,G,1/30/2024,12/10/1999,,305645f89aed3c33,10/18/2027,,,Campinas,,x
LIC-LIC-01,TELEFONICA BRASIL S.A.,50409146447,10,166262022,690816111,AVENIDA GUILHERME CAMPOS,SHOPPING PARQUE DOM PEDRO,SP,3509502,10M0G7W,LTE,,,2150,1960,360,FB,,,760,"0",0,0,0,0,X,28,83071803257,40,-22.847592,-47.063628,G,1/31/2024,10/28/2008,,305645f89aed3c01,12/22/2032,,,Campinas,,x
LIC-LIC-01,TELEFONICA BRASIL S.A.,50409146447,10,48412023,1008032953,RUA HERMANTINO COELHO,,SP,3509502,10M0G7W,LTE,,,2160,1970,300,FB,,,760,"44181403519",16.4,32,57,2,X,71,83071803257,40,-22.853567,-47.049236,G,4/1/2024,1/2/2019,,305645f89aed3bdf,4/29/2038,,,Campinas,,x
LIC-LIC-01,TELEFONICA BRASIL S.A.,50409146447,10,166262022,410853186,RUA HILDEBRANDO SIQUEIRA,,SP,3509502,10M0G7W,LTE,,,2150,1960,340,FB,,,760,"56001603518",17.4,25,62,2,X,32,83071803257,40,-22.893506,-47.057119,G,1/30/2024,12/10/1999,,305645f89aed3b97,12/22/2032,,,Campinas,,x
LIC-LIC-01,TELEFONICA BRASIL S.A.,50409146447,10,166262022,1008032945,RUA FRANCISCO MESQUITA,,SP,3509502,10M0G7W,LTE,,,2150,1960,165,FB,,,760,"44181403519",16.4,32,57,1,X,40,83071803257,40,-22.900389,-47.027631,G,2/29/2024,1/2/2019,,305645f89aed3b22,12/22/2032,,,Campinas,,x
LIC-LIC-01,Telefonica Brasil S.a.,50409146447,10,48412023,693206918,RUA FREI MANOEL DA RESSUREIÇÃO,EDIFÍCIO CENTRO COMERCIAL LUMEN,SP,3509502,10M0G7W,LTE,,,2160,1970,240,FB,,,760,"44181403519",16.4,32,57,2,X,42,83071803257,40,-22.884364,-47.0691,G,4/10/2025,2/28/2011,,305645f89aed3ae3,4/29/2038,,,Campinas,,x
LIC-LIC-01,TELEFONICA BRASIL S.A.,50409146447,10,48412023,410853631,RUA JORGE KRUG,,SP,3509502,10M0G7W,LTE,,,2160,1970,250,FB,,,760,"56001603518",17.4,25,62,2,X,30,83071803257,40,-22.891336,-47.061303,G,1/30/2024,12/10/1999,,305645f89aed3ab9,4/29/2038,,,Campinas,,x
LIC-LIC-01,TELEFONICA BRASIL S.A.,50409146447,10,48412023,535811497,RUA CATHARINA SIGNORI VICENTIN,EM FRENTE AO 186,SP,3509502,10M0G7W,LTE,,,2160,1970,180,FB,,,760,"56001603518",17.4,25,62,0,X,28,83071803257,40,-22.824894,-47.077197,G,1/30/2024,11/10/2000,,305645f89aed3a95,4/29/2038,,,Campinas,,x
LIC-LIC-01,TELEFONICA BRASIL S.A.,50409146447,10,166262022,410853623,RUA GIUSEPPE MAXIMO SCOLFARO,,SP,3509502,10M0G7W,LTE,,,2150,1960,190,FB,,,760,"56001603518",17.1,27,69,3,X,38,83071803257,40,-22.799494,-47.070231,G,1/30/2024,12/10/1999,,305645f89aed3a12,12/22/2032,,,Campinas,,x
LIC-LIC-01,TELEFONICA BRASIL S.A.,50409146447,10,166262022,441985300,RUA MARIO NATIVIDADE,,SP,3509502,10M0G7W,LTE,,,2150,1960,210,FB,,,760,"56001603518",17.4,25,62,4,X,40,83071803257,40,-22.887639,-47.054003,G,1/30/2024,12/15/1999,,305645f89aed3982,12/22/2032,,,Campinas,,x
LIC-LIC-01,TELEFONICA BRASIL S.A.,50409146447,10,166262022,441985289,RUA BOAVENTURA DO AMARAL,,SP,3509502,10M0G7W,LTE,,,2150,1960,200,FB,,,760,"56001603518",17.4,25,62,2,X,31,83071803257,40,-22.908836,-47.052803,G,1/30/2024,12/15/1999,,305645f89aed3955,12/22/2032,,,Campinas,,x
LIC-LIC-01,TELEFONICA BRASIL S.A.,50409146447,10,166262022,441575854,RUA DOUTOR RICARDO,,SP,3509502,10M0G7W,LTE,,,2150,1960,240,FB,,,760,"44181403519",16.4,32,57,3,X,30,83071803257,40,-22.903594,-47.071756,G,1/30/2024,12/15/1999,,305645f89aed38cb,12/22/2032,,,Campinas,,x
LIC-LIC-01,TELEFONICA BRASIL S.A.,50409146447,10,97432014,441575846,RUA DOUTOR SOUSA LIMA,,SP,3509502,10M0G7W,LTE,,,788,733,240,FB,,,760,"44181403519",14.2,32,58,2,X,18,48811903257,40,-22.897275,-47.049128,G,1/30/2024,12/15/1999,,305645f89aed38a3,12/8/2029,,,Campinas,,x
LIC-LIC-01,TELEFONICA BRASIL S.A.,50409146447,10,48422023,379963809,RUA NITERÓI,,SP,3525904,5M00G7W,LTE,,,1862.5,1767.5,240,FB,,,760,"56001603518",16.7,30,64,2,X,29,40952002519,40,-23.204764,-46.858483,G,9/20/2023,12/10/1999,,762525f8473607e3,12/22/2032,,,Jundiaí,,x
LIC-LIC-01,TELEFONICA BRASIL S.A.,50409146447,10,48422023,699067359,RUA LAÉRCIO CAMPONEGRI,,SP,3523404,5M00G7W,LTE,,,1862.5,1767.5,200,FB,,,760,"56001603518",15,25,56,2,X,20,40952002519,40,-23.002019,-46.855919,G,1/9/2024,10/15/2013,,762525f84736075f,12/22/2032,,,Itatiba,,x
LIC-LIC-01,TELEFONICA BRASIL S.A.,50409146447,10,48422023,695641891,RODOVIA DO AÇUCAR,KM 26 8 SP 308 FÁBRICA DA SUMITOMO,SP,3523909,5M00G7W,LTE,,,1862.5,1767.5,260,FB,,,760,"56001603518",16.7,30,64,0,X,46,40952002519,40,-23.286075,-47.329983,G,1/2/2024,10/26/2011,,762525f8473603a5,12/22/2032,,,Itu,,x
LIC-LIC-01,TELEFONICA BRASIL S.A.,50409146447,10,48422023,695641727,RUA ALEXANDRA CERRIGON GIMENEZ ORTIZ,,SP,3523404,5M00G7W,LTE,,,1862.5,1767.5,260,FB,,,760,"34641103518",15,25,67,2,X,49,40952002519,40,-22.962683,-46.88375,G,1/2/2024,11/18/2011,,762525f847360363,12/22/2032,,,Itatiba,,x
LIC-LIC-01,TELEFONICA BRASIL S.A.,50409146447,10,48422023,1010926966,RUA JEAN ANASTACE KOVELIS,,SP,3509205,5M00G7W,LTE,,,1862.5,1767.5,200,FB,,,760,"44181403519",15.1,29,62,4,X,35.2,40952002519,40,-23.409492,-46.858267,G,11/28/2023,8/1/2020,,762525f8473601aa,12/22/2032,,,Cajamar,,
LIC-LIC-01,TELEFONICA BRASIL S.A.,50409146447,10,48422023,1012806461,RUA ESTADOS UNIDOS,LOTE 35 - QUADRA G,SP,3509601,5M00G7W,LTE,,,1862.5,1767.5,270,FB,,,760,"1.29E+11",14.3,31,63,2,X,39,40952002519,40,-23.19858,-46.784915,G,12/18/2023,2/8/2022,,762525f847360189,12/22/2032,,,Campo Limpo Paulista,,x
LIC-LIC-01,TELEFONICA BRASIL S.A.,50409146447,10,48422023,1012603536,FAZENDA SÃO JOÃO,ESTRADA IVA 185 COM IVA 350 (FRENTE AO Nº 404),SP,3524006,5M00G7W,LTE,,,1862.5,1767.5,230,FB,,,760,"56001603518",15.8,25,67,2,X,49,40952002519,40,-23.135049,-47.080976,G,12/18/2023,11/19/2021,,762525f84736011a,12/22/2032,,,Itupeva,,x
LIC-LIC-01,TELEFONICA BRASIL S.A.,50409146447,10,48422023,1000962986,RUA SETE QUEDAS,,SP,3523909,5M00G7W,LTE,,,1862.5,1767.5,260,FB,,,760,"56001603518",16.7,30,64,2,X,56.5,40952002519,40,-23.236397,-47.324692,G,11/21/2023,6/12/2015,,7c3825f809e6dce8,12/22/2032,,,Itu,,x
LIC-LIC-01,TELEFONICA BRASIL S.A.,50409146447,10,48422023,693059303,RODOVIA VIA ANHANGUERA,KM 38 SP 330 ALÇA DE ACESSO PARA A SP 354,SP,3509205,5M00G7W,LTE,,,1862.5,1767.5,200,FB,,,760,"56001603518",16.7,30,64,3,X,55.5,40952002519,40,-23.344861,-46.839492,G,12/28/2023,12/30/2010,,7c3825f809e6dc5e,12/22/2032,,,Cajamar,,
LIC-LIC-01,TELEFONICA BRASIL S.A.,50409146447,10,48422023,699066808,AVENIDA VEREADOR JOSÉ DONATTO,,SP,3508405,5M00G7W,LTE,,,1862.5,1767.5,240,FB,,,760,"56001603518",16.7,30,64,2,X,36.7,40952002519,40,-23.256964,-47.055067,G,12/27/2023,10/15/2013,,7c3825f809e6dc37,12/22/2032,,,Cabreúva,,
LIC-LIC-01,TELEFONICA BRASIL S.A.,50409146447,10,48422023,441995020,ESTRADA PARTICULAR PELIZZARI,,SP,3525904,5M00G7W,LTE,,,1862.5,1767.5,200,FB,,,760,"56001603518",16.7,30,64,3,X,58,40952002519,40,-23.146294,-46.966919,G,12/27/2023,12/15/1999,,7c3825f809e6dbec,12/22/2032,,,Jundiaí,,x
LIC-LIC-01,TELEFONICA BRASIL S.A.,50409146447,10,48422023,399604804,RUA NOSSA SENHORA DA CONCEIÇÃO,AO LADO DO 120,SP,3507605,5M00G7W,LTE,,,1862.5,1767.5,260,FB,,,760,"56001603518",16.7,30,64,2,X,32,40952002519,40,-22.916853,-46.551786,G,9/20/2023,4/29/1999,,7c3825f809e6dbc8,12/22/2032,,,Bragança Paulista,,
LIC-LIC-01,TELEFONICA BRASIL S.A.,50409146447,10,48422023,693076968,AVENIDA FRANCISCA DE PAULA PERREIRA,EM FRENTE AO 151,SP,3507605,5M00G7W,LTE,,,1862.5,1767.5,210,FB,,,760,"56001603518",16.7,30,64,2,X,33,40952002519,40,-22.933361,-46.540333,G,12/20/2023,12/30/2010,,7c3825f809e6db14,12/22/2032,,,Bragança Paulista,,
LIC-LIC-01,TELEFONICA BRASIL S.A.,50409146447,10,48422023,1004406573,Rua Adão Francisco De Freitas,Ao Lado Do 390,SP,3509601,5M00G7W,LTE,,,1862.5,1767.5,250,FB,,,760,"56001603518",16.7,30,64,2,X,31.3,40952002519,40,-23.231729,-46.752195,G,11/23/2023,7/7/2017,,b50015f885c3bea3,12/22/2032,,,Campo Limpo Paulista,,x
LIC-LIC-01,CLARO S.A.,50409105090,10,48372023,1011643313,AL ESTADOS UNIDOS DA AMERICA,ESQUINA COM RUA GEORGETOWN,SP,3528502,10M0G7W,LTE,,,2130,1940,0,FB,,,760,"13320701705",11.8,23.32,65,0,X,35,36161403257,80,-23.30026,-46.58762,G,6/14/2023,12/23/2020,,6ae915f877a1f950,8/6/2027,,,Mairiporã,,
LIC-LIC-01,Telefonica Brasil S.a.,50409146447,10,48422023,1005142421,RUA AFONSO MORENO  604,,SP,3516309,5M00G7W,LTE,,,1862.5,1767.5,300,FB,,,760,"56001603518",15,25,56,2,X,42,40952002519,40,-23.292145,-46.748178,G,10/31/2024,10/23/2017,,de4415f83e5c5fc2,12/22/2032,,,Francisco Morato,,
LIC-LIC-01,TELEFONICA BRASIL S.A.,50409146447,10,59072012,1014567502,FAZENDA DOS CRISTAIS,VIA ANHANGUERA - KM46,SP,3509205,20M0G7W,LTE,,,2680,2560,260,FB,,,760,"56001603518",14.8,25,56,2,X,30,56351705894,40,-23.289551,-46.863287,G,12/23/2022,12/23/2022,,de4415f83e5c5dcd,10/18/2027,,,Cajamar,,
LIC-LIC-01,Telefonica Brasil S.a.,50409146447,10,48422023,1010543935,RUA SIMPLÍCIO MOURA FILHO  309,CHÁCARA SANTA RITA,SP,3525904,5M00G7W,LTE,,,1862.5,1767.5,220,FB,,,760,"44181403519",15.1,29,62,2,X,45.2,40952002519,40,-23.180919,-47.010239,G,10/15/2024,6/19/2020,,de4415f83e5c5d9d,12/22/2032,,,Jundiaí,,x
LIC-LIC-01,TELEFONICA BRASIL S.A.,50409146447,10,48422023,1000968828,RODOVIA HILÁRIO FERRARI,,SP,3545209,5M00G7W,LTE,,,1862.5,1767.5,250,FB,,,760,"56001603518",15,25,56,2,X,45,40952002519,40,-23.2037,-47.24913056,G,11/21/2023,6/12/2015,,de4415f83e5c5d28,12/22/2032,,,Salto,,x
LIC-LIC-01,TELEFONICA BRASIL S.A.,50409146447,10,48422023,1001330924,RUA MANOEL GOMES LA TORRE,,SP,3504107,5M00G7W,LTE,,,1862.5,1767.5,290,FB,,,760,"56001603518",17,25,67,3,X,39,40952002519,40,-23.117844,-46.596161,G,11/21/2023,5/2/2016,,de4415f83e5c5b91,12/22/2032,,,Atibaia,,
LIC-LIC-01,TELEFONICA BRASIL S.A.,50409146447,10,48422023,1009208788,Estrada da Glória,,SP,3523909,5M00G7W,LTE,,,1862.5,1767.5,250,FB,,,760,"1.29E+11",14.3,31,63,1,X,54,40952002519,40,-23.264264,-47.390992,G,8/10/2023,10/2/2019,,de4415f83e5c5b0a,12/22/2032,,,Itu,,x
LIC-LIC-01,TELEFONICA BRASIL S.A.,50409146447,10,48422023,1002002440,AVENIDA PITANGUEIRAS,CONDOMINIO EDIFÍCIO VIVA ALEGRIA SONHO,SP,3509205,5M00G7W,LTE,,,1862.5,1767.5,260,FB,,,760,"56001603518",16.7,30,64,2,X,43,40952002519,40,-23.40633889,-46.8488,G,11/22/2023,11/9/2015,,de4415f83e5c58f9,12/22/2032,,,Cajamar,,
LIC-LIC-01,TELEFONICA BRASIL S.A.,50409146447,10,48422023,1002410794,Rua Aparecida de Jesus Silva,Lote 11 - Quadra E,SP,3509007,5M00G7W,LTE,,,1862.5,1767.5,240,FB,,,760,"56001603518",15,25,56,2,X,41,40952002519,40,-23.382023,-46.703744,G,11/23/2023,2/4/2016,,de4415f83e5c5713,12/22/2032,,,Caieiras,,
LIC-LIC-01,TELEFONICA BRASIL S.A.,50409146447,10,166262022,1012603382,AVENIDA DANIEL RATTI,RBR-NÃO,SP,3523909,10M0G7W,LTE,,,2150,1960,270,FB,,,760,"1.29E+11",15.8,32,56,2,X,40,40952002519,40,-23.305386,-47.275117,G,10/24/2023,11/19/2021,,de4415f83e5c56c7,12/22/2032,,,Itu,,x
LIC-LIC-01,TELEFONICA BRASIL S.A.,50409146447,10,48422023,1013194001,ESTRADA ARAÇARIGUAMA,,SP,3502754,5M00G7W,LTE,,,1862.5,1767.5,300,FB,,,760,"1.29E+11",14.3,31,63,2,X,58.5,40952002519,40,-23.434764,-47.060142,G,12/18/2023,6/21/2022,,de4415f83e5c560d,12/22/2032,,,Araçariguama,,
LIC-LIC-01,CLARO S.A.,50409105090,10,25152016,692531769,ROD PRESIDENTE CASTELO BRANCO,ACESSO PELA ESTRADA VALE DAS BRISAS  S/N,SP,3523909,15M0G7W,LTE,,,1842.5,1747.5,240,FB,,,760,"27331703519",16.16,27,66.76,-3,X,70,6091702519,79.43,-23.40709,-47.27228,G,6/14/2023,7/12/2010,,43d315f8538161dc,8/6/2027,,,Itu,,x
LIC-LIC-01,TELEFONICA BRASIL S.A.,50409146447,10,48422023,441995411,RODOVIA FERNÃO DIAS,KM 10 5 BR 381 SÍTIO SANTA RITA DO RIO ACIMA,SP,3556354,5M00G7W,LTE,,,1862.5,1767.5,220,FB,,,760,"56001603518",16.7,30,64,2,X,55,40952002519,40,-22.921125,-46.45225,G,1/9/2024,12/15/1999,,aadc95f80fba74ef,12/22/2032,,,Vargem,,
LIC-LIC-01,TELEFONICA BRASIL S.A.,50409146447,10,48422023,6562558,RUA LAURINDO FÉLIX DA SILVA,,SP,3528502,5M00G7W,LTE,,,1862.5,1767.5,310,FB,,,760,"56001603518",16.7,30,64,3,X,19,83192102519,40,-23.330647,-46.583572,G,5/24/2024,11/28/2000,,aadc95f80fba717d,12/22/2032,,,Mairiporã,,
LIC-LIC-01,TELEFONICA BRASIL S.A.,50409146447,10,48422023,1011786505,AVENIDA EUGEN WISSMANN,,SP,3523909,5M00G7W,LTE,,,1862.5,1767.5,210,FB,,,760,"1.29E+11",14.3,31,63,2,X,45,40952002519,40,-23.278387,-47.280791,G,1/2/2024,3/1/2021,,aadc95f80fba6f9b,12/22/2032,,,Itu,,x
LIC-LIC-01,TELEFONICA BRASIL S.A.,50409146447,10,48422023,659070685,AVENIDA DAS PALMEIRAS,PROXIMO AO NUMERO 605,SP,3528502,5M00G7W,LTE,,,1862.5,1767.5,230,FB,,,760,"56001603518",15,25,56,2,X,58,40952002519,40,-23.403678,-46.63875,G,12/27/2023,2/26/2002,,aadc95f80fba6e45,12/22/2032,,,Mairiporã,,
LIC-LIC-01,TELEFONICA BRASIL S.A.,50409146447,10,48422023,1006119687,RUA YOLANDO MALOZZI,,SP,3504107,5M00G7W,LTE,,,1862.5,1767.5,250,FB,,,760,"56001603518",16.7,30,64,2,X,25,40952002519,40,-23.122601,-46.564705,G,11/24/2023,4/16/2018,,aadc95f80fba6d3a,12/22/2032,,,Atibaia,,
LIC-LIC-01,TELEFONICA BRASIL S.A.,50409146447,10,48412023,1002096313,ESTRADA DO OBSERVATÓRIO,EM FRENTE AO 145,SP,3556701,10M0G7W,LTE,,,2160,1970,205,FB,,,760,"0",17.5,25,65,3,X,60,83071803257,46,-23.022033,-46.957397,G,11/22/2023,11/9/2015,,aadc95f80bd8feae,4/30/2038,,,Vinhedo,,x
LIC-LIC-01,TELEFONICA BRASIL S.A.,50409146447,10,48412023,1002051638,RODOVIA ENGENHEIRO JOÃO TOSELLO,KM 95 5 SP 147 FAZENDA CAMPO SÃO BENTO,SP,3526902,10M0G7W,LTE,,,2160,1970,260,FB,,,760,"5152003257",17.3,25,68,2,X,50,83071803257,46,-22.5046,-47.288,G,11/22/2023,11/9/2015,,aadc95f80bd8fe36,4/30/2038,,,Limeira,,
LIC-LIC-01,TELEFONICA BRASIL S.A.,50409146447,10,1422016,410853615,RUA JOÃO CAMILO DE CAMARGO,,SP,3519071,5M00G7W,LTE,,,2680,2560,230,FB,,,760,"44181403519",16.9,32,58,2,X,56,58221803257,40,-22.864994,-47.215956,G,1/30/2024,12/10/1999,,aadc95f80bd8fdb6,10/18/2027,50010613854,TIM S A,Hortolândia,,x
LIC-LIC-01,TELEFONICA BRASIL S.A.,50409146447,10,166262022,410853097,RUA DAS HORTÊNCIAS,,SP,3509502,10M0G7W,LTE,,,2150,1960,220,FB,,,760,"44181403519",16.4,32,57,4,X,39,83071803257,40,-22.861217,-47.052947,G,1/30/2024,12/10/1999,,aadc95f80bd8fb40,12/22/2032,,,Campinas,,x
LIC-LIC-01,CLARO S.A.,50409105090,10,25152016,1005863390,AV ARARIVA,SITIO DA MURSA,SP,3556503,15M0G7W,LTE,,,1842.5,1747.5,60,FB,,,760,,16.5,21,66,0,X,55.3,6091702519,79.43,-23.24788,-46.82622,G,1/6/2026,3/23/2018,,aadc95f80b770cdc,7/27/2031,,,Várzea Paulista,,x
LIC-LIC-01,CLARO S.A.,50409105090,10,46662011,1006616974,R URAÍ,LOTE 28 QD 2,SP,3556503,10M0G7W,LTE,,,1825,1730,45,FB,,,760,,16.5,21,66,0,X,56,12111805894,20,-23.19517,-46.82916,G,12/17/2025,5/14/2018,,aadc95f80b770ca5,8/6/2027,,,Várzea Paulista,,x
LIC-LIC-01,CLARO S.A.,50409105090,10,25152016,1007159275,R GUAROVÁ,ESQUINA COM RUA ARIRI,SP,3556503,15M0G7W,LTE,,,1842.5,1747.5,240,FB,,,760,,16.5,21,66,-4,X,50,12111805894,20,-23.22443,-46.83523,G,11/27/2025,9/3/2018,,aadc95f80b770c71,7/27/2031,,,Várzea Paulista,,x
LIC-LIC-01,CLARO S.A.,50409105090,10,25152016,1007813331,R PINUS,LOTE 10 - QD B,SP,3556503,15M0G7W,LTE,,,1842.5,1747.5,340,FB,,,760,,16.5,21,66,0,X,50,12111805894,40,-23.21367,-46.84493,G,11/27/2025,12/13/2018,,aadc95f80b770c44,7/27/2031,,,Várzea Paulista,,x
LIC-LIC-01,CLARO S.A.,50409105090,10,46662011,1009792692,RUA OSWALDO GOELDI,,SP,3547304,10M0G7W,LTE,,,1825,1730,200,FB,,,760,"27331703519",16.16,27,66.76,0,X,40,6091702519,79.43,-23.43114,-46.82763,G,12/14/2022,12/30/2019,,aadc95f80b770ba8,8/6/2027,,,Santana de Parnaíba,,
LIC-LIC-01,CLARO S.A.,50409105090,10,46662011,1007190270,RUA SOL,R ANTARES S/N LOT CHACARA SOLAR,SP,3547304,10M0G7W,LTE,,,1825,1730,290,FB,,,760,"27331703519",16.16,27,66.76,-2,X,60,6091702519,79.43,-23.42329,-46.88715,G,12/14/2022,10/18/2018,,aadc95f80b770b75,8/6/2027,,,Santana de Parnaíba,,
LIC-LIC-01,CLARO S.A.,50409105090,10,46662011,684874342,ROD DO AÇÚCAR,ROD SP 308 FAZ BOA VISTA (ROD. AÇUCAR) PRÓX KM 106,SP,3545209,10M0G7W,LTE,,,1825,1730,330,FB,,,760,"27331703519",16.16,27,66.76,-2,X,60,6091702519,79.43,-23.1608,-47.3416,G,6/27/2023,12/15/2004,,aadc95f80b770b38,8/6/2027,,,Salto,,x
LIC-LIC-01,CLARO S.A.,50409105090,10,46662011,1006616923,ESTRADA LAJEADO,PROX COND FECHADO VILLAGE ZULEIKA JABOUR,SP,3545209,10M0G7W,LTE,,,1825,1730,210,FB,,,760,"27331703519",16.16,27,66.76,0,X,50,6091702519,79.43,-23.15023,-47.30723,G,12/14/2022,5/14/2018,,aadc95f80b770b19,8/6/2027,,,Salto,,x
LIC-LIC-01,CLARO S.A.,50409105090,10,25152016,1005931280,RUA DOS LILASES,LOTE 7 QUADRA F,SP,3545209,15M0G7W,LTE,,,1842.5,1747.5,220,FB,,,760,"27331703519",16.16,27,66.76,0,X,60,6091702519,79.43,-23.12035,-47.33395,G,12/14/2022,3/16/2018,,aadc95f80b770aec,7/27/2031,,,Salto,,x
LIC-LIC-01,CLARO S.A.,50409105090,10,25152016,1005931272,RUA JORDANIA,,SP,3545209,15M0G7W,LTE,,,1842.5,1747.5,230,FB,,,760,"27331703519",16.16,27,66.76,-2,X,50,6091702519,79.43,-23.19218,-47.26579,G,12/14/2022,3/16/2018,,aadc95f80b770ab9,7/27/2031,,,Salto,,x
LIC-LIC-01,CLARO S.A.,50409105090,10,25152016,684839032,R DOMINGOS FERNANDES,S/N LT 39 - QD 25,SP,3547304,15M0G7W,LTE,,,1842.5,1747.5,160,FB,,,760,"27331703519",16.16,27,66.76,-4,X,67.5,12111805894,40,-23.4088,-46.9474,G,6/15/2023,12/15/2004,,aadc95f80b770a1f,8/6/2027,,,Santana de Parnaíba,,
LIC-LIC-01,CLARO S.A.,50409105090,10,46662011,1005863480,ROD PADRE ALDO BOLINI,ACESSO NO KM 75  PRÓXIMO A UM PESQUEIRO,SP,3507605,200KG7W,LTE,,,1825,1730,280,FB,,,760,"27331703519",16.16,27,66.76,-2,X,60,6091702519,79.43,-23.02214,-46.44046,G,12/14/2022,5/24/2018,,aadc95f80aff5589,8/6/2027,,,Bragança Paulista,,
LIC-LIC-01,CLARO S.A.,50409105090,10,46662011,1006616400,ROD ALKINDAR MONTEIRO JUNQUEIRA,KM 36 5,SP,3507605,10M0G7W,LTE,,,1825,1730,320,FB,,,760,"27331703519",16.16,27,66.76,-2,X,61,12111805894,20,-22.96,-46.69983,G,12/14/2022,5/14/2018,,aadc95f80aff54ff,8/6/2027,,,Bragança Paulista,,
LIC-LIC-01,CLARO S.A.,50409105090,10,46662011,1007190229,AV SÃO FRANCISCO DE ASSIS,CAMPING E CHALÉ ESTAÇÃO RURAL,SP,3507605,10M0G7W,LTE,,,1825,1730,160,FB,,,760,"27331703519",16.16,27,66.76,0,X,20,6091702519,79.43,-22.99678,-46.52742,G,12/14/2022,10/18/2018,,aadc95f80aff5409,8/6/2027,,,Bragança Paulista,,
LIC-LIC-01,CLARO S.A.,50409105090,10,46662011,1007190377,AV MINAS GERAIS,SENTIDO BAIRRO TORO - SÍTIO SANTO ANTÕNIO,SP,3507605,10M0G7W,LTE,,,1825,1730,240,FB,,,760,"27331703519",16.16,27,66.76,-2,X,50,6091702519,79.43,-22.94222,-46.50547,G,12/14/2022,10/18/2018,,aadc95f80aff531f,8/6/2027,,,Bragança Paulista,,
LIC-LIC-01,CLARO S.A.,50409105090,10,46662011,1006803260,R SANTO ANTONIO,,SP,3523404,10M0G7W,LTE,,,1825,1730,290,FB,,,760,"27331703519",16.16,27,66.76,0,X,40.5,12111805894,20,-22.99697,-46.81097,G,12/14/2022,6/7/2018,,aadc95f80ae6cc5b,8/6/2027,,,Itatiba,,x
LIC-LIC-01,CLARO S.A.,50409105090,10,46662011,1006688827,ROD ROMILDO PRADO,SÍTIO SÃO JOSÉ (ESTRADA MUNICIPAL TEREZA BERNARDES),SP,3523404,10M0G7W,LTE,,,1825,1730,270,FB,,,760,"27331703519",16.16,27,66.76,-2,X,60,12111805894,20,-23.05355,-46.87457,G,12/14/2022,5/24/2018,,aadc95f80ae6cc43,8/6/2027,,,Itatiba,,x
LIC-LIC-01,CLARO S.A.,50409105090,10,46662011,700026134,EST  DO PIRAI ACIMA,FAZENDA JP,SP,3523909,10M0G7W,LTE,,,1825,1730,220,FB,,,760,"27331703519",16.16,27,66.76,-4,X,60.5,6091702519,79.43,-23.2941,-47.1912,G,6/14/2023,1/13/2006,,aadc95f80aaa2523,8/6/2027,,,Itu,,x
LIC-LIC-01,CLARO S.A.,50409105090,10,25152016,1006517771,RUA  FERRETO FERRETI,ACESSO EM FRENTE AO Nº 261,SP,3523909,15M0G7W,LTE,,,1842.5,1747.5,210,FB,,,760,"27331703519",16.16,27,66.76,0,X,60,6091702519,79.43,-23.29077,-47.31975,G,12/14/2022,5/2/2018,,aadc95f80aaa24ee,7/27/2031,,,Itu,,x
LIC-LIC-01,CLARO S.A.,50409105090,10,46662011,1005863234,ESTRADA MUNICIPAL OCTAVIO NAVARRO SANCHEZ,SENTIDO KM 63 DA ROD CASTELO BRANCO,SP,3523909,10M0G7W,LTE,,,1825,1730,240,FB,,,760,"27331703519",16.16,27,66.76,-2,X,60,6091702519,79.43,-23.38766,-47.1841,G,12/14/2022,3/23/2018,,aadc95f80aaa24b8,8/6/2027,,,Itu,,x
LIC-LIC-01,CLARO S.A.,50409105090,10,46662011,1006517763,AV CAETANO RUGGIERI,,SP,3523909,10M0G7W,LTE,,,1825,1730,35,FB,,,760,,16.5,21,66,-2,X,50,6091702519,79.43,-23.29521,-47.30321,G,1/28/2026,5/2/2018,,aadc95f80aaa249a,8/6/2027,,,Itu,,x
LIC-LIC-01,CLARO S.A.,50409105090,10,46662011,1010076199,ESTRADA PIRAÍ ACIMA,FAZENDA TIETÊ,SP,3523909,10M0G7W,LTE,,,1825,1730,290,FB,,,760,"27331703519",16.16,27,66.76,-2,X,60,12111805894,20,-23.28683,-47.26355,G,12/14/2022,2/28/2020,,aadc95f80aaa2482,8/6/2027,,,Itu,,x
LIC-LIC-01,CLARO S.A.,50409105090,10,46662011,1007190164,ESTRADA  DA GLORIA,ACESSO DE TERRA - RECANTO PONDEROSSA,SP,3523909,10M0G7W,LTE,,,1825,1730,190,FB,,,760,"27331703519",16.16,27,66.76,-2,X,60,12111805894,20,-23.24643,-47.37678,G,12/14/2022,10/18/2018,,aadc95f80aaa245b,8/6/2027,,,Itu,,x
LIC-LIC-01,CLARO S.A.,50409105090,10,25152016,1006517755,RUA JOSE MANOEL DA ROCHA,,SP,3523909,15M0G7W,LTE,,,1842.5,1747.5,210,FB,,,760,"27331703519",16.16,27,66.76,-2,X,50,6091702519,79.43,-23.23925,-47.32107,G,12/14/2022,5/2/2018,,aadc95f80aaa2440,7/27/2031,,,Itu,,x
LIC-LIC-01,CLARO S.A.,50409105090,10,46662011,1006616672,RODOVIA MARECHAL RONDON,AC P/ EST DE TERRA PROX KM 120,SP,3523909,10M0G7W,LTE,,,1825,1730,290,FB,,,760,"27331703519",16.16,27,66.76,0,X,48.5,12111805894,20,-23.23533,-47.4231,G,12/14/2022,5/14/2018,,aadc95f80aaa2422,8/6/2027,,,Itu,,x
LIC-LIC-01,CLARO S.A.,50409105090,10,25152016,1007073869,AVENIDA HIDRO ALUMÍNIO ACRO,EST MUNICIPAL 367,SP,3523909,15M0G7W,LTE,,,1842.5,1747.5,130,FB,,,760,"27331703519",16.16,27,66.76,-2,X,60,12111805894,20,-23.36571,-47.32092,G,12/14/2022,9/3/2018,,aadc95f80aaa23fe,7/27/2031,,,Itu,,x
LIC-LIC-01,CLARO S.A.,50409105090,10,46662011,1007676296,AL DAS ARAUCAIAS,LOTE 77 /GLEBA B,SP,3525201,200KG7W,LTE,,,1825,1730,190,FB,,,760,"27331703519",16.16,27,66.76,0,X,60,12111805894,20,-22.99313,-46.71211,G,12/14/2022,11/16/2018,,aadc95f80a9aad74,8/6/2027,,,Jarinu,,
LIC-LIC-01,CLARO S.A.,50409105090,10,46662011,1007190393,EST MUNICIPAL JOSE CARDOSO ADRIANO,SÍTIO GRAO MOSTARDA,SP,3538600,10M0G7W,LTE,,,1825,1730,270,FB,,,760,"27331703519",16.16,27,66.76,-2,X,60,12111805894,20,-23.00837,-46.38779,G,12/14/2022,10/18/2018,,aadc95f80a9aac5d,8/6/2027,,,Piracaia,,
LIC-LIC-01,CLARO S.A.,50409105090,10,46662011,699387051,EST CRUZAÇO,ESTRADA DA BORRACHA,SP,3504107,10M0G7W,LTE,,,1825,1730,165,FB,,,760,"27331703519",16.16,27,66.76,-6,X,70,6091702519,79.43,-23.04827,-46.67947,G,12/14/2022,11/18/2013,,aadc95f80a9aabce,8/6/2027,,,Atibaia,,
LIC-LIC-01,CLARO S.A.,50409105090,10,46662011,1005863498,AV ZEZICO PEÇANHA,CONTINUAÇÃO RUA NOSSA SENHARA DO SION,SP,3504107,10M0G7W,LTE,,,1825,1730,230,FB,,,760,"27331703519",16.16,27,66.76,-2,X,57,6091702519,79.43,-23.13517,-46.53378,G,12/14/2022,3/23/2018,,aadc95f80a9aab92,8/6/2027,,,Atibaia,,
LIC-LIC-01,CLARO S.A.,50409105090,10,46662011,1006622885,EST DO MINGU,SAIDA KM 83 - RODOVIA D. PEDRO I,SP,3504107,10M0G7W,LTE,,,1825,1730,300,FB,,,760,"27331703519",16.16,27,66.76,-2,X,40,12111805894,20,-23.06643,-46.63987,G,12/14/2022,6/6/2018,,aadc95f80a9aaafc,8/6/2027,,,Atibaia,,
LIC-LIC-01,CLARO S.A.,50409105090,10,46662011,1009514234,R ANNA MATHIAS VAIRO,,SP,3504107,5M00G7W/10M0G7W/15M0G7W/20M0G7W,LTE,,,1825,1730,275,FB,,,760,"27331703519",16.16,27,66.76,0,X,45,12111805894,20,-23.10378,-46.57383,G,12/14/2022,11/12/2019,,aadc95f80a9aaa9c,8/6/2027,,,Atibaia,,
LIC-LIC-01,CLARO S.A.,50409105090,10,46662011,1007536141,EST PARQUE DAS CASCATAS,ATIBAIA CLUBE DA MONTANHA,SP,3504107,5M00G7W/10M0G7W/15M0G7W/20M0G7W,LTE,,,1825,1730,240,FB,,,760,"27331703519",16.16,27,66.76,0,X,60,12111805894,20,-23.22619,-46.54379,G,12/14/2022,11/6/2018,,aadc95f80a9aaa0c,8/6/2027,,,Atibaia,,
LIC-LIC-01,CLARO S.A.,50409105090,10,46662011,1006803278,AV ARARIBÁ,,SP,3504107,5M00G7W/10M0G7W/15M0G7W/20M0G7W,LTE,,,1825,1730,170,FB,,,760,"27331703519",16.16,27,66.76,-2,X,60,12111805894,20,-23.19701,-46.60819,G,12/14/2022,6/7/2018,,aadc95f80a9aa988,8/6/2027,,,Atibaia,,
LIC-LIC-01,CLARO S.A.,50409105090,10,46662011,1006616370,R JOÃO NETO,SUBLOTE1 DO LOTE 1 - QUADRA 14,SP,3504107,5M00G7W/10M0G7W/15M0G7W/20M0G7W,LTE,,,1825,1730,250,FB,,,760,"27331703519",16.16,27,66.76,-2,X,60,6091702519,79.43,-23.17053,-46.62439,G,12/14/2022,5/14/2018,,aadc95f80a9aa8f8,8/6/2027,,,Atibaia,,
LIC-LIC-01,CLARO S.A.,50409105090,10,46662011,1006616362,R BENTO SOARES,,SP,3504107,5M00G7W/10M0G7W/15M0G7W/20M0G7W,LTE,,,1825,1730,180,FB,,,760,"27331703519",16.16,27,66.76,-2,X,50,6091702519,79.43,-23.04724,-46.5682,G,12/14/2022,5/14/2018,,aadc95f80a9aa874,8/6/2027,,,Atibaia,,
LIC-LIC-01,CLARO S.A.,50409105090,10,46662011,1006517739,EST MUNICIPAL,GLEBA 1,SP,3504107,5M00G7W/10M0G7W/15M0G7W/20M0G7W,LTE,,,1825,1730,260,FB,,,760,"27331703519",16.16,27,66.76,-2,X,60,6091702519,79.43,-23.10451,-46.48869,G,12/14/2022,6/13/2018,,aadc95f80a9aa7f0,8/6/2027,,,Atibaia,,
LIC-LIC-01,TELEFONICA BRASIL S.A.,50409146447,10,166262022,1007841807,RUA VEREADOR JOÃO BATISTA DA SILVA,,SP,3530706,10M0G7W,LTE,,,2150,1960,260,FB,,,760,"5152003257",17.3,25,68,3,X,46,83071803257,40,-22.385781,-46.957569,G,3/11/2024,12/18/2018,,aadc95f8f1a1f00a,12/22/2032,,,Mogi Guaçu,,
LIC-LIC-01,TELEFONICA BRASIL S.A.,50409146447,10,48412023,1005062886,AVENIDA GENERAL MOTORS,,SP,3552205,10M0G7W,LTE,,,2160,1970,300,FB,,,760,"56001603518",16,25,67,2,X,59,83071803257,46,-23.433158,-47.439592,G,12/15/2023,10/23/2017,,aadc95f8f1a1efa4,4/30/2038,,,Sorocaba,,
LIC-LIC-01,TELEFONICA BRASIL S.A.,50409146447,10,48422023,699864925,RODOVIA WILSON FINARDI,KM 84 1 SP 191,SP,3521101,5M00G7W,LTE,,,1867.5,1772.5,220,FB,,,760,"5152003257",17.2,26,69,2,X,79,83071803257,40,-22.4138,-47.682381,G,1/9/2024,7/29/2016,,aadc95f8f1a1ef92,12/22/2032,,,Ipeúna,,
LIC-LIC-01,TELEFONICA BRASIL S.A.,50409146447,10,48412023,1009491021,AVENIDA COMENDADOR CAMILLO JÚLIO,,SP,3552205,10M0G7W,LTE,,,2160,1970,180,FB,,,760,"56001603518",16,25,67,0,X,40,83071803257,40,-23.456311,-47.450211,G,2/29/2024,10/23/2019,,8e8d95f8c2add584,4/29/2038,,,Sorocaba,,
LIC-LIC-01,TELEFONICA BRASIL S.A.,50409146447,10,48412023,1005056347,RUA SILVA JARDIM,ED. PIAZZA DI GENOVA,SP,3538709,10M0G7W,LTE,,,2160,1970,235,FB,,,760,"5152003257",17.3,25,68,3,X,34,83071803257,40,-22.734394,-47.640267,G,12/15/2023,10/20/2017,,8e8d95f8c28e3a20,4/30/2038,,,Piracicaba,,x
LIC-LIC-01,TELEFONICA BRASIL S.A.,50409146447,10,166262022,1006071501,RUA ATANAZIO SOARES,,SP,3552205,10M0G7W,LTE,,,2150,1960,300,FB,,,760,"56001603518",16,25,67,2,X,50,83071803257,40,-23.469286,-47.475664,G,10/14/2024,4/12/2018,,8e8d95f8c28e3933,12/22/2032,,,Sorocaba,,
LIC-LIC-01,TELEFONICA BRASIL S.A.,50409146447,10,1422016,1001324894,RUA REINALDO CAVENAGHI,,SP,3503307,5M00G7W,LTE,,,2680,2560,210,FB,,,760,"5152003257",17.5,24,59,2,X,49,58221803257,40,-22.3528,-47.324303,G,11/21/2023,6/30/2016,,8e8d95f8c262624b,10/18/2027,50010613854,TIM S A,Araras,,
LIC-LIC-01,TELEFONICA BRASIL S.A.,50409146447,10,59072012,1010398919,AVENIDA DOS BEIJA FLORES,,SP,3547007,20M0G7W,LTE,,,2680,2560,180,FB,,,760,"56001603518",17.5,28,65,2,X,49,58221803257,40,-22.610694,-48.155467,G,11/28/2023,5/4/2020,,8e8d95f8c2626149,10/18/2027,,,Santa Maria da Serra,,
LIC-LIC-01,Telefonica Brasil S.a.,50409146447,10,1422016,699070414,ESTRADA MUNICIPAL HORTOLÂNDIA A TAQUARA BRANCA,,SP,3519071,5M00G7W,LTE,,,2680,2560,200,FB,,,760,"44181403519",16.9,32,58,2,X,53,58221803257,40,-22.877431,-47.248931,G,4/10/2025,2/12/2014,,8e8d95f8c2626113,10/18/2027,50010613854,TIM S A,Hortolândia,,x
LIC-LIC-01,Telefonica Brasil S.a.,50409146447,10,48422023,692059857,RUA DOM LUCAS MOREIRA NEVES,,SP,3552403,5M00G7W,LTE,,,1862.5,1767.5,210,FB,,,760,"56001603518",16.7,30,64,2,X,40,83071803257,40,-22.800583,-47.196392,G,4/10/2025,1/11/2010,,8e8d95f8c262604d,12/22/2032,,,Sumaré,,x
LIC-LIC-01,TELEFONICA BRASIL S.A.,50409146447,10,48422023,410853577,RUA SERGIPE,,SP,3552403,5M00G7W,LTE,,,1867.5,1772.5,90,FB,,,760,"56001603518",16.7,30,64,2,X,35,83071803257,40,-22.804936,-47.222333,G,8/20/2024,12/10/1999,,8e8d95f8bee2b02e,12/22/2032,,,Sumaré,,x
LIC-LIC-01,TELEFONICA BRASIL S.A.,50409146447,10,48422023,441986072,RUA PLÍNIO GIOMETTI,,SP,3552403,5M00G7W,LTE,,,1867.5,1772.5,250,FB,,,760,"56001603518",16.7,30,64,4,X,36,83071803257,40,-22.814475,-47.249161,G,1/30/2024,12/15/1999,,8e8d95f8bee2afec,12/22/2032,,,Sumaré,,x
LIC-LIC-01,Telefonica Brasil S.a.,50409146447,10,1422016,691931763,AVENIDA CONDE FRANCISCO MATARAZZO JUNIOR,RIO CLARO SHOPPING,SP,3543907,5M00G7W,LTE,,,2680,2560,240,FB,,,760,"44181403519",16.9,32,58,2,X,43,58221803257,40,-22.412056,-47.554758,G,4/10/2025,11/26/2009,,8e8d95f8bee2ae78,10/18/2027,50010613854,TIM S A,Rio Claro,,
LIC-LIC-01,TELEFONICA BRASIL S.A.,50409146447,10,48422023,534855598,RODOVIA DEPUTADO LAÉRCIO CORTE,KM 131 SP 147,SP,3538709,5M00G7W,LTE,,,1867.5,1772.5,215,FB,,,760,"56001603518",16.7,30,64,2,X,58,83071803257,40,-22.670636,-47.551728,G,1/5/2024,9/27/2000,,8e8d95f8beb6002b,12/22/2032,,,Piracicaba,,x
LIC-LIC-01,Telefonica Brasil S.a.,50409146447,10,1422016,699601711,RUA DOUTOR JOÃO SAMPAIO,CONDOMÍNIO EDIFÍCIO PIAZZA DE PADOVA,SP,3538709,5M00G7W,LTE,,,2680,2560,270,FB,,,760,"0",18.4,25,58,2,X,36,58221803257,40,-22.718961,-47.635908,G,4/9/2025,2/12/2014,,8e8d95f8be9021a7,10/18/2027,50010613854,TIM S A,Piracicaba,,x
LIC-LIC-01,TELEFONICA BRASIL S.A.,50409146447,10,48412023,641263198,RUA ARIOVALDO SILVEIRA FRANCO,DEPARTAMENTO DE SERVIÇOS MUNICIPAL,SP,3530805,10M0G7W,LTE,,,2160,1970,230,FB,,,760,"56001603518",17.2,30,60,2,X,40,83071803257,40,-22.427628,-46.9515,G,8/20/2024,3/5/2002,,8e8d95f8bda5035f,4/29/2038,,,Mogi Mirim,,
LIC-LIC-01,TELEFONICA BRASIL S.A.,50409146447,10,1422016,689624263,RODOVIA DEPUTADO MARIO BENI,KM 175 SP 340,SP,3530706,5M00G7W,LTE,,,2680,2560,320,FB,,,760,"5152003257",17.5,24,59,2,X,47,58221803257,40,-22.318875,-46.964244,G,3/11/2024,10/1/2007,,8e8d95f8bda502fc,10/18/2027,50010613854,TIM S A,Mogi Guaçu,,
LIC-LIC-01,TELEFONICA BRASIL S.A.,50409146447,10,48422023,1007710214,RODOVIA LIMEIRA,KM 116 ( RUA SERVIDÃO S/N )  PIRACICABA (RODOVIA SP-147),SP,3526902,5M00G7W,LTE,,,1867.5,1772.5,60,FB,,,760,"0",17.4,23,69,1,X,45,83071803257,40,-22.57935,-47.456289,G,2/29/2024,11/27/2018,,8e8d95f8bda5021b,12/22/2032,,,Limeira,,
LIC-LIC-01,TELEFONICA BRASIL S.A.,50409146447,10,48422023,1005312980,RUA DAS FLORES,,SP,3527306,5M00G7W,LTE,,,1867.5,1772.5,240,FB,,,760,"24731703257",14.9,25,63,2,X,22,83071803257,40,-23.106756,-46.96917,G,11/24/2023,11/22/2017,,8e8d95f8bda50200,12/22/2032,,,Louveira,,x
LIC-LIC-01,TELEFONICA BRASIL S.A.,50409146447,10,166262022,1007623583,AVENIDA HOLLINGSWORTH,RICIEX TEXTIL INDUSTRIA E COMERCIO LTDA,SP,3552205,10M0G7W,LTE,,,2150,1960,290,FB,,,760,"56001603518",17.4,25,62,0,X,41,83071803257,40,-23.459358,-47.409836,G,4/1/2024,11/7/2018,,8e8d95f8bd41d8bd,12/22/2032,,,Sorocaba,,
LIC-LIC-01,Telefonica Brasil S.a.,50409146447,10,48412023,1000606667,AVENIDA IPANEMA  5500,,SP,3552205,10M0G7W,LTE,,,2160,1970,280,FB,,,760,"44181403519",16.4,32,57,0,X,25,83071803257,40,-23.451164,-47.505158,G,10/15/2024,11/24/2014,,8e8d95f8bd41d81b,4/29/2038,,,Sorocaba,,
LIC-LIC-01,TELEFONICA BRASIL S.A.,50409146447,10,48412023,1005056312,RUA TERENSIO GALESI,,SP,3538709,10M0G7W,LTE,,,2160,1970,230,FB,,,760,"0",17.5,25,65,5,X,40,83071803257,40,-22.697639,-47.662194,G,12/15/2023,10/20/2017,,8e8d95f8bd41d7eb,4/30/2038,,,Piracicaba,,x
LIC-LIC-01,TELEFONICA BRASIL S.A.,50409146447,10,48422023,1002004869,ESTRADA FAUSTO CAPELLARI,,SP,3512308,5M00G7W,LTE,,,1867.5,1772.5,230,FB,,,760,"24731703257",15.5,25,63,3,X,60,83071803257,40,-22.977003,-48.102783,G,11/22/2023,11/9/2015,,8e8d95f8b865e9a5,12/22/2032,,,Conchas,,
LIC-LIC-01,TELEFONICA BRASIL S.A.,50409146447,10,48422023,1012821371,RUA LAURENTINA DE SAMPAIO SAR,,SP,3526902,5M00G7W,LTE,,,1867.5,1772.5,270,FB,,,760,"56001603518",17.4,25,68,2,X,57,83071803257,40,-22.558239,-47.437564,G,1/31/2024,2/14/2022,,c50c95f8a91c5f85,12/22/2032,,,Limeira,,
LIC-LIC-01,Telefonica Brasil S.a.,50409146447,10,166262022,534786006,AVENIDA VINÍCIUS DE MORAES,,SP,3552205,10M0G7W,LTE,,,2150,1960,100,FB,,,760,"44181403519",16.4,32,57,2,X,48,83071803257,40,-23.435922,-47.505797,G,10/15/2024,11/10/2000,,c50c95f8a91c5f31,12/22/2032,,,Sorocaba,,
LIC-LIC-01,TELEFONICA BRASIL S.A.,50409146447,10,48412023,505809079,RUA RECANTO DOS PASSÁROS,,SP,3507001,10M0G7W,LTE,,,2160,1970,330,FB,,,760,"56001603518",17.2,30,60,2,X,60,83071803257,40,-23.313694,-47.639917,G,12/20/2023,11/28/2000,,c50c95f8a91c5ef5,4/30/2038,,,Boituva,,x
LIC-LIC-01,Telefonica Brasil S.a.,50409146447,10,48422023,1014142919,RUA CARLOS CASSIANO,CASA C,SP,3501905,5M00G7W,LTE,,,1867.5,1772.5,240,FB,,,760,"56001603518",15.8,25,67,2,X,40,83071803257,40,-22.711856,-46.775158,G,10/15/2024,8/22/2022,,c50c95f8a91c5e7c,12/22/2032,,,Amparo,,x
LIC-LIC-01,TELEFONICA BRASIL S.A.,50409146447,10,48412023,410853542,RUA CORONEL JOB DE FIGUEIREDO,,SP,3509502,10M0G7W,LTE,,,2160,1970,210,FB,,,760,"56001603518",17.2,30,60,1,X,29,83071803257,40,-22.942878,-47.058911,G,10/14/2024,12/10/1999,,963c65f8a3b64902,4/29/2038,,,Campinas,,x
LIC-LIC-01,TELEFONICA BRASIL S.A.,50409146447,10,48412023,535811861,RUA ABAÇAÍ,LOTE 5 QUADRA 27,SP,3509502,10M0G7W,LTE,,,2160,1970,80,FB,,,760,"0",17.5,25,65,4,X,41,83071803257,40,-22.971953,-47.144581,G,8/20/2024,12/22/2000,,963c65f8a3b648db,4/29/2038,,,Campinas,,x
LIC-LIC-01,TELEFONICA BRASIL S.A.,50409146447,10,48412023,410853178,RUA PROFESSOR ARY MONTEIRO GALVÃO,,SP,3509502,10M0G7W,LTE,,,2160,1970,220,FB,,,760,"44181403519",16.4,32,57,2,X,37,83071803257,40,-22.872608,-47.028331,G,1/30/2024,12/10/1999,,963c65f8a3b64831,4/29/2038,,,Campinas,,x
LIC-LIC-01,TELEFONICA BRASIL S.A.,50409146447,10,48412023,410853534,AVENIDA PROJETADA,,SP,3509502,10M0G7W,LTE,,,2160,1970,210,FB,,,760,"44181403519",16.4,32,57,2,X,32,83071803257,40,-22.890642,-47.02255,G,1/30/2024,12/10/1999,,963c65f8a3b647bd,4/29/2038,,,Campinas,,x
LIC-LIC-01,TELEFONICA BRASIL S.A.,50409146447,10,48412023,641263155,RUA CONCEIÇÃO,,SP,3509502,10M0G7W,LTE,,,2160,1970,320,FB,,,760,"56001603518",17.4,25,62,1,X,35,83071803257,40,-22.902631,-47.052592,G,2/13/2024,3/5/2002,,963c65f8a3b64763,4/29/2038,,,Campinas,,x
LIC-LIC-01,TELEFONICA BRASIL S.A.,50409146447,10,59072012,1010049051,RUA CHIARA LUBICH,,SP,3525904,20M0G7W,LTE,,,2680,2560,230,FB,,,760,"56001603518",14.36,25,69.24,4,X,57.8,45621602519,40,-23.1854,-46.9707,G,11/28/2023,2/18/2020,,963c65f8a4582f44,10/18/2027,,,Jundiaí,,x
LIC-LIC-01,TELEFONICA BRASIL S.A.,50409146447,10,48422023,441994687,ESTRADA VELHA DE CAIERIAS,,SP,3509007,5M00G7W,LTE,,,1862.5,1767.5,220,FB,,,760,"56001603518",14.36,25,69.24,5,X,55,40952002519,60,-23.345711,-46.818106,G,12/27/2023,12/15/1999,,963c65f8a4582cf5,12/22/2032,,,Caieiras,,
LIC-LIC-01,TELEFONICA BRASIL S.A.,50409146447,10,48422023,442405073,RODOVIA VIA ANHANGUERA,KM 41 5 SP 330,SP,3509205,5M00G7W,LTE,,,1862.5,1767.5,340,FB,,,760,"56001603518",14.36,25,69.24,3,X,64,40952002519,60,-23.314467,-46.841806,G,1/8/2024,12/15/1999,,963c65f8a4154439,12/22/2032,,,Cajamar,,
LIC-LIC-01,TELEFONICA BRASIL S.A.,50409146447,10,48422023,1001330851,RUA ESQUEL,,SP,3528502,5M00G7W,LTE,,,1862.5,1767.5,260,FB,,,760,"0",15.6,22,68,2,X,57,40952002519,60,-23.335681,-46.5724,G,11/21/2023,7/29/2016,,963c65f8a41543d6,12/22/2032,,,Mairiporã,,
LIC-LIC-01,Telefonica Brasil S.a.,50409146447,10,166262022,1010829952,RUA ANA MARIA FRANCO LARANJEIRA  5,,SP,3550308,10M0G7W,LTE,,,2150,1960,220,FB,,,760,"56001603518",14.36,25,69.24,2,X,36,40952002519,40,-23.415031,-46.742533,G,10/31/2024,7/24/2020,,963c65f8a4154309,12/22/2032,,,São Paulo,,
LIC-LIC-01,TELEFONICA BRASIL S.A.,50409146447,10,48412023,379963892,RUA MARIA APARECIDA SZENTES,,SP,3509007,10M0G7W,LTE,,,2160,1970,210,FB,,,760,"56001603518",14.36,25,69.24,2,X,31,40952002519,60,-23.382156,-46.738067,G,11/22/2023,12/10/1999,,963c65f8a41542cd,4/30/2038,,,Caieiras,,
LIC-LIC-01,Telefonica Brasil S.a.,50409146447,10,166262022,1008817551,RUA ANTÔNIO DE PÁDUA DIAS  124,,SP,3550308,10M0G7W,LTE,,,1875,1780,180,FB,,,760,"1.29E+11",13.34,25,65.71,2,X,40,40952002519,60,-23.402675,-46.747114,G,10/15/2024,7/26/2019,,963c65f8a3d450ad,12/22/2032,,,São Paulo,,
LIC-LIC-01,TELEFONICA BRASIL S.A.,50409146447,10,48422023,1014494190,AVENIDA ADOLFO LUTZ,,SP,3509502,5M00G7W,LTE,,,1867.5,1772.5,320,FB,,,760,"56001603518",15.8,25,67,2,X,40,83071803257,40,-22.827708,-47.067514,G,1/31/2024,11/22/2022,,963c65f89e9a3197,12/22/2032,,,Campinas,,x
LIC-LIC-01,TELEFONICA BRASIL S.A.,50409146447,10,48422023,1014493720,AVENIDA JOSÉ DE SOUSA CAMPOS,,SP,3509502,5M00G7W,LTE,,,1862.5,1767.5,260,FB,,,760,"0",17.4,23,69,0,X,24,83071803257,40,-22.885719,-47.044519,G,8/22/2023,11/22/2022,,963c65f89e9a2ebb,12/22/2032,,,Campinas,,x
LIC-LIC-01,TELEFONICA BRASIL S.A.,50409146447,10,59072012,1014493681,AVENIDA CAMINHO DA MISERICÓRDIA,AO LADO DA RADIO,SP,3509601,20M0G7W,LTE,,,2680,2560,0,FB,,,760,"4741600762",10.74,0,80.1,0,X,3.5,58221803257,2.95,-23.175892,-46.76225,E,11/22/2022,11/22/2022,,963c65f89e9a2e94,10/18/2027,,,Campo Limpo Paulista,,x
LIC-LIC-01,CLARO S.A.,50409105090,10,97692014,684866706,RODOVIA SP 352,,SP,3501905,10M0G7W,LTE,,,798,743,180,FB,,,760,"56001603518",13,23,67,0,X,54,57731705894,80,-22.65524,-46.78235,G,11/4/2022,10/18/2004,,f26415f83d549ef3,12/8/2029,,,Amparo,,x
LIC-LIC-01,CLARO S.A.,50409105090,10,48372023,684259605,RUA JOÃO LOTTI,,SP,3525904,10M0G7W,LTE,,,2130,1940,250,FB,,,760,"56001603518",14.7,25,53,0,X,36,40952002519,20,-23.1826,-46.9145,G,2/14/2025,8/19/2004,,6a8c15f8147836ab,4/30/2038,,,Jundiaí,,x
LIC-LIC-01,TELEFONICA BRASIL S.A.,50409146447,10,59072012,1011755863,RUA 3,,SP,3525904,20M0G7W,LTE,,,2680,2560,80,FB,,,760,"56001603518",14.36,25,69.24,2,X,30,45621602519,40,-23.225707,-46.886044,G,1/9/2024,2/22/2021,,f49c15f814ad4ae7,10/18/2027,,,Jundiaí,,x
LIC-LIC-01,TELEFONICA BRASIL S.A.,50409146447,10,48412023,1005142375,RUA ARALDO RODRIGUES,,SP,3523909,10M0G7W,LTE,,,2160,1970,280,FB,,,760,"56001603518",16.15,25,65,4,X,49,40952002519,60,-23.257769,-47.316161,G,11/24/2023,10/23/2017,,f49c15f814254695,4/30/2038,,,Itu,,x
LIC-LIC-01,CLARO S.A.,50409105090,10,34672011,1000506247,AV ITAVUVU,SHOP CIDADE SOROCABA,SP,3552205,10M0G7W,LTE,,,2140,1950,0,FB,,,168,,3,0,360,0,V,3,27191702519,60,-23.45675,-47.48328,G,7/11/2024,9/10/2014,,6015d5f800f648e4,6/1/2026,,,Sorocaba,,
LIC-LIC-01,TELEFONICA BRASIL S.A.,50409146447,10,1422016,2156997,RUA CARIDADE TERCEIRA,EM FRENTE AO 638,SP,3554003,5M00G7W,LTE,,,2680,2560,270,FB,,,760,"11021100324",17.6,30,67,0,X,44,24251201882,60,-23.340247,-47.827167,G,12/12/2023,12/10/1999,,378dd5f8be294cad,10/18/2027,50010613854,TIM S A,Tatuí,,
LIC-LIC-01,TELEFONICA BRASIL S.A.,50409146447,10,1422016,6994377,RUA ONZE DE JUNHO,"&amp; RUA CANDELÁRIA  583",SP,3520509,5M00G7W,LTE,,,2680,2560,240,FB,,,760,"56001603518",17.5,30,57,2,X,24,58221803257,40,-23.085467,-47.215925,G,1/30/2024,8/4/1999,,378dd5f8bd18aa88,10/18/2027,50010613854,TIM S A,Indaiatuba,,x
LIC-LIC-01,TELEFONICA BRASIL S.A.,50409146447,10,1422016,1873318,RUA PERU,,SP,3520509,5M00G7W,LTE,,,2680,2560,220,FB,,,760,"24731703257",16.7,25,60,2,X,37,58221803257,30,-23.092217,-47.192883,G,1/19/2024,9/21/1999,,378dd5f8bd18aa18,10/18/2027,50010613854,TIM S A,Indaiatuba,,x
LIC-LIC-01,TELEFONICA BRASIL S.A.,50409146447,10,97432014,1012915120,SITIO ESTRADA DO VAREJÃO,RODOVIA DO AÇUCAR KM 79.5,SP,3523909,10M0G7W,LTE,,,788,733,20,FB,,,760,"1.29E+11",13.36,25,79.01,2,X,40,57731705894,80,-23.386078,-47.331781,G,8/7/2023,3/17/2022,,4872c5f828741805,12/8/2029,,,Itu,,x
LIC-LIC-01,TELEFONICA BRASIL S.A.,50409146447,10,97432014,1011088760,RODOVIA ANHANGUERA,KM 63 NORTE,SP,3525904,10M0G7W,LTE,,,788,733,170,FB,,,760,"1.29E+11",13.36,25,79.01,4,X,60,57731705894,80,-23.161667,-46.93075,G,11/28/2023,8/19/2020,,4872c5f828369ead,12/8/2029,,,Jundiaí,,x
LIC-LIC-01,TELEFONICA BRASIL S.A.,50409146447,10,48412023,699851688,ESTRADA MUNICIPAL ITU 050,X PIRAPITINGUI,SP,3523909,10M0G7W,LTE,,,2160,1970,110,FB,,,760,"56001603518",14.36,25,69.24,3,X,36,40952002519,60,-23.412347,-47.245053,G,1/9/2024,7/29/2016,,4872c5f828c25f00,4/30/2038,,,Itu,,x
LIC-LIC-01,TELEFONICA BRASIL S.A.,50409146447,10,48422023,693062207,RUA PREFEITO JOSÉ CARLOS,,SP,3524006,5M00G7W,LTE,,,1862.5,1767.5,120,FB,,,760,"56001603518",14.36,25,69.24,4,X,32,40952002519,60,-23.158919,-47.0449,G,1/2/2024,12/30/2010,,4872c5f828c25be5,12/22/2032,,,Itupeva,,x
LIC-LIC-01,CLARO S.A.,50409105090,10,25152016,1007231308,RUA DA MATA,ESQ C/ R DA FAUNA 65 107 ANTIGO 143,SP,3547304,15M0G7W,LTE,,,1842.5,1747.5,240,FB,,,760,"27331703519",16.16,27,66.76,-2,X,50,12111805894,20,-23.43241,-46.87529,G,9/14/2022,10/22/2018,,8072c5f83ccd13ae,7/27/2031,,,Santana de Parnaíba,,
LIC-LIC-01,CLARO S.A.,50409105090,10,25152016,1007676253,RUA OTTO HALTER,GLEBA 07 CH ALPE,SP,3545209,15M0G7W,LTE,,,1842.5,1747.5,180,FB,,,760,"27331703519",16.16,27,66.76,-2,X,60,12111805894,20,-23.16286,-47.27561,G,9/14/2022,11/16/2018,,8072c5f83ccd130d,7/27/2031,,,Salto,,x
LIC-LIC-01,CLARO S.A.,50409105090,10,25152016,1005931299,RUA DOUTOR FLAMÍNIO FÁVERO,LT 19U - QD N HARAS PAINEIRAS,SP,3545209,15M0G7W,LTE,,,1842.5,1747.5,180,FB,,,760,"27331703519",16.16,27,66.76,-2,X,50,6091702519,79.43,-23.20515,-47.32127,G,9/14/2022,4/16/2018,,8072c5f83ccd12ec,7/27/2031,,,Salto,,x
LIC-LIC-01,CLARO S.A.,50409105090,10,25152016,1006803316,RUA BATALHA DO RIACHUELO,PROX À KANJICA DO BRASIL INDUSTRIA,SP,3545209,15M0G7W,LTE,,,1842.5,1747.5,230,FB,,,760,"27331703519",16.16,27,66.76,-2,X,60,6091702519,79.43,-23.1728,-47.28866,G,9/14/2022,6/7/2018,,8072c5f83ccd12c1,7/27/2031,,,Salto,,x
LIC-LIC-01,TELEFONICA BRASIL S.A.,50409146447,10,48412023,1004501983,RUA JACOB WALDER,,SP,3538709,10M0G7W,LTE,,,2160,1970,220,FB,,,760,"44181403519",16.4,32,57,0,X,49,83071803257,40,-22.675639,-47.694194,G,11/23/2023,8/3/2017,,8072c5f8504a59f2,4/30/2038,,,Piracicaba,,x
LIC-LIC-01,TELEFONICA BRASIL S.A.,50409146447,10,48412023,1002134606,RODOVIA SENADOR LAURINDO DIAS MINHOTO,KM 26 SP 141,SP,3554003,10M0G7W,LTE,,,2160,1970,300,FB,,,760,"56001603518",17.1,27,69,3,X,57,83071803257,40,-23.35415,-47.8147,G,11/23/2023,11/9/2015,,8072c5f8504a59c2,4/30/2038,,,Tatuí,,
LIC-LIC-01,TELEFONICA BRASIL S.A.,50409146447,10,48412023,399676201,RODOVIA ANTÔNIO ROMANO SCHINCARIOL,KM 105 5 SP 127,SP,3554003,10M0G7W,LTE,,,2160,1970,330,FB,,,760,"56001603518",17.1,27,69,3,X,57,83071803257,40,-23.2875,-47.807778,G,12/14/2023,12/10/1999,,8072c5f85047e173,4/30/2038,,,Tatuí,,
LIC-LIC-01,TELEFONICA BRASIL S.A.,50409146447,10,48412023,1010247333,RUA MARISA CARRIEL FONSECA,JUCELINO TEMOTEO DA SILVA,SP,3554003,10M0G7W,LTE,,,2160,1970,245,FB,,,760,"56001603518",16,25,67,2,X,59,83071803257,46,-23.315131,-47.827736,G,11/28/2023,3/27/2020,,8072c5f85047e149,4/30/2038,,,Tatuí,,
LIC-LIC-01,TELEFONICA BRASIL S.A.,50409146447,10,48412023,535744200,RUA DOMINGOS FORTINI BACILE  65,,SP,3554508,10M0G7W,LTE,,,2160,1970,210,FB,,,760,"24731703257",15.9,25,62,3,X,61,83071803257,40,-23.104131,-47.708372,G,8/12/2024,11/10/2000,,8072c5f85047e026,4/29/2038,,,Tietê,,
LIC-LIC-01,TELEFONICA BRASIL S.A.,50409146447,10,48422023,1014213220,RUA ADEMAR ROSA DA SILVA,,SP,3554003,5M00G7W,LTE,,,1867.5,1772.5,230,FB,,,760,"56001603518",15.8,25,67,2,X,39,83071803257,40,-23.324869,-47.871289,G,2/1/2024,9/13/2022,,8072c5f85047debb,12/22/2032,,,Tatuí,,
LIC-LIC-01,TELEFONICA BRASIL S.A.,50409146447,10,48422023,1007136798,RUA ARCEBISPO DOM LUCIANO MENDES DE ALMEIDA,QUADRA U5  LOTE 07,SP,3509502,5M00G7W,LTE,,,1867.5,1772.5,180,FB,,,760,"56001603518",16.7,30,64,3,X,34,83071803257,40,-22.976994,-47.068108,G,10/14/2024,8/21/2018,,8072c5f85047de45,12/22/2032,,,Campinas,,x
LIC-LIC-01,TELEFONICA BRASIL S.A.,50409146447,10,48412023,1013193552,AVENIDA TOYOTA,AV. ITAVUVU  9005,SP,3552205,10M0G7W,LTE,,,2160,1970,130,FB,,,760,"56001603518",16,25,67,4,X,49,83071803257,40,-23.367531,-47.4711,G,8/20/2024,6/20/2022,,8072c5f85047de25,4/29/2038,,,Sorocaba,,
LIC-LIC-01,TELEFONICA BRASIL S.A.,50409146447,10,48412023,403092655,RUA EMÍLIA FARO MARINS,,SP,3552205,10M0G7W,LTE,,,2160,1970,180,FB,,,760,"56001603518",17.2,30,60,0,X,35,83071803257,40,-23.465933,-47.506853,G,10/14/2024,12/10/1999,,8072c5f84d75c97e,4/29/2038,,,Sorocaba,,
LIC-LIC-01,TELEFONICA BRASIL S.A.,50409146447,10,48412023,691885532,RUA ARY RODRIGUES,CONDOMINIO RESIDENCIAL NOVO CAPIVARI,SP,3509502,10M0G7W,LTE,,,2160,1970,340,FB,,,760,"56001603518",17.5,25,65,1,X,31,83071803257,40,-22.974581,-47.099294,G,8/20/2024,11/16/2009,,8072c5f84d75c817,4/29/2038,,,Campinas,,x
LIC-LIC-01,TELEFONICA BRASIL S.A.,50409146447,10,166262022,693062118,AVENIDA ITAVUVU,,SP,3552205,10M0G7W,LTE,,,2150,1960,260,FB,,,760,"56001603518",16,25,67,1,X,38,83071803257,40,-23.449361,-47.480139,G,8/13/2024,12/30/2010,,8072c5f84d75c6df,12/22/2032,,,Sorocaba,,
LIC-LIC-01,TELEFONICA BRASIL S.A.,50409146447,10,59072012,431059390,RUA MARIA CEZARINA DA COSTA,,SP,3552205,20M0G7W,LTE,,,2680,2560,200,FB,,,760,"62552003257",0,0,0,3,X,46,62552003257,2,-23.460519,-47.482514,E,8/13/2024,12/15/1999,,8072c5f84d720355,10/18/2027,,,Sorocaba,,
LIC-LIC-01,TELEFONICA BRASIL S.A.,50409146447,10,166262022,431059640,RUA BONIFÁCIO DE OLIVEIRA CASSU,,SP,3552205,10M0G7W,LTE,,,2150,1960,200,FB,,,760,"56001603518",16,25,67,2,X,40,83071803257,40,-23.424103,-47.415731,G,1/30/2024,12/15/1999,,8072c5f84d7200d5,12/22/2032,,,Sorocaba,,
LIC-LIC-01,TELEFONICA BRASIL S.A.,50409146447,10,48412023,692050639,RUA JUSTINO FERNANDES SERRA,,SP,3509502,10M0G7W,LTE,,,2160,1970,250,FB,,,760,"56001603518",17.5,25,65,3,X,28,83071803257,40,-23.040889,-47.103892,G,8/12/2024,1/11/2010,,8072c5f84d71fffa,4/29/2038,,,Campinas,,x
LIC-LIC-01,TELEFONICA BRASIL S.A.,50409146447,10,48412023,431059632,RUA GIOVANI FABRI,,SP,3552205,10M0G7W,LTE,,,2160,1970,190,FB,,,760,"44181403519",16.4,32,57,3,X,29,83071803257,40,-23.462936,-47.435283,G,1/30/2024,12/15/1999,,8072c5f84d71ff97,4/29/2038,,,Sorocaba,,
LIC-LIC-01,Telefonica Brasil S.a.,50409146447,10,166262022,1008951363,AVENIDA ITAVUVU  11.777,,SP,3552205,10M0G7W,LTE,,,1855,1760,280,FB,,,760,"56001603518",15.8,25,67,2,X,40,83071803257,40,-23.386878,-47.479636,G,10/24/2024,8/2/2019,,8072c5f84d6f3f91,12/22/2032,,,Sorocaba,,
LIC-LIC-01,TELEFONICA BRASIL S.A.,50409146447,10,48412023,1005046716,RUA SUD MENUCCI,CONDOMINIO VILA REAL RESIDENCE,SP,3509502,10M0G7W,LTE,,,2160,1970,250,FB,,,760,"44181403519",16.4,32,57,5,X,64,83071803257,40,-22.909444,-47.096667,G,12/15/2023,10/20/2017,,8072c5f84d6f3f1f,4/30/2038,,,Campinas,,x
LIC-LIC-01,TELEFONICA BRASIL S.A.,50409146447,10,48422023,443389098,RODOVIA VIA ANHANGUERA,KM 154 SP 330 FAZENDA SANTO ANTÔNIO DO BARREIRO,SP,3512407,5M00G7W,LTE,,,1867.5,1772.5,325,FB,,,760,"56001603518",16.7,30,64,2,X,59,83071803257,40,-22.499894,-47.397747,G,1/8/2024,9/15/2000,,8072c5f84d6f3dc9,12/22/2032,,,Cordeirópolis,,
LIC-LIC-01,TELEFONICA BRASIL S.A.,50409146447,10,48412023,1002598033,AVENIDA 46,CONDOMÍNIO RESIDENCIAL JEQUITIBAS,SP,3543907,10M0G7W,LTE,,,2160,1970,220,FB,,,760,"56001603518",17.2,30,60,2,X,45,83071803257,40,-22.395047,-47.583183,G,2/29/2024,6/30/2016,,8072c5f84d6f3d8c,4/29/2038,,,Rio Claro,,
LIC-LIC-01,TELEFONICA BRASIL S.A.,50409146447,10,48412023,1007376357,RUA 12,,SP,3543907,10M0G7W,LTE,,,2160,1970,320,FB,,,760,"24731703257",15.9,25,62,2,X,20,83071803257,40,-22.401669,-47.5725,G,2/29/2024,10/10/2018,,8072c5f84d6f3d6b,4/29/2038,,,Rio Claro,,
LIC-LIC-01,TELEFONICA BRASIL S.A.,50409146447,10,48412023,1004880445,AVENIDA UM,CONDOMÍNIO CENTRAL PARK FLAT SERVICE,SP,3543907,10M0G7W,LTE,,,2160,1970,230,FB,,,760,"5152003257",17.3,25,68,4,X,60,83071803257,40,-22.412417,-47.567903,G,2/29/2024,9/18/2017,,8072c5f84d6f3d4a,4/29/2038,,,Rio Claro,,
LIC-LIC-01,TELEFONICA BRASIL S.A.,50409146447,10,48412023,691886164,RODOVIA LUIZ DE QUEIROZ,KM 152 6 SP 304,SP,3538709,10M0G7W,LTE,,,2160,1970,240,FB,,,760,"56001603518",17.2,30,60,1,X,64,83071803257,40,-22.727083,-47.558481,G,1/5/2024,11/16/2009,,8072c5f84d6ba571,4/30/2038,,,Piracicaba,,x
LIC-LIC-01,Telefonica Brasil S.a.,50409146447,10,166262022,700057404,AVENIDA INDEPENDENCIA,CONDOMÍNIO EDIFÍCIO AVENIDA,SP,3538709,10M0G7W,LTE,,,2150,1960,220,FB,,,760,"56001603518",17.4,25,62,2,X,46,83071803257,40,-22.735478,-47.649211,G,4/10/2025,12/14/2018,,8072c5f84d6ba393,12/22/2032,,,Piracicaba,,x
LIC-LIC-01,TELEFONICA BRASIL S.A.,50409146447,10,48412023,535800142,FAZENDA SANTA CRUZ,,SP,3540507,10M0G7W,LTE,,,2160,1970,280,FB,,,760,"56001603518",16,25,67,4,X,62,83071803257,40,-23.194583,-48.137372,G,1/5/2024,11/10/2000,,8072c5f84d6ba369,4/30/2038,,,Porangaba,,
LIC-LIC-01,TELEFONICA BRASIL S.A.,50409146447,10,48412023,699067561,RUA BANDEIRANTES,,SP,3540606,10M0G7W,LTE,,,2160,1970,330,FB,,,760,"24731703257",15.9,25,62,0,X,38,83071803257,40,-23.211278,-47.526139,G,1/5/2024,2/12/2014,,8072c5f84d695e7d,4/30/2038,,,Porto Feliz,,x
LIC-LIC-01,TELEFONICA BRASIL S.A.,50409146447,10,48422023,410916587,RUA ALCIDES OLIVEIRO FRASSON,,SP,3521408,5M00G7W,LTE,,,1867.5,1772.5,340,FB,,,760,"5152003257",17.2,26,69,2,X,30,83071803257,40,-22.583703,-47.508723,G,12/17/2023,12/13/1999,,8072c5f84d695de1,12/22/2032,,,Iracemápolis,,
LIC-LIC-01,TELEFONICA BRASIL S.A.,50409146447,10,166262022,1009118401,RUA SEBASTIAO ALVES,,SP,3530706,10M0G7W,LTE,,,2150,1960,340,FB,,,760,"56001603518",16,25,67,1,X,40,83071803257,40,-22.3294,-46.917633,G,3/11/2024,9/16/2019,,8072c5f84d51860d,12/22/2032,,,Mogi Guaçu,,
LIC-LIC-01,TELEFONICA BRASIL S.A.,50409146447,10,48422023,534216382,RUA 2,,SP,3533403,5M00G7W,LTE,,,1867.5,1772.5,250,FB,,,760,"5152003257",17.2,26,69,2,X,36,83071803257,40,-22.764545,-47.247416,G,1/3/2024,11/28/2000,,8072c5f84d5185a3,12/22/2032,,,Nova Odessa,,x
LIC-LIC-01,TELEFONICA BRASIL S.A.,50409146447,10,48422023,1001381359,ESTRADA DA TORRE DE RÁDIO,,SP,3503802,5M00G7W,LTE,,,1867.5,1772.5,210,FB,,,760,"56001603518",16.7,30,64,5,X,55,83071803257,40,-22.539461,-47.170861,G,11/21/2023,7/29/2016,,8072c5f84d51850d,12/22/2032,,,Artur Nogueira,,
LIC-LIC-01,Telefonica Brasil S.a.,50409146447,10,48422023,1005313021,SÍTIO BOA VISTA,,SP,3503802,5M00G7W,LTE,,,1867.5,1772.5,230,FB,,,760,"56001603518",17.4,25,68,2,X,49,83071803257,40,-22.5756,-47.1564,G,11/13/2024,6/28/2019,,8072c5f84d5184f2,12/22/2032,,,Artur Nogueira,,
LIC-LIC-01,TELEFONICA BRASIL S.A.,50409146447,10,166262022,691921695,RUA ZULMIRA DE FREITAS COSTA,,SP,3530706,10M0G7W,LTE,,,2150,1960,260,FB,,,760,"56001603518",17.2,30,60,3,X,52,83071803257,40,-22.285611,-47.128222,G,3/11/2024,11/16/2009,,8072c5f84d416bc0,12/22/2032,,,Mogi Guaçu,,
LIC-LIC-01,TELEFONICA BRASIL S.A.,50409146447,10,48412023,442159820,RUA RUBEM DA SILVA TAVEIRA,,SP,3530805,10M0G7W,LTE,,,2160,1970,125,FB,,,760,"56001603518",17.2,30,60,3,X,27,83071803257,40,-22.40205,-46.951508,G,8/20/2024,12/15/1999,,8072c5f84d416b42,4/29/2038,,,Mogi Mirim,,
LIC-LIC-01,TELEFONICA BRASIL S.A.,50409146447,10,48412023,442159773,RUA JOSÉ POLETINI,,SP,3530805,10M0G7W,LTE,,,2160,1970,120,FB,,,760,"4521703257",17.2,27,63,0,X,27,83071803257,40,-22.437475,-46.935581,G,8/20/2024,12/15/1999,,8072c5f84d416b0c,4/29/2038,,,Mogi Mirim,,
LIC-LIC-01,TELEFONICA BRASIL S.A.,50409146447,10,48412023,442159749,AVENIDA ALCINDO BARBOSA,,SP,3530805,10M0G7W,LTE,,,2160,1970,140,FB,,,760,"5152003257",17.3,25,68,0,X,43,83071803257,40,-22.425956,-46.976383,G,8/20/2024,12/15/1999,,8072c5f84d416adb,4/29/2038,,,Mogi Mirim,,
LIC-LIC-01,TELEFONICA BRASIL S.A.,50409146447,10,48412023,687247381,AVENIDA CAETANO SCHINCARIOL  1677,,SP,3530805,10M0G7W,LTE,,,2160,1970,360,FB,,,760,"5152003257",17.3,25,68,1,X,55,83071803257,40,-22.4575,-46.9625,G,8/12/2024,7/13/2005,,8072c5f84d416ab1,4/29/2038,,,Mogi Mirim,,
LIC-LIC-01,TELEFONICA BRASIL S.A.,50409146447,10,48412023,1011755030,RUA MINISTRO MANOEL DA COSTA MANSO,,SP,3530805,10M0G7W,LTE,,,2160,1970,140,FB,,,760,"56001603518",17.2,30,60,2,X,30,83071803257,40,-22.442361,-46.968667,G,8/20/2024,2/19/2021,,8072c5f84d416a4b,4/29/2038,,,Mogi Mirim,,
LIC-LIC-01,TELEFONICA BRASIL S.A.,50409146447,10,48422023,410916862,RUA SÃO CARLOS,,SP,3527306,5M00G7W,LTE,,,1867.5,1772.5,210,FB,,,760,"56001603518",16.7,30,64,7,X,37,83071803257,40,-23.086447,-46.977772,G,3/5/2024,12/13/1999,,8072c5f84d0ffb83,12/22/2032,,,Louveira,,x
LIC-LIC-01,TELEFONICA BRASIL S.A.,50409146447,10,48412023,6994393,RUA LUIS NIERO,,SP,3527306,10M0G7W,LTE,,,2160,1970,90,FB,,,760,"56001603518",17.2,30,60,2,X,57,83071803257,29.51,-23.085194,-46.952083,G,1/10/2024,8/4/1999,,8072c5f84d0ffb11,4/30/2038,,,Louveira,,x
LIC-LIC-01,TELEFONICA BRASIL S.A.,50409146447,10,48412023,690074956,RUA IVO CIPRIANO,,SP,3509502,10M0G7W,LTE,,,2160,1970,130,FB,,,760,"44181403519",16.4,32,57,5,X,50,83071803257,40,-22.940486,-47.148319,G,8/20/2024,4/1/2008,,8072c5f84d0ffaba,4/29/2038,,,Campinas,,x
LIC-LIC-01,TELEFONICA BRASIL S.A.,50409146447,10,48422023,693080361,ALAMEDA DAS PALMEIRAS,,SP,3550407,5M00G7W,LTE,,,1867.5,1772.5,230,FB,,,760,"56001603518",16.7,30,64,0,X,35,83071803257,40,-22.550983,-47.899675,G,1/3/2024,2/28/2011,,8072c5f84d0ff994,12/22/2032,,,São Pedro,,x
LIC-LIC-01,TELEFONICA BRASIL S.A.,50409146447,10,48412023,1003944032,RUA MARIA DE LOURDES PINTO DOS SANTOS,LOTE 83,SP,3509502,10M0G7W,LTE,,,2160,1970,290,FB,,,760,"44181403519",16.4,32,57,2,X,50,83071803257,40,-22.845361,-47.12775,G,8/23/2024,4/5/2017,,8072c5f84d0ff8e9,4/29/2038,,,Campinas,,x
LIC-LIC-01,TELEFONICA BRASIL S.A.,50409146447,10,48412023,1005046708,RUA ANTÔNIO FERNANDES DA SILVA,EM FRENTE AO 18,SP,3509502,10M0G7W,LTE,,,2160,1970,220,FB,,,760,"56001603518",17.2,30,60,4,X,40,83071803257,40,-22.970244,-47.163722,G,7/18/2024,10/20/2017,,8072c5f84d0ff8ce,4/29/2038,,,Campinas,,x
LIC-LIC-01,Telefonica Brasil S.a.,50409146447,10,48412023,1002040075,RODOVIA EMERENCIANO PRESTES DE BARROS,KM 6 SP 97,SP,3552205,10M0G7W,LTE,,,2160,1970,120,FB,,,760,"56001603518",16,25,67,2,X,60,83071803257,40,-23.401843,-47.516453,G,11/13/2024,11/9/2015,,8072c5f84d0b2143,4/29/2038,,,Sorocaba,,
LIC-LIC-01,TELEFONICA BRASIL S.A.,50409146447,10,48412023,410853143,RUA MARIA SOARES,,SP,3509502,10M0G7W,LTE,,,2160,1970,230,FB,,,760,"44181403519",16.4,32,57,2,X,45,83071803257,40,-22.912011,-47.061794,G,1/30/2024,12/10/1999,,8072c5f84d0b1fe7,4/29/2038,,,Campinas,,x
LIC-LIC-01,TELEFONICA BRASIL S.A.,50409146447,10,48412023,441575811,RUA ALTINO ARANTES,,SP,3509502,10M0G7W,LTE,,,2160,1970,205,FB,,,760,"44181403519",16.4,32,57,2,X,32,83071803257,40,-22.949119,-47.090197,G,6/19/2024,12/15/1999,,8072c5f84d090047,4/29/2038,,,Campinas,,x
LIC-LIC-01,TELEFONICA BRASIL S.A.,50409146447,10,48412023,1012553636,RUA ADEMAR DE BARROS,,SP,3520509,10M0G7W,LTE,,,2160,1970,340,FB,,,760,"43061703257",16.9,27,63,0,X,30,83071803257,40,-23.080494,-47.208389,G,1/31/2024,10/28/2021,,8072c5f84d08fff6,4/29/2038,,,Indaiatuba,,x
LIC-LIC-01,Telefonica Brasil S.a.,50409146447,10,48412023,1007622447,RUA BENTO DA ROCHA,,SP,3522604,10M0G7W,LTE,,,2160,1970,100,FB,,,760,"56001603518",17.4,25,62,2,X,48,83071803257,40,-22.436031,-46.822619,G,11/13/2024,11/7/2018,,8072c5f84d08ff8e,4/29/2038,,,Itapira,,x
LIC-LIC-01,TELEFONICA BRASIL S.A.,50409146447,10,48412023,442159510,RUA JOSÉ SERRA  66,,SP,3522604,10M0G7W,LTE,,,2160,1970,290,FB,,,760,"56001603518",17.2,30,60,0,X,33,83071803257,40,-22.423253,-46.822975,G,8/12/2024,12/15/1999,,8072c5f84d08ff04,4/29/2038,,,Itapira,,x
LIC-LIC-01,TELEFONICA BRASIL S.A.,50409146447,10,48412023,442159498,RUA DOS INCONFIDENTES  S/N,,SP,3522604,10M0G7W,LTE,,,2160,1970,260,FB,,,760,"56001603518",17.1,27,69,1,X,44,83071803257,40,-22.448428,-46.822025,G,8/12/2024,12/15/1999,,8072c5f84d0688c4,4/29/2038,,,Itapira,,x
LIC-LIC-01,TELEFONICA BRASIL S.A.,50409146447,10,48412023,1001330363,AVENIDA JOSÉ ROCHA,,SP,3521002,10M0G7W,LTE,,,2160,1970,220,FB,,,760,"56001603518",17.4,25,62,6,X,60,83071803257,40,-23.452472,-47.550556,G,11/21/2023,5/2/2016,,8072c5f84d068864,4/30/2038,,,Iperó,,
LIC-LIC-01,TELEFONICA BRASIL S.A.,50409146447,10,48412023,431059659,RUA ANTÔNIO PEDRO LUCAS,X RUA JOSÉ MARTINEZ PERES,SP,3552205,10M0G7W,LTE,,,2160,1970,270,FB,,,760,"56001603518",16,25,67,0,X,31,83071803257,40,-23.432311,-47.455794,G,6/19/2024,12/15/1999,,8072c5f84d068780,4/29/2038,,,Sorocaba,,
LIC-LIC-01,Telefonica Brasil S.a.,50409146447,10,48412023,1000515777,AVENIDA HYUNDAI,,SP,3538709,10M0G7W,LTE,,,2160,1970,300,FB,,,760,"43061703257",16.9,27,63,0,X,18,83071803257,40,-22.685817,-47.602153,G,6/13/2025,11/24/2014,,8072c5f84d068677,4/29/2038,,,Piracicaba,,x
LIC-LIC-01,TELEFONICA BRASIL S.A.,50409146447,10,48422023,1006603406,RUA JOÃO D ADONA,,SP,3526902,5M00G7W,LTE,,,1867.5,1772.5,270,FB,,,760,"24731703257",15.5,25,63,5,X,60,83071803257,40,-22.569956,-47.388281,G,4/1/2024,5/4/2018,,8072c5f84d068584,12/22/2032,,,Limeira,,
LIC-LIC-01,TELEFONICA BRASIL S.A.,50409146447,10,48412023,410853488,RUA JOSÉ PIRES NETO,,SP,3509502,10M0G7W,LTE,,,2160,1970,190,FB,,,760,"56001603518",17.4,25,62,1,X,40,83071803257,40,-22.904231,-47.048336,G,1/30/2024,12/10/1999,,8072c5f84d03a39a,4/29/2038,,,Campinas,,x
LIC-LIC-01,TELEFONICA BRASIL S.A.,50409146447,10,48422023,699353939,ACESSO PELA ESTRADA MUNICIPAL PEDREIRA,X LOTEAMENTO CHÁCARAS GARGANTILHAS  FAZENDA SETE QUEDAS,SP,3509502,5M00G7W,LTE,,,1867.5,1772.5,310,FB,,,760,"56001603518",17.4,25,68,6,X,50,83071803257,40,-22.775522,-46.954183,G,8/22/2024,2/12/2014,,8072c5f84d03a31b,12/22/2032,,,Campinas,,x
LIC-LIC-01,TELEFONICA BRASIL S.A.,50409146447,10,48422023,687635080,RODOVIA GOVERNADOR DOUTOR ADHEMAR PEREIRA DE BARROS,KM 141 9 SP 340,SP,3548005,5M00G7W,LTE,,,1867.5,1772.5,360,FB,,,760,"5152003257",17.2,26,69,1,X,57,83071803257,40,-22.609889,-47.008833,G,12/28/2023,4/1/2008,,8072c5f84d03a175,12/22/2032,,,Santo Antônio de Posse,,
LIC-LIC-01,Telefonica Brasil S.a.,50409146447,10,48412023,1008209837,AVENIDA PROFESSOR ADIB CHAIB,,SP,3530805,10M0G7W,LTE,,,2160,1970,250,FB,,,760,"56001603518",17.2,30,60,3,X,50,83071803257,40,-22.447947,-46.945489,G,11/13/2024,2/26/2019,,8072c5f84d03a100,4/29/2038,,,Mogi Mirim,,
LIC-LIC-01,TELEFONICA BRASIL S.A.,50409146447,10,48412023,1007447238,RUA PREFEITO JOSÉ EURICO FERRIELLO,ESTRADA MUNICIPAL BATISTA FAVORETTI  350,SP,3507001,10M0G7W,LTE,,,2160,1970,250,FB,,,760,"56001603518",17.5,25,65,3,X,58,83071803257,40,-23.259672,-47.664714,G,7/18/2024,10/22/2018,,8072c5f84d039f91,4/29/2038,,,Boituva,,x
LIC-LIC-01,TELEFONICA BRASIL S.A.,50409146447,10,48422023,1008155974,RUA MÁRIO BRÓGLIO,AO LADO DO 80,SP,3537107,5M00G7W,LTE,,,1867.5,1772.5,180,FB,,,760,"5152003257",17.2,26,69,2,X,50,83071803257,40,-22.742744,-46.8895,G,11/27/2023,2/18/2019,,8072c5f84cfb3981,12/22/2032,,,Pedreira,,x
LIC-LIC-01,TELEFONICA BRASIL S.A.,50409146447,10,48422023,1009336409,Fazenda Nossa Senhora da Conceição,ESTRADA ESTADUAL SP 332,SP,3512209,5M00G7W,LTE,,,1867.5,1772.5,220,FB,,,760,"56001603518",16.7,30,64,0,X,62,83071803257,40,-22.3897,-47.173278,G,11/27/2023,10/4/2019,,8072c5f84cfb38eb,12/22/2032,,,Conchal,,
LIC-LIC-01,TELEFONICA BRASIL S.A.,50409146447,10,48422023,1014212631,RUA PRAIA DE BARAQUEÇABA,,SP,3509502,5M00G7W,LTE,,,1867.5,1772.5,100,FB,,,760,"56001603518",16.7,30,64,2,X,26,83071803257,40,-22.9248,-47.026981,G,6/19/2024,9/13/2022,,8072c5f84cfb37e0,12/22/2032,,,Campinas,,x
LIC-LIC-01,TELEFONICA BRASIL S.A.,50409146447,10,48412023,535744153,RUA IRACEMÁPOLIS,,SP,3511508,10M0G7W,LTE,,,2160,1970,350,FB,,,760,"44181403519",16.4,32,57,2,X,47,83071803257,40,-23.166068,-47.750534,G,12/27/2023,11/10/2000,,8072c5f84cfb36cf,4/30/2038,,,Cerquilho,,
LIC-LIC-01,TELEFONICA BRASIL S.A.,50409146447,10,48412023,693077166,RUA DO RAMAL VELHO,X RUA PRIMEIRO DE MAIO,SP,3511508,10M0G7W,LTE,,,2160,1970,240,FB,,,760,"24731703257",15.9,25,62,2,X,49,83071803257,40,-23.150364,-47.741537,G,12/27/2023,12/30/2010,,8072c5f84cfb363f,4/30/2038,,,Cerquilho,,
LIC-LIC-01,TELEFONICA BRASIL S.A.,50409146447,10,48412023,441564330,RUA GUILHERME KRAUTER,,SP,3512407,10M0G7W,LTE,,,2160,1970,350,FB,,,760,"44181403519",16.4,32,57,2,X,50,83071803257,40,-22.48215,-47.460244,G,12/27/2023,12/15/1999,,8072c5f84cfb3609,4/30/2038,,,Cordeirópolis,,
LIC-LIC-01,TELEFONICA BRASIL S.A.,50409146447,10,48412023,2163861,AVENIDA PARANÁ,,SP,3552205,10M0G7W,LTE,,,2160,1970,200,FB,,,760,"56001603518",16,25,67,2,X,47,83071803257,40,-23.398494,-47.375133,G,1/19/2024,12/10/1999,,8072c5f84cf916d9,4/29/2038,,,Sorocaba,,
LIC-LIC-01,Telefonica Brasil S.a.,50409146447,10,48412023,1005062819,RUA AGRÁRIO ANTUNES,,SP,3552205,10M0G7W,LTE,,,2160,1970,230,FB,,,760,"56001603518",16,25,67,1,X,23,83071803257,40,-23.430781,-47.466139,G,11/13/2024,10/23/2017,,8072c5f84cf9166a,4/29/2038,,,Sorocaba,,
LIC-LIC-01,TELEFONICA BRASIL S.A.,50409146447,10,48422023,1007841726,RUA LAVIERE PEREIRA DA SILVA,,SP,3509502,5M00G7W,LTE,,,1867.5,1772.5,240,FB,,,760,"0",17.4,23,69,2,X,38,83071803257,40,-23.045258,-47.139689,G,8/22/2024,12/18/2018,,8072c5f84cf91547,12/22/2032,,,Campinas,,x
LIC-LIC-01,TELEFONICA BRASIL S.A.,50409146447,10,97432014,691928991,RODOVIA GOVERNADOR DOUTOR ADHEMAR PEREIRA DE BARROS,KM 224 SP 342,SP,3549102,10M0G7W,LTE,,,788,733,210,FB,,,760,"0",15,21,70.7,4,X,50,48811903257,40,-22.003033,-46.799311,G,5/24/2024,11/26/2009,,8072c5f84cf5b88a,12/8/2029,,,São João da Boa Vista,,
LIC-LIC-01,TELEFONICA BRASIL S.A.,50409146447,10,48422023,413158772,RUA EMAUS,,SP,3503802,5M00G7W,LTE,,,1867.5,1772.5,310,FB,,,760,"5152003257",17.2,26,69,2,X,60,83071803257,40,-22.587072,-47.124408,G,12/17/2023,6/8/2005,,8072c5f84cf5b7a0,12/22/2032,,,Artur Nogueira,,
LIC-LIC-01,CLARO S.A.,50409105090,10,97692014,686192885,ROD DR JOSÉ DIONÍSIO DE SOUZA FILHO,,SP,3552106,10M0G7W,LTE,,,798,743,100,FB,,,760,"56001603518",13,23,67,0,X,58,57731705894,80,-22.5441,-46.57579,G,4/27/2023,3/23/2005,,4872c5f81900d496,12/8/2029,,,Socorro,,x
LIC-LIC-01,CLARO S.A.,50409105090,10,97692014,1014165137,R VINICIUS DE MORAES,AO LADO DO 50/74,SP,3550308,10M0G7W,LTE,,,798,743,320,FB,,,760,"56001603518",13,23,67,0,X,25,57731705894,80,-23.44123,-46.8068,G,1/19/2024,8/29/2022,,1253f5f800a4f60b,12/8/2029,,,São Paulo,,
LIC-LIC-01,CLARO S.A.,50409105090,10,97692014,1014143656,ALAMEDA MAURICIO NASSAU,,SP,3519055,10M0G7W,LTE,,,798,743,40,FB,,,760,,17.9,34,39,0,X,18,57731705894,80,-22.62658,-47.05874,G,9/13/2023,8/22/2022,,1d29a5f862894f93,3/31/2028,,,Holambra,,
LIC-LIC-01,CLARO S.A.,50409105090,10,34672011,689390726,AV JONH BOYD DUNLOP,,SP,3509502,10M0G7W,LTE,,,2140,1950,18,FB,,,760,"45691703518",21.5,30,9,0,X,17,27191702519,60,-22.9112,-47.0966,G,6/23/2023,7/16/2007,,1d29a5f862894f54,3/31/2028,,,Campinas,,x
LIC-LIC-01,CLARO S.A.,50409105090,10,25152016,1005185643,R BARRA BONITA - LADO DO 127,,SP,3509205,15M0G7W,LTE,,,1842.5,1747.5,340,FB,,,760,,16.5,21,66,-1,X,50,6091702519,79.43,-23.38614,-46.86142,G,3/6/2026,10/3/2017,,1d29a5f861a5b868,7/27/2031,,,Cajamar,,
LIC-LIC-01,CLARO S.A.,50409105090,10,46622011,441800548,AV JOHN BOYD DUNLOP,,SP,3509502,10M0G7W,LTE,,,1875,1780,240,FB,,,760,"45691703518",19.7,30,11,0,X,18,12111805894,40,-22.9112,-47.0966,G,6/23/2023,11/4/1999,,e508a5f85d58b27d,3/31/2028,,,Campinas,,x
LIC-LIC-01,CLARO S.A.,50409105090,10,46662011,1007707353,AV AVENIDA SEVERINA RODRIGUES DA COSTA,GLEBA 167,SP,3504107,5M00G7W,LTE,,,1825,1730,300,FB,,,760,"56001603518",16.15,25,65,-2,x,60,12111805894,20,-23.14546,-46.53561,G,8/23/2022,12/4/2018,,14cdf5f8389bea37,8/6/2027,,,Atibaia,,
LIC-LIC-01,CLARO S.A.,50409105090,10,46662011,1005863501,ROD FERNÃO DIAS,KM 49 5 - ACESSO PELA ESTRADA MUNICIPAL - GLEBA A QUINHÃO 1,SP,3504107,5M00G7W,LTE,,,1825,1730,190,FB,,,760,"27331703519",16.16,27,66.76,0,X,53,6091702519,79.43,-23.20706,-46.59208,G,8/23/2022,7/24/2019,,14cdf5f8389bea15,8/6/2027,,,Atibaia,,
LIC-LIC-01,CLARO S.A.,50409105090,10,97692014,1014051018,R ROMEU RIBEIRO,SUBST SI37S - LOTES 03 E 04 - QUADRA P,SP,3552205,10M0G7W,LTE,,,798,743,90,FB,,,760,"56001603518",13,23,67,-1,X,50,57731705894,80,-23.44841,-47.46806,G,8/25/2023,7/26/2022,,8629f5f842f0a576,3/31/2028,,,Sorocaba,,
LIC-LIC-01,TELEFONICA BRASIL S.A.,50409146447,10,59072012,1013286615,RUA ARAUJO CAMPOS,,SP,3532009,20M0G7W,LTE,,,2680,2560,220,FB,,,760,"1.29E+11",13.34,25,65.71,2,X,39,55131805894,40,-22.881111,-46.7935,G,7/15/2022,7/15/2022,,0d89f5f8245d69d6,10/18/2027,,,Morungaba,,x
LIC-LIC-01,TELEFONICA BRASIL S.A.,50409146447,10,97432014,534859569,RODOVIA DO AÇUCAR,KM 138 5 SP 308,SP,3510401,10M0G7W,LTE,,,788,733,240,FB,,,760,"24731703257",14.7,22,68,0,X,50,48811903257,46,-22.908158,-47.507689,G,12/27/2023,9/27/2000,,f41362a82f894062,12/8/2029,,,Capivari,,x
LIC-LIC-01,TELEFONICA BRASIL S.A.,50409146447,10,97432014,413160017,RODOVIA GOVERNADOR DOUTOR ADHEMAR PEREIRA DE BARROS,KM 192 SP 342,SP,3515186,10M0G7W,LTE,,,788,733,225,FB,,,760,"0",15,21,70.7,2,X,58,48811903257,40,-22.2478,-46.810953,G,12/17/2023,6/8/2005,,f41362a82f89404a,12/8/2029,,,Espírito Santo do Pinhal,,x
LIC-LIC-01,CLARO S.A.,50409105090,10,97692014,684829657,ROD MARECHAL RONDON,KM 219 5,SP,3502309,10M0G7W,LTE,,,798,743,270,FB,,,760,"56001603518",13,23,67,3,X,60,57731705894,80,-22.96248,-48.20672,G,6/28/2022,10/18/2004,,e87162a8d8408c25,12/8/2029,,,Anhembi,,
LIC-LIC-01,TELEFONICA BRASIL S.A.,50409146447,10,166262022,691928886,ESTRADA DA AREIA BRANCA,SÍTIO SÃO CAMILO X RODOVIA ENGENHEIRO CONSTÂNCIO CINTRA  KM 118 5 SP 360,SP,3501905,10M0G7W,LTE,,,1855,1760,360,FB,,,760,"5152003257",17.2,26,69,2,X,51,83071803257,40,-22.786753,-46.755183,G,1/9/2024,11/26/2009,,8ae562a8065a9b85,12/22/2032,,,Amparo,,x
LIC-LIC-01,TELEFONICA BRASIL S.A.,50409146447,10,166262022,535648928,RUA SALDANHA MARINHO,,SP,3551603,10M0G7W,LTE,,,1855,1760,350,FB,,,760,"44181403519",15.1,29,62,1,X,41,83071803257,40,-22.615267,-46.701697,G,1/8/2024,9/15/2000,,8ae562a806575f99,12/22/2032,,,Serra Negra,,x
LIC-LIC-01,TELEFONICA BRASIL S.A.,50409146447,10,59072012,535648472,RUA PADRE FRANCISCO PAIVA,,SP,3552106,20M0G7W,LTE,,,2680,2560,30,FB,,,760,"62552003257",0,0,0,0,X,50,62552003257,2.58,-22.591681,-46.522797,E,1/8/2024,9/15/2000,,8ae562a806575f3d,10/18/2027,,,Socorro,,x
LIC-LIC-01,Telefonica Brasil S.a.,50409146447,10,48412023,687634970,RUA BRAGANÇA PAULISTA  125,LOTE 1 QUADRA S,SP,3501905,10M0G7W,LTE,,,2160,1970,290,FB,,,760,"44181403519",16.4,32,57,6,X,38,83071803257,40,-22.724942,-46.776581,G,10/15/2024,12/1/2005,,8ae562a806575e59,4/29/2038,,,Amparo,,x
LIC-LIC-01,TELEFONICA BRASIL S.A.,50409146447,10,166262022,699601665,ESTRADA VICINAL BAIRRO DO ORATÓRIO,KM 3,SP,3552106,10M0G7W,LTE,,,1855,1760,300,FB,,,760,"24731703257",15.5,25,63,2,X,56,83071803257,40,-22.577481,-46.568647,G,1/3/2024,2/12/2014,,8ae562a80654f028,12/22/2032,,,Socorro,,x
LIC-LIC-01,TELEFONICA BRASIL S.A.,50409146447,10,166262022,1004880429,RUA BELISARIA MARIA DE JESUS,ENTRADA AO LADO DO Nº 24,SP,3551603,10M0G7W,LTE,,,1855,1760,200,FB,,,760,"5152003257",17.2,26,69,2,X,35,83071803257,40,-22.6003,-46.7092,G,11/23/2023,8/15/2019,,8ae562a80654eff2,12/22/2032,,,Serra Negra,,x
LIC-LIC-01,TELEFONICA BRASIL S.A.,50409146447,10,166262022,691734828,ESTRADA MUNICIPAL MAS 287,MONTE ALEGRE DO SUL X MOSTARDAS  SITIO DOIS SONHOS,SP,3531209,10M0G7W,LTE,,,1855,1760,270,FB,,,760,"5152003257",17.2,26,69,0,X,60,83071803257,40,-22.710995,-46.654651,G,1/3/2024,9/16/2009,,8ae562a80654ef83,12/22/2032,,,Monte Alegre do Sul,,x
LIC-LIC-01,TELEFONICA BRASIL S.A.,50409146447,10,48412023,396746454,AVENIDA VEREADOR ARMANDO FERNALI,,SP,3531209,10M0G7W,LTE,,,2160,1970,210,FB,,,760,"24731703257",15.9,25,62,2,X,60,83071803257,40,-22.691944,-46.683611,G,12/13/2023,9/21/1999,,8ae562a80654ef5f,4/30/2038,,,Monte Alegre do Sul,,x
LIC-LIC-01,TELEFONICA BRASIL S.A.,50409146447,10,166262022,2766302,RUA 21 DE MARÇO,,SP,3527009,10M0G7W,LTE,,,1855,1760,220,FB,,,760,"5152003257",17.2,26,69,2,X,41,83071803257,40,-22.522222,-46.643889,G,7/12/2023,9/21/1999,,8ae562a80654ef11,12/22/2032,,,Lindóia,,x
LIC-LIC-01,TELEFONICA BRASIL S.A.,50409146447,10,166262022,699601266,BAIRRO LAVRAS DE CIMA,SÍTIO SÃO BENEDITO,SP,3552106,10M0G7W,LTE,,,1855,1760,350,FB,,,760,"56001603518",16.7,30,64,2,X,47,83071803257,40,-22.546592,-46.492075,G,1/3/2024,2/12/2014,,8ae562a80654eee1,12/22/2032,,,Socorro,,x
LIC-LIC-01,TELEFONICA BRASIL S.A.,50409146447,10,166262022,699354757,BAIRRO CAMANDUCAIA DE CIMA,SÍTIO SÃO JOSÉ,SP,3552106,10M0G7W,LTE,,,1855,1760,325,FB,,,760,"43061703257",16.7,26,65,3,X,57,83071803257,40,-22.686742,-46.525047,G,1/3/2024,2/12/2014,,8ae562a80654ee84,12/22/2032,,,Socorro,,x
LIC-LIC-01,Telefonica Brasil S.a.,50409146447,10,48412023,1002032242,SITIO NOSSA SENHORA DA PAZ  SITIO BAIRRO DO SILVESTRE  .,SITIO NOSSA SENHORA DA PAZ,SP,3501905,10M0G7W,LTE,,,2160,1970,140,FB,,,760,"5152003257",17.3,25,68,2,X,40,83071803257,40,-22.704806,-46.788111,G,10/15/2024,11/9/2015,,8ae562a80651d1ff,4/29/2038,,,Amparo,,x
LIC-LIC-01,Telefonica Brasil S.a.,50409146447,10,48412023,534548725,RODOVIA GOVERNADOR DOUTOR ADHEMAR PEREIRA DE BARROS  S/N,KM 130 5 SP-340,SP,3524709,10M0G7W,LTE,,,2160,1970,340,FB,,,760,"44181403519",16.4,32,57,0,X,55,83071803257,40,-22.709444,-47.011389,G,10/15/2024,9/15/2000,,8ae562a80651d169,4/29/2038,,,Jaguariúna,,x
LIC-LIC-01,TELEFONICA BRASIL S.A.,50409146447,10,166262022,534860311,RUA CHARLES HOGENBOOM,,SP,3519055,10M0G7W,LTE,,,1855,1760,350,FB,,,760,"5152003257",17.2,26,69,2,X,57,83071803257,40,-22.630742,-47.059714,G,1/2/2024,9/15/2000,,8ae562a80651d10f,12/22/2032,,,Holambra,,
LIC-LIC-01,Telefonica Brasil S.a.,50409146447,10,48422023,535648308,RUA PASTOR OCTÁVIO SCHOLL,ANTIGA RUA 13 DE MAIO,SP,3515152,5M00G7W,LTE,,,1865,1770,245,FB,,,760,"56001603518",17,25,67,2,X,49,83071803257,40,-22.490025,-47.214378,G,12/18/2024,9/15/2000,,8ae562a80651d0c1,12/22/2032,,,Engenheiro Coelho,,
LIC-LIC-01,TELEFONICA BRASIL S.A.,50409146447,10,166262022,535648286,RUA MONTE CASTELO,PROXIMO A PRAÇA CASTELO,SP,3512803,10M0G7W,LTE,,,1855,1760,350,FB,,,760,"56001603518",16.7,30,64,2,X,44,83071803257,40,-22.643103,-47.192425,G,12/27/2023,9/15/2000,,8ae562a8064e9c27,12/22/2032,,,Cosmópolis,,x
LIC-LIC-01,TELEFONICA BRASIL S.A.,50409146447,10,166262022,689145802,SÍTIO SANTA CÂNDIDA,,SP,3551603,10M0G7W,LTE,,,1855,1760,290,FB,,,760,"56001603518",17,26,65,2,X,39,83071803257,40,-22.615836,-46.732225,G,12/20/2023,5/4/2007,,8ae562a8064e9be8,12/22/2032,,,Serra Negra,,x
LIC-LIC-01,TELEFONICA BRASIL S.A.,50409146447,10,166262022,1012821355,RUA DO OSMIO,,SP,3545803,10M0G7W,LTE,,,1855,1760,0.113,FB,,,840,"0",0,0,0,0,V,3,83071803257,40,-22.748967,-47.367536,G,2/1/2024,2/14/2022,,8ae562a8064e9bbe,12/22/2032,,,Santa Bárbara d'Oeste,,x
LIC-LIC-01,TELEFONICA BRASIL S.A.,50409146447,10,166262022,536447608,RODOVIA ENGENHEIRO CONSTÂNCIO CINTRA,KM 145 SP 360,SP,3501905,10M0G7W,LTE,,,1855,1760,290,FB,,,760,"56001603518",17,26,65,0,X,58,83071803257,40,-22.652139,-46.738439,G,12/20/2023,12/22/2000,,8ae562a8064e9b3d,12/22/2032,,,Amparo,,x
LIC-LIC-01,Telefonica Brasil S.a.,50409146447,10,59072012,691927782,RUA SALVADOR,MORRO DO CRUZEIRO,SP,3500501,20M0G7W,LTE,,,2680,2560,280,FB,,,760,"62552003257",0,0,0,0,X,43,62552003257,8.12,-22.469083,-46.623139,F,12/18/2024,2/1/2010,,8ae562a8064ab608,10/18/2027,,,Águas de Lindóia,,x
LIC-LIC-01,TELEFONICA BRASIL S.A.,50409146447,10,48412023,535811780,RODOVIA JOÃO BEIRA,KM 50 5 SP 95,SP,3501905,10M0G7W,LTE,,,2160,1970,250,FB,,,760,"43061703257",16.9,27,63,2,X,58,83071803257,40,-22.711814,-46.836417,G,12/18/2023,12/22/2000,,8ae562a8064ab59a,4/30/2038,,,Amparo,,x
LIC-LIC-01,Telefonica Brasil S.a.,50409146447,10,48412023,1009491013,AVENIDA MARCIANO PEREIRA DO NASCIMENTO,,SP,3552106,10M0G7W,LTE,,,2160,1970,230,FB,,,760,"56001603518",17.1,27,69,0,X,50,83071803257,40,-22.610139,-46.520003,G,12/18/2024,11/4/2019,,8ae562a8064ab581,4/29/2038,,,Socorro,,x
LIC-LIC-01,TELEFONICA BRASIL S.A.,50409146447,10,166262022,1001989497,ESTRADA MUNICIPAL,,SP,3519055,10M0G7W,LTE,,,1855,1760,270,FB,,,760,"24731703257",14.9,25,63,2,X,41,83071803257,40,-22.653561,-47.062811,G,11/22/2023,11/9/2015,,8ae562a8064ab563,12/22/2032,,,Holambra,,
LIC-LIC-01,TELEFONICA BRASIL S.A.,50409146447,10,48422023,691921504,RUA HENRIQUE STEIN SOBRINHO,,SP,3514908,5M00G7W,LTE,,,1867.5,1772.5,330,FB,,,760,"24731703257",15.5,25,63,2,X,50,83071803257,40,-23.060528,-47.3035,G,12/27/2023,11/16/2009,,83ae62a809dbd40c,12/22/2032,,,Elias Fausto,,x
LIC-LIC-01,CLARO S.A.,50409105090,10,97692014,1005515120,RUA CANHOBA,LOTE 78 QUADRA G,SP,3550308,10M0G7W,LTE,,,798,743,240,FB,,,760,"56001603518",13,23,67,0,X,51,57731705894,80,-23.40636,-46.73794,G,1/3/2023,12/22/2017,,9f1962a8fb87322e,12/8/2029,,,São Paulo,,
LIC-LIC-01,TELEFONICA BRASIL S.A.,50409146447,10,48422023,699608724,ESTRADA SOCORRO,X MUNHOZ  BAIRRO RIO DO PEIXE  SÍTIO SÃO LUIZ,SP,3552106,5M00G7W,LTE,,,1867.5,1772.5,320,FB,,,760,"5152003257",17.2,26,69,2,X,47,83071803257,40,-22.611183,-46.492867,G,1/8/2024,2/12/2014,,8b9e62a8f785e353,12/22/2032,,,Socorro,,x
LIC-LIC-01,TELEFONICA BRASIL S.A.,50409146447,10,48412023,534787380,RODOVIA PRESIDENTE CASTELLO BRANCO,KM 155 SP 280,SP,3541653,10M0G7W,LTE,,,2160,1970,300,FB,,,760,"24731703257",15.9,25,62,2,X,57,83071803257,40,-23.245278,-48.053611,G,1/5/2024,11/10/2000,,8b9e62a8f7819275,4/30/2038,,,Quadra,,
LIC-LIC-01,TELEFONICA BRASIL S.A.,50409146447,10,48412023,396746489,AVENIDA DA SAUDADE,,SP,3548005,10M0G7W,LTE,,,2160,1970,285,FB,,,760,"34641103518",15.5,25,63,0,X,40,83071803257,40,-22.605,-46.926944,G,12/13/2023,9/21/1999,,8b9e62a8f7819194,4/30/2038,,,Santo Antônio de Posse,,
LIC-LIC-01,TELEFONICA BRASIL S.A.,50409146447,10,59072012,1013193820,AVENIDA CELINA FALCÃO ANDRADE,,SP,3500600,20M0G7W,LTE,,,2680,2560,230,FB,,,760,"24731703257",16.1,25,60,2,X,30,58221803257,40,-22.605886,-47.871053,G,6/21/2022,6/21/2022,,8b9e62a8f7771fcb,10/18/2027,,,Águas de São Pedro,,
LIC-LIC-01,TELEFONICA BRASIL S.A.,50409146447,10,97432014,1001352529,RUA ARY ANTENOR DE SOUZA,,SP,3509502,10M0G7W,LTE,,,788,733,0,FB,,,760,"0",0,0,0,0,V,3,48811903257,40,-22.997458,-47.105569,G,11/21/2023,7/29/2016,,8b9e62a8f77033df,12/8/2029,,,Campinas,,x
LIC-LIC-01,TELEFONICA BRASIL S.A.,50409146447,10,97432014,1013193846,RUA GIUSEPPE MÁXIMO SCOLFARO,GLEBA 75 QUARTEIRÃO 30007,SP,3509502,10M0G7W,LTE,,,788,733,0,FB,,,840,"0",0,0,0,0,V,3,48811903257,40,-22.804356,-47.059481,G,6/21/2022,6/21/2022,,8b9e62a8f7703372,12/8/2029,,,Campinas,,x
LIC-LIC-01,TELEFONICA BRASIL S.A.,50409146447,10,48422023,535745079,RODOVIA PRESIDENTE CASTELLO BRANCO,KM 138 SP 280,SP,3511607,5M00G7W,LTE,,,1867.5,1772.5,270,FB,,,760,"0",17.4,23,69,2,X,46,83071803257,40,-23.25535,-47.888375,G,12/27/2023,11/10/2000,,8b9e62a8f76a1c4b,12/22/2032,,,Cesário Lange,,
LIC-LIC-01,TELEFONICA BRASIL S.A.,50409146447,10,48422023,1001381081,AVENIDA JORDANO MENDES,X ESTRADA DONA COPASE,SP,3509205,5M00G7W,LTE,,,1867.5,1772.5,220,FB,,,760,"1.29E+11",13.34,25,65.71,2,X,46,40952002519,60,-23.352,-46.8496666,G,11/21/2023,7/29/2016,,8b9e62a8f73aab71,12/22/2032,,,Cajamar,,
LIC-LIC-01,TELEFONICA BRASIL S.A.,50409146447,10,48422023,1000321026,RODOVIA PRESIDENTE CASTELLO BRANCO,KM 47 SP 280,SP,3502754,5M00G7W,LTE,,,1867.5,1772.5,320,FB,,,760,"34641103518",15,25,67,4,X,93,12111805894,40,-23.452933,-47.054542,G,11/17/2023,8/21/2014,,8b9e62a8f71f4dbd,12/22/2032,,,Araçariguama,,
LIC-LIC-01,TELEFONICA BRASIL S.A.,50409146447,10,59072012,1005075333,RODOVIA VIA ANHANGUERA,KM 52 35 SP 330,SP,3525904,20M0G7W,LTE,,,2680,2560,0,FB,,,840,"0",0,0,0,0,V,3,9441905894,0.1,-23.234803,-46.863431,E,8/4/2023,10/23/2017,,8b9e62a8f71b6d21,10/18/2027,,,Jundiaí,,x
LIC-LIC-01,TELEFONICA BRASIL S.A.,50409146447,10,48422023,1000969956,ESTRADA DE SERVIDÃO DO BAIRRO ÁGUA COMPRIDA,,SP,3507605,5M00G7W,LTE,,,1867.5,1772.5,210,FB,,,760,"56001603518",16.7,30,64,2,X,50,40952002519,40,-22.988811,-46.447294,G,11/21/2023,6/12/2015,,8b9e62a8f71b6d1a,12/22/2032,,,Bragança Paulista,,
LIC-LIC-01,TELEFONICA BRASIL S.A.,50409146447,10,166262022,687240506,AVENIDA ALFREDO SAVI,EDIFÍCIO MIRANTE DAS ACÁCIAS,SP,3523909,10M0G7W,LTE,,,1875,1780,240,FB,,,760,"56001603518",16.7,30,64,3,X,42.2,40952002519,40,-23.255819,-47.300289,G,12/27/2023,7/6/2005,,8b9e62a8f6dd0e21,12/22/2032,,,Itu,,x
LIC-LIC-01,TELEFONICA BRASIL S.A.,50409146447,10,48422023,436362830,ESTRADA MUNICIPAL DE TAMBURI,,SP,3509502,5M00G7W,LTE,,,1867.5,1772.5,225,FB,,,760,"5152003257",17.2,26,69,2,X,51,6091702519,40,-23.042778,-47.061944,G,8/12/2024,8/2/2001,,846562a8dc8c63ec,12/22/2032,,,Campinas,,x
LIC-LIC-01,TELEFONICA BRASIL S.A.,50409146447,10,166262022,684610205,RUA 13 DE MAIO,,SP,3509502,10M0G7W,LTE,,,1855,1760,300,FB,,,760,"44181403519",15.1,29,62,2,X,50,83071803257,40,-22.874042,-46.945228,G,8/20/2024,6/28/2004,,846562a8dc892fde,12/22/2032,,,Campinas,,x
LIC-LIC-01,TELEFONICA BRASIL S.A.,50409146447,10,166262022,688779581,RUA MARIAZINHA LEITE CAMPAGNOLLI,PROXIMO A AVENIDA IVAN DE ABREU AZEVEDO  ACESSO AO CONDOMÍNIO SHANGRILÁ,SP,3509502,10M0G7W,LTE,,,1855,1760,290,FB,,,760,"44181403519",15.1,29,62,2,X,57,83071803257,40,-22.789828,-47.027244,G,8/20/2024,10/30/2006,,846562a8dc892f6f,12/22/2032,,,Campinas,,x
LIC-LIC-01,TELEFONICA BRASIL S.A.,50409146447,10,48422023,1013188320,RUA SERGIO FERNANDES BORGES SOARES,,SP,3509502,5M00G7W,LTE,,,1867.5,1772.5,5,FB,,,760,"0",0,0,0,0,X,20,83071803257,40,-23.0092,-47.1172,G,1/2/2024,6/15/2022,,846562a8dc85143d,12/22/2032,,,Campinas,,x
LIC-LIC-01,TELEFONICA BRASIL S.A.,50409146447,10,166262022,695604430,AVENIDA IGUATEMI,SHOPPING CENTER IGUATEMI,SP,3509502,10M0G7W,LTE,,,1855,1760,0.02,FB,,,840,"0",0,0,0,0,V,3,83071803257,40,-22.892883,-47.027383,G,2/1/2024,7/20/2011,,846562a8dc7fb03a,12/22/2032,,,Campinas,,x
LIC-LIC-01,TELEFONICA BRASIL S.A.,50409146447,10,48422023,1013188311,AVENIDA BAILARINA SELMA PARADA,,SP,3509502,5M00G7W,LTE,,,1867.5,1772.5,0.02,FB,,,840,"0",0,0,0,0,V,3,83071803257,40,-22.863739,-47.023186,G,2/1/2024,6/15/2022,,846562a8dc7fafb4,12/22/2032,,,Campinas,,x
LIC-LIC-01,TELEFONICA BRASIL S.A.,50409146447,10,48422023,534548750,RODOVIA DOM PEDRO I,KM 117 3 SP 65 SÍTIO RANCHO BARROQUINHA,SP,3509502,5M00G7W,LTE,,,1867.5,1772.5,235,FB,,,760,"44181403519",15.1,29,62,4,X,64,83071803257,46,-22.923228,-46.929758,G,12/28/2023,9/15/2000,,846562a8dc7bdda2,12/22/2032,,,Campinas,,x
LIC-LIC-01,CLARO S.A.,50409105090,10,46622011,1005779438,AVENIDA SANTINO FARAONE,,SP,3501608,10M0G7W,LTE,,,1875,1780,310,FB,,,760,"27331703519",16.16,27,66.76,0,X,50,6091702519,79.43,-22.73213,-47.26764,G,6/1/2022,2/27/2018,,0f18d24893eaf0ad,3/31/2028,,,Americana,,x
LIC-LIC-01,CLARO S.A.,50409105090,10,97692014,692661867,ROD CASTELO BRANCO,,SP,3511607,10M0G7W,LTE,,,798,743,260,FB,,,760,"56001603518",13,23,67,0,X,41,57731705894,80,-23.25569,-47.88823,G,6/28/2022,8/27/2010,,eed5d24865eb954f,12/8/2029,,,Cesário Lange,,
LIC-LIC-01,CLARO S.A.,50409105090,10,48372023,1001825559,AV JOHN BOYD DUNLOP,,SP,3509502,10M0G7W,LTE,,,2117.5,1927.5,240,FB,,,760,"11471500324",15.81,26,65,0,X,18,40952002519,60,-22.91119,-47.09661,G,6/23/2023,8/11/2015,,eed5d24865eb952e,3/31/2028,,,Campinas,,x
LIC-LIC-01,TELEFONICA BRASIL S.A.,50409146447,10,59072012,1013135293,RUA BELA VISTA,EM FRENTE A CASA NUM. 926,SP,3504107,20M0G7W,LTE,,,2680,2560,230,FB,,,760,"56001603518",17.7,25,62,0,X,50,56351705894,40,-23.141711,-46.587889,G,5/24/2022,5/24/2022,,1abcd2486d5de5ce,10/18/2027,,,Atibaia,,
LIC-LIC-01,TELEFONICA BRASIL S.A.,50409146447,10,59072012,1013135277,AV. PROF. WALTER RIBAS DE ANDRADE,,SP,3509205,20M0G7W,LTE,,,2680,2560,240,FB,,,760,"1.29E+11",15.8,29,57,2,X,56,56351705894,40,-23.363411,-46.872411,G,5/24/2022,5/24/2022,,1abcd2486d5de5c2,10/18/2027,,,Cajamar,,
LIC-LIC-01,TELEFONICA BRASIL S.A.,50409146447,10,59072012,1013135250,RUA BENEDICTA LESSI CIOCHETTI,,SP,3504107,20M0G7W,LTE,,,2680,2560,230,FB,,,760,"56001603518",17.7,25,62,0,X,40,56351705894,40,-23.163658,-46.627491,G,5/24/2022,5/24/2022,,1abcd2486d5de5b6,10/18/2027,,,Atibaia,,
LIC-LIC-01,TELEFONICA BRASIL S.A.,50409146447,10,59072012,1013135137,AVENIDA CELINA FALCÃO ANDRADE,,SP,3500600,20M0G7W,LTE,,,2680,2560,230,FB,,,760,"24731703257",16.1,25,60,0,X,30,58221803257,40,-22.605886,-47.871053,G,5/24/2022,5/24/2022,,1abcd2486d5de532,10/18/2027,,,Águas de São Pedro,,
LIC-LIC-01,CLARO S.A.,50409105090,10,34672011,690355203,AV JOHN BOYD DUNLOP,,SP,3509502,10M0G7W,LTE,,,2140,1950,240,FB,,,760,"56001603518",14.7,25,53,0,X,42,8041101882,80,-22.91121,-47.09667,G,6/23/2023,9/12/2016,,fe5ad2481ea732d2,3/31/2028,,,Campinas,,x
LIC-LIC-01,CLARO S.A.,50409105090,10,105752021,1003045640,AV MARECHAL CASTELO BRANCO,,SP,3538709,50M0G7W,LTE,,,2325,2325,260,FB,,,760,,16.2,28,79,0,X,24,139000000000,50,-22.69815,-47.65526,G,6/21/2023,12/1/2021,,0ef4d24809e7c8d6,3/31/2028,,,Piracicaba,,x
LIC-LIC-01,CLARO S.A.,50409105090,10,46622011,1006385824,EST DA CAPELA,,SP,3556701,10M0G7W,LTE,,,1875,1780,240,FB,,,760,"27331703519",16.16,27,66.76,1,X,44,6091702519,79.43,-23.03946,-47.00215,G,8/28/2023,4/2/2018,,1abcd2486aca5f17,3/31/2028,,,Vinhedo,,x
LIC-LIC-01,CLARO S.A.,50409105090,10,46622011,1006617130,R PADRE ANACLETO DOM BATISTA  LOTE 05  JD PAULISTA,JD PAULISTA,SP,3554003,10M0G7W,LTE,,,1875,1780,280,FB,,,760,"27331703519",16.16,27,66.76,0,X,40,6091702519,79.43,-23.33361,-47.83722,G,6/29/2022,6/18/2018,,1abcd2486aca5f0e,3/31/2028,,,Tatuí,,
LIC-LIC-01,CLARO S.A.,50409105090,10,46622011,1005779365,R JACOB ABRAME  SN  JARDIM SANTA RITA DE CASSIA,,SP,3554003,10M0G7W,LTE,,,1875,1780,200,FB,,,760,"27331703519",16.16,27,66.76,1,X,50,6091702519,79.43,-23.38528,-47.84694,G,6/29/2022,2/27/2018,,1abcd2486aca5f0b,3/31/2028,,,Tatuí,,
LIC-LIC-01,CLARO S.A.,50409105090,10,46622011,683920367,AV UM,TAQ BRANCA,SP,3533403,10M0G7W,LTE,,,1875,1780,270,FB,,,760,"27331703519",16.16,27,66.76,-1,X,52.5,40952002519,20,-22.80645,-47.29583,G,9/11/2025,1/15/2004,,1abcd2486aca5efd,3/31/2028,,,Nova Odessa,,x
LIC-LIC-01,CLARO S.A.,50409105090,10,46622011,1007838032,RUA 15 JW,,SP,3543907,10M0G7W,LTE,,,1875,1780,280,FB,,,760,,16.5,21,66,0,X,40,6091702519,79.43,-22.41223,-47.60601,G,5/27/2025,12/24/2018,,1abcd2486aca5ed9,3/31/2028,,,Rio Claro,,
LIC-LIC-01,CLARO S.A.,50409105090,10,46622011,399687343,RUA 3 A,,SP,3543907,10M0G7W,LTE,,,1875,1780,230,FB,,,760,,16.5,21,66,1,X,31,40952002519,20,-22.39653,-47.55953,G,5/27/2025,1/15/2004,,1abcd2486aca5ed6,3/31/2028,,,Rio Claro,,
LIC-LIC-01,CLARO S.A.,50409105090,10,46622011,687249767,AV ORLANDO VEDOVELLO,,SP,3533403,10M0G7W,LTE,,,1875,1780,280,FB,,,760,"27331703519",16.16,27,66.76,0,X,70,40952002519,60,-22.794757,-47.213462,G,6/21/2023,7/12/2005,,1abcd2486aca5ecd,3/31/2028,,,Nova Odessa,,x
LIC-LIC-01,CLARO S.A.,50409105090,10,46622011,692943714,AV SIDNEY CARDON DE OLIVEIRA,,SP,3536505,10M0G7W,LTE,,,1875,1780,240,FB,,,760,"27331703519",16.16,27,66.76,1,X,39.5,40952002519,60,-22.71725,-47.14302,G,6/21/2023,12/7/2010,,1abcd2486aca5ec9,3/31/2028,,,Paulínia,,x
LIC-LIC-01,CLARO S.A.,50409105090,10,46622011,442735111,RUA GEORGE HUNTER,LOT BELA VISTA,SP,3533403,10M0G7W,LTE,,,1875,1780,170,FB,,,760,,16.5,21,66,1,X,31,40952002519,20,-22.78847,-47.30062,G,8/19/2025,8/16/2000,,1abcd2486aca5ec6,3/31/2028,,,Nova Odessa,,x
LIC-LIC-01,CLARO S.A.,50409105090,10,46622011,692531793,R JOSE GEOVANE DA SILVA,,SP,3531803,10M0G7W,LTE,,,1875,1780,320,FB,,,760,"27331703519",16.16,27,66.76,0,X,44,40952002519,60,-22.93317,-47.25602,G,7/5/2023,7/12/2010,,1abcd2486aca5ec0,3/31/2028,,,Monte Mor,,x
LIC-LIC-01,CLARO S.A.,50409105090,10,46622011,1006427497,R ARMANDA MORÃES DUTRA  S/N - GLEBA 1  BAIRRO ESTIVA,,SP,3527306,10M0G7W,LTE,,,1875,1780,230,FB,,,760,"27331703519",16.16,27,66.76,2,X,40,6091702519,79.43,-23.10222,-46.95083,G,6/23/2022,6/23/2022,,1abcd2486aca5ea5,3/31/2028,,,Louveira,,x
LIC-LIC-01,CLARO S.A.,50409105090,10,46622011,1005808667,EST DA BOIADA  282  CENTRO,,SP,3527306,10M0G7W,LTE,,,1875,1780,220,FB,,,760,"27331703519",16.16,27,66.76,0,X,45,6091702519,79.43,-23.07139,-46.95389,G,6/23/2022,3/7/2018,,1abcd2486aca5ea2,3/31/2028,,,Louveira,,x
LIC-LIC-01,CLARO S.A.,50409105090,10,46622011,1005779373,AVENIDA PACIFICO MONEDA,,SP,3524709,10M0G7W,LTE,,,1875,1780,230,FB,,,760,,16.5,21,66,0,X,50.5,6091702519,79.43,-22.66991,-46.99295,G,3/4/2026,2/27/2018,,1abcd2486aca5e96,3/31/2028,,,Jaguariúna,,x
LIC-LIC-01,CLARO S.A.,50409105090,10,46622011,695584740,R PÉROLA,,SP,3519071,10M0G7W,LTE,,,1875,1780,150,FB,,,760,,16.5,21,66,3,X,29.5,40952002519,20,-22.90139,-47.19783,G,6/5/2025,6/14/2011,,1abcd2486aca5e6c,3/31/2028,,,Hortolândia,,x
LIC-LIC-01,CLARO S.A.,50409105090,10,46622011,686171098,AV ALEXANDRE CAZELATTO,,SP,3536505,10M0G7W,LTE,,,1875,1780,280,FB,,,760,"27331703519",16.16,27,66.76,0,X,47.5,40952002519,60,-22.80626,-47.11774,G,6/23/2023,2/25/2005,,1abcd2486aca5e57,3/31/2028,,,Paulínia,,x
LIC-LIC-01,CLARO S.A.,50409105090,10,46622011,1006011258,ESTRADA CHÁCARA MARIA ELIZA – ESTRADA MUNICIPAL QUE LIGA AO BAIRRO SÃO BENTO – KM 2 -  S/Nº  BAIRRO ZONA RURAL  ARTUR NOGUEIRA - SP  CEP: 13160-000  KM 2 -  S/Nº  ZONA RURAL,CHÁCARA MARIA ELIZA,SP,3503802,10M0G7W,LTE,,,1875,1780,240,FB,,,760,"9371303519",17.08,30,72.66,0,X,40,6091702519,79.43,-22.58778,-47.14806,G,6/23/2022,3/29/2018,,1abcd2486aca5e3f,3/31/2028,,,Artur Nogueira,,
LIC-LIC-01,CLARO S.A.,50409105090,10,46622011,1005501880,RUA FLORIANÓPOLIS  SN  JARDIM DOS EUCALIPTOS,QUADRA G  LOTE 1,SP,3503307,10M0G7W,LTE,,,1875,1780,230,FB,,,760,"27331703519",16.16,27,66.76,2,X,34,6091702519,79.43,-22.35111,-47.40611,G,6/23/2022,12/26/2017,,1abcd2486aca5e39,3/31/2028,,,Araras,,
LIC-LIC-01,CLARO S.A.,50409105090,10,46622011,1009792013,AVENIDA GUERINO TURATTI  240  DISTRITO INDUSTRIAL - III JACOB MARETTO,,SP,3503307,10M0G7W,LTE,,,1875,1780,260,FB,,,760,"27331703519",16.16,27,66.76,0,X,40,6091702519,79.4,-22.37583,-47.39917,G,6/23/2022,12/30/2019,,1abcd2486aca5e36,3/31/2028,,,Araras,,
LIC-LIC-01,CLARO S.A.,50409105090,10,46622011,1007334107,RUA MA SIMIONE SIMIONATO  210  LORETO,,SP,3503307,10M0G7W,LTE,,,1875,1780,320,FB,,,760,"27331703519",16.16,27,66.76,0,X,60,6091702519,79.43,-22.36306,-47.34861,G,6/23/2022,10/22/2018,,1abcd2486aca5e33,3/31/2028,,,Araras,,
LIC-LIC-01,TELEFONICA BRASIL S.A.,50409146447,10,48412023,689145764,RODOVIA MARECHAL RONDON,KM 143 SP 300,SP,3540606,10M0G7W,LTE,,,2160,1970,190,FB,,,760,"24731703257",13.86,25,68.89,2,X,61,83071803257,80,-23.199385,-47.610373,G,1/5/2024,5/4/2007,,bacfd2482e6aa1d2,4/30/2038,,,Porto Feliz,,x
LIC-LIC-01,TELEFONICA BRASIL S.A.,50409146447,10,48422023,379974665,RODOVIA PRESIDENTE CASTELLO BRANCO,KM 68 5 SP 280 PROXIMO TREVO DE MAIRINQUE,SP,3528403,5M00G7W,LTE,,,1862.5,1767.5,110,FB,,,760,"56001603518",14.36,25,69.24,0,X,46,40952002519,60,-23.425378,-47.243439,G,9/6/2023,9/26/2001,,bacfd2482e2d3fc4,12/22/2032,,,Mairinque,,
LIC-LIC-01,CLARO S.A.,50409105090,10,105752021,1005185678,R ANHANGUERA,LOTE 26 / QUADRA 03 - AO LADO DO 181,SP,3516309,5M00G7W,LTE,,,2325,2325,260,FB,,,760,"56001603518",14.5,25,59,2,X,41,139000000000,50,-23.2821,-46.75119,G,8/29/2023,10/3/2017,,0ef4d24809f1f0b3,12/8/2029,,,Francisco Morato,,
LIC-LIC-01,CLARO S.A.,50409105090,10,97692014,684259583,R BERNARDINO DE CAMPOS,ESQUINA COM RUA DO ROSÁRIO,SP,3525904,10M0G7W,LTE,,,798,743,260,FB,,,760,"27331703519",14.1,25,66.56,0,X,50,57731705894,80,-23.1898,-46.8838,G,11/21/2025,8/19/2004,,37fcd248772b27f6,12/8/2029,,,Jundiaí,,x
LIC-LIC-01,TELEFONICA BRASIL S.A.,50409146447,10,59072012,1012997453,AVENIDA GEMINI,,SP,3547304,20M0G7W,LTE,,,2680,2560,220,FB,,,760,"63361803518",17.2,25,58,0,X,45,45621602519,40,-23.443782,-46.872365,G,6/25/2024,4/5/2022,,e991d24848edca19,10/18/2027,,,Santana de Parnaíba,,
LIC-LIC-01,CLARO S.A.,50409105090,10,46622011,534844642,R ERNESTO MONFARDINI,,SP,3515186,10M0G7W,LTE,,,1875,1780,230,FB,,,760,,16.5,21,66,4,X,60.5,40952002519,20,-22.18737,-46.75425,G,8/5/2025,12/11/2001,,ffc4d24825280873,3/31/2028,,,Espírito Santo do Pinhal,,x
LIC-LIC-01,TELEFONICA BRASIL S.A.,50409146447,10,48422023,699298393,ESTRADA HELENA DARCI PIRONDINI ZERBINATTI,X RUA GABRIEL SCAROELLI  SÍTIO SÃO JOÃO,SP,3509007,5M00G7W,LTE,,,1862.5,1767.5,210,FB,,,760,"56001603518",16.7,30,64,2,X,58,6091702519,80,-23.366369,-46.72955,G,1/9/2024,10/15/2013,,0cc6d2483ecb7ed9,12/22/2032,,,Caieiras,,
LIC-LIC-01,Telefonica Brasil S.a.,50409146447,10,48422023,691960020,Alameda dos Umbuzeiros x Alameda dos Abricós,CONDOMÍNIO QUINTA DA BARONEZA,SP,3507605,5M00G7W,LTE,,,1862.5,1767.5,290,FB,,,760,"1.29E+11",14.3,31,63,2,X,20,12111805894,40,-22.998108,-46.692028,G,4/10/2025,1/11/2010,,0cc6d2483eca224e,12/22/2032,,,Bragança Paulista,,
LIC-LIC-01,TELEFONICA BRASIL S.A.,50409146447,10,48422023,1001348602,Rodovia Pedro Astenori Marigliani / Capitão Barduíno,KM 115 4 SP 08,SP,3538204,5M00G7W,LTE,,,1862.5,1767.5,200,FB,,,760,"56001603518",16.7,30,64,2,X,58,7591301882,40,-22.766608,-46.559639,G,11/21/2023,7/29/2016,,0cc6d2483eca2064,12/22/2032,,,Pinhalzinho,,
LIC-LIC-01,TELEFONICA BRASIL S.A.,50409146447,10,48422023,696005328,BAIRRO SETE PONTES,TORRE VIVO,SP,3538600,5M00G7W,LTE,,,1862.5,1767.5,270,FB,,,760,"56001603518",16.7,30,64,0,X,53,12111805894,40,-23.002347,-46.396339,G,1/5/2024,9/23/2011,,0cc6d2483ec9ad31,12/22/2032,,,Piracaia,,
LIC-LIC-01,Telefonica Brasil S.a.,50409146447,10,1452016,693062045,RUA DOUTOR ARMANDO PINTO  S/N,EM FRENTE AO 1793,SP,3516408,10M0G7W,LTE,,,2665,2545,350,FB,,,760,"1.29E+11",13.34,25,65.71,2,X,57,38411301882,40,-23.324831,-46.744028,G,10/15/2024,12/30/2010,,0cc6d2483ec88d4f,10/18/2027,,,Franco da Rocha,,
LIC-LIC-01,CLARO S.A.,50409105090,10,97692014,1007955489,ROD CAPITAO BARDOINO,,SP,3552106,10M0G7W,LTE,,,798,743,210,FB,,,760,"56001603518",13,23,67,0,X,60,57731705894,80,-22.60866,-46.5268,G,7/5/2023,1/25/2019,,3ca2d24814d948f7,3/31/2028,,,Socorro,,x
LIC-LIC-01,TELEFONICA BRASIL S.A.,50409146447,10,59072012,1012916178,RUA SERRA DA LAJE,,SP,3528502,20M0G7W,LTE,,,2680,2560,300,FB,,,760,"1.29E+11",15.8,29,57,2,X,40,56351705894,40,-23.333664,-46.624886,G,3/17/2022,3/17/2022,,824ad2482a2d4dae,10/18/2027,,,Mairiporã,,
LIC-LIC-01,TELEFONICA BRASIL S.A.,50409146447,10,59072012,1012916100,ROD FERNÃO DIAS KM 37 5,KM 37 5,SP,3504107,20M0G7W,LTE,,,2680,2560,0,FB,,,840,"0",0,0,0,0,V,3,56351705894,40,-23.107919,-46.572842,G,8/7/2023,3/17/2022,,824ad2482a2d4d7b,10/18/2027,,,Atibaia,,
LIC-LIC-01,CLARO S.A.,50409105090,10,97692014,1007901699,R JOAQUINA PEDROSO PINTO,,SP,3552106,10M0G7W,LTE,,,798,743,225,FB,,,760,"56001603518",13,23,67,1,X,45,57731705894,80,-22.57281,-46.52565,G,7/5/2023,1/4/2019,,9caad2480006338b,3/31/2028,,,Socorro,,x
LIC-LIC-01,CLARO S.A.,50409105090,10,46662011,1011909070,EST TEODORO FEDERZONI,CHÁCARA CAMPONESA,SP,3516309,10M0G7W,LTE,,,1825,1730,235,FB,,,760,"56001603518",14.3,25,65,-4,X,38.6,6091702519,79.43,-23.28575,-46.73231,G,1/28/2026,5/4/2021,,839ed24857ddf125,8/6/2027,,,Francisco Morato,,
LIC-LIC-01,TELEFONICA BRASIL S.A.,50409146447,10,97432014,1012821541,RUA BOM PASTOR,JOSÉ MILTON SALGADO LEONE,SP,3538709,10M0G7W,LTE,,,788,733,230,FB,,,760,"43061703257",13.8,28,63,2,X,29,48811903257,40,-22.737128,-47.662029,G,1/5/2024,2/14/2022,,1dc3d248ac88c0a2,12/8/2029,,,Piracicaba,,x
LIC-LIC-01,TELEFONICA BRASIL S.A.,50409146447,10,48422023,1012821436,Avenida Bailarina Selma Parada,,SP,3509502,5M00G7W,LTE,,,1862.5,1767.5,0,FB,,,840,"0",0,0,0,0,V,3,83071803257,40,-22.863739,-47.023186,G,8/7/2023,2/14/2022,,1dc3d248ac88c044,12/22/2032,,,Campinas,,x
LIC-LIC-01,TELEFONICA BRASIL S.A.,50409146447,10,59072012,1012821363,RODOVIA SANTOS DUMONT,KM 66,SP,3509502,20M0G7W,LTE,,,2680,2560,0.3,FB,,,760,"56001603518",16,25,60,0,X,40,58221803257,40,-23.019667,-47.125408,G,2/1/2024,2/14/2022,,1dc3d248ac88bffc,10/18/2027,,,Campinas,,x
LIC-LIC-01,TELEFONICA BRASIL S.A.,50409146447,10,97432014,1012821339,RUA CARLOS GOMES,,SP,3526902,10M0G7W,LTE,,,788,733,0.03,FB,,,840,"0",0,0,0,0,V,3,48811903257,40,-22.570853,-47.407931,G,2/1/2024,2/14/2022,,1dc3d248ac88bfea,12/8/2029,,,Limeira,,
LIC-LIC-01,TELEFONICA BRASIL S.A.,50409146447,10,97432014,1012821150,Rua Et. Particular,LOTE ENGORDADOURO GLEBA 03,SP,3525904,10M0G7W,LTE,,,788,733,230,FB,,,760,"1.29E+11",13.9,33,74,2,X,46,57731705894,40,-23.155475,-46.924269,G,2/14/2022,2/14/2022,,1dc3d248ac88bf32,12/8/2029,,,Jundiaí,,x
LIC-LIC-01,TELEFONICA BRASIL S.A.,50409146447,10,48412023,689972326,RUA VEREADOR JOÃO CARDOSO,SÍTIO POLVILHO CONDOMÍNIO FOREST VILLE II,SP,3509205,10M0G7W,LTE,,,2160,1970,280,FB,,,760,"44181403519",16.4,32,57,3,X,40,80951805894,20,-23.420161,-46.836433,G,12/22/2023,2/11/2008,,1dc3d2488d9a4c31,4/30/2038,,,Cajamar,,
LIC-LIC-01,TELEFONICA BRASIL S.A.,50409146447,10,59072012,1001776108,Estrada Velha de Piracaia Prc 343,EM FRENTE AO 28 SÍTIO QUIM CORREIA,SP,3538600,20M0G7W,LTE,,,2680,2560,290,FB,,,760,"56001603518",17.5,30,57,2,X,60,56351705894,40,-23.102167,-46.436028,G,11/21/2023,7/8/2015,,1dc3d2488d9a4b52,10/18/2027,,,Piracaia,,
LIC-LIC-01,TELEFONICA BRASIL S.A.,50409146447,10,59072012,1012806356,Rodovia Rocha Moutonnée,HARAS PAINEIRAS,SP,3545209,20M0G7W,LTE,,,2680,2560,190,FB,,,760,"1.29E+11",15.8,29,57,2,X,40,24251201882,40,-23.211171,-47.318321,G,2/8/2022,2/8/2022,,1dc3d2488d9a4294,10/18/2027,,,Salto,,x
LIC-LIC-01,Telefonica Brasil S.a.,50409146447,10,48422023,1010544699,RUA SERRA FORMOSA  207,QUADRA J  LOTE 9,SP,3516309,5M00G7W,LTE,,,1867.5,1772.5,80,FB,,,760,"44181403519",15.1,29,62,4,X,55,6091702519,80,-23.2963,-46.7288,G,10/15/2024,6/19/2020,,1dc3d2488d9a4042,12/22/2032,,,Francisco Morato,,
LIC-LIC-01,CLARO S.A.,50409105090,10,97692014,1012696704,R ORLANDO DA SILVA GIRIO,LT 06 E 07 / QD 09643,SP,3509502,10M0G7W,LTE,,,798,743,310,FB,,,760,"56001603518",13,23,67,0,X,50,57731705894,80,-22.8742,-47.14542,G,4/5/2023,12/23/2021,,8d298248e1b850e0,12/8/2029,,,Campinas,,x
LIC-LIC-01,CLARO S.A.,50409105090,10,46662011,684832763,R FILIPPO SPADACCIA,ACESSO PELA RUA OROZIMBO MAIA   S/N - VALINHOS,SP,3523404,5M00G7W,LTE,,,1825,1730,240,FB,,,760,"27331703519",16.16,27,66.76,2,X,55,6091702519,79.43,-22.9703,-46.9193,G,12/13/2021,10/28/2004,,b2318248b388d6fb,8/6/2027,,,Itatiba,,x
LIC-LIC-01,CLARO S.A.,50409105090,10,34672011,1012635462,RUA SUCUPIRA,,SP,3552205,10M0G7W,LTE,,,2140,1950,240,FB,,,760,"27331703519",16.16,26,66.76,-2,X,36,27191702519,60,-23.44337,-47.51435,G,5/2/2024,12/1/2021,,e3e98248749fad78,6/1/2026,,,Sorocaba,,
LIC-LIC-01,Telefonica Brasil S.a.,50409146447,10,97432014,1001781519,Alameda das Sapucaias,Ao Lado do 870 Condomínio Quinta da Baroneza,SP,3507605,10M0G7W,LTE,,,788,733,320,FB,,,760,"1.29E+11",13.9,33,74,0,X,21,57731705894,40,-22.983628,-46.690558,G,4/10/2025,7/8/2015,,7ecf8248dce5a9f2,12/8/2029,,,Bragança Paulista,,
LIC-LIC-01,TELEFONICA BRASIL S.A.,50409146447,10,59072012,1012297427,AVENIDA ALFRIED KRUPP,,SP,3509601,20M0G7W,LTE,,,2680,2560,290,FB,,,760,"56001603518",16,25,67,2,X,16,45621602519,40,-23.210278,-46.776944,G,2/1/2024,9/20/2021,,feac824893435145,10/18/2027,,,Campo Limpo Paulista,,x
LIC-LIC-01,TELEFONICA BRASIL S.A.,50409146447,10,48422023,1010178714,Estrada Jonas Siaulys,,SP,3528502,5M00G7W,LTE,,,1867.5,1772.5,230,FB,,,760,"44181403519",15.1,29,62,2,X,60,12111805894,40,-23.255583,-46.569194,G,11/28/2023,4/7/2020,,0f6c82487b50f811,12/22/2032,,,Mairiporã,,
LIC-LIC-01,TELEFONICA BRASIL S.A.,50409146447,10,97432014,1006964697,Rua Presidente Vargas,Entre N° 836 E 812,SP,3504107,10M0G7W,LTE,,,788,733,220,FB,,,760,"56001603518",13.5,25,63,5,X,44,29361602519,40,-23.123636,-46.583767,G,11/24/2023,7/16/2018,,0f6c82487b50f1d5,12/8/2029,,,Atibaia,,
LIC-LIC-01,Telefonica Brasil S.a.,50409146447,10,97432014,1008484374,CHÁCARA SÃO JOSÉ  3000,ESTRADA CRUZ DAS ALMAS,SP,3523909,10M0G7W,LTE,,,788,733,280,FB,,,760,"56001603518",13.5,25,63,2,X,40,57731705894,80,-23.317611,-47.296553,G,10/15/2024,5/8/2019,,0f6c82487b50f170,12/8/2029,,,Itu,,x
LIC-LIC-01,TELEFONICA BRASIL S.A.,50409146447,10,97432014,1012603323,Avenida Beirute,,SP,3525904,10M0G7W,LTE,,,788,733,290,FB,,,760,"1.29E+11",13.9,33,74,2,X,40,57731705894,40,-23.193675,-46.972543,G,11/19/2021,11/19/2021,,0f6c82487b50f10d,12/8/2029,,,Jundiaí,,x
LIC-LIC-01,TELEFONICA BRASIL S.A.,50409146447,10,59072012,1012468400,RODOVIA ENGENHEIRO ERMÊNIO DE OLIVEIRA PENTEADO,KM46,SP,3545209,20M0G7W,LTE,,,2680,2560,210,FB,,,760,"56001603518",16,25,60,2,X,40,45621602519,40,-23.158267,-47.270164,G,1/9/2024,10/18/2021,,08ca324803591255,10/18/2027,,,Salto,,x
LIC-LIC-01,TELEFONICA BRASIL S.A.,50409146447,10,59072012,1012467926,ESTRADA DOS AIMORES,,SP,3504107,20M0G7W,LTE,,,2680,2560,350,FB,,,760,"56001603518",17.7,25,62,2,X,39,38411301882,40,-23.154439,-46.577581,G,12/18/2023,10/18/2021,,08ca324803590b77,10/18/2027,,,Atibaia,,
LIC-LIC-01,TELEFONICA BRASIL S.A.,50409146447,10,59072012,1012467900,RUA ANTONIO DEPENTOR,,SP,3556354,20M0G7W,LTE,,,2680,2560,300,FB,,,760,"56001603518",16,25,67,2,X,54,45621602519,40,-22.890889,-46.415633,G,12/18/2023,10/18/2021,,08ca324803590b5c,10/18/2027,,,Vargem,,
LIC-LIC-01,TELEFONICA BRASIL S.A.,50409146447,10,48422023,1012589665,RODOVIA ENGENHEIRO JOÃO TOSELLO,KM 69 4 SP 147,SP,3530805,5M00G7W,LTE,,,1867.5,1772.5,250,FB,,,760,"5152003257",17.2,26,69,2,X,64,83071803257,40,-22.443975,-47.050202,G,1/8/2024,11/12/2021,,83bc824855287d6d,12/22/2032,,,Mogi Mirim,,
LIC-LIC-01,TELEFONICA BRASIL S.A.,50409146447,10,59072012,1012405750,VIA COMENDADOR PEDRO MORGANTI,,SP,3538709,20M0G7W,LTE,,,2680,2560,280,FB,,,760,"5152003257",17.5,24,59,1,X,24,58221803257,40,-22.702019,-47.604556,G,10/6/2021,10/6/2021,,683a324825a74ba5,10/18/2027,,,Piracicaba,,x
LIC-LIC-01,TELEFONICA BRASIL S.A.,50409146447,10,59072012,1012405726,AV. DR. SILVIO BRAND CORREA,"(QUADRA B; LOTE 02)",SP,3540606,20M0G7W,LTE,,,2680,2560,300,FB,,,760,"24731703257",16.7,25,60,2,X,35,58221803257,40,-23.18444,-47.53611,G,10/6/2021,10/6/2021,,683a324825a74b87,10/18/2027,,,Porto Feliz,,x
LIC-LIC-01,TELEFONICA BRASIL S.A.,50409146447,10,59072012,1012405556,RUA SEBASTIÃO VIEIRA DE ANDRADE,,SP,3556206,20M0G7W,LTE,,,2680,2560,270,FB,,,760,"56001603518",16,25,59,2,X,33,58221803257,40,-23.008306,-47.014822,G,10/6/2021,10/6/2021,,683a324825a74b18,10/18/2027,,,Valinhos,,
LIC-LIC-01,TELEFONICA BRASIL S.A.,50409146447,10,59072012,1012405300,RUA BEM-TE-VI,E/C,SP,3516309,20M0G7W,LTE,,,2680,2560,250,FB,,,760,"1.29E+11",15.8,29,57,4,X,46,56351705894,40,-23.280258,-46.711503,G,10/6/2021,10/6/2021,,683a324825a74a3b,10/18/2027,,,Francisco Morato,,
LIC-LIC-01,TELEFONICA BRASIL S.A.,50409146447,10,59072012,1012405289,RUA DOUTOR EURICO DE SOUZA PEREIRA,,SP,3504107,20M0G7W,LTE,,,2680,2560,310,FB,,,760,"1.29E+11",15.8,29,57,2,X,29,24251201882,40,-23.118139,-46.563511,G,10/6/2021,10/6/2021,,683a324825a74a2f,10/18/2027,,,Atibaia,,
LIC-LIC-01,CLARO S.A.,50409105090,10,48372023,684448408,ROD MARECHAL RONDON,ACESSO PELO VIADUTO AUTEVIR SPINA,SP,3524006,10M0G7W,LTE,,,2130,1940,330,FB,,,760,"27331703519",16.16,26,66.76,2,X,70,5801101882,40,-23.23768,-47.04767,G,6/14/2023,8/19/2004,,66ce82482790a814,8/6/2027,,,Itupeva,,x
LIC-LIC-01,TELEFONICA BRASIL S.A.,50409146447,10,59072012,1012553679,RUA ÁLVARO CORSI,FAZENDA FLAMBOYANT,SP,3515186,20M0G7W,LTE,,,2680,2560,240,FB,,,760,"56001603518",17.9,25,62,2,X,47,58221803257,40,-22.203163,-46.767568,G,7/18/2024,10/28/2021,,761d8248037b9499,10/18/2027,,,Espírito Santo do Pinhal,,x
LIC-LIC-01,TELEFONICA BRASIL S.A.,50409146447,10,59072012,1012553644,Rua Coronel Antonio Estanislau do Amaral,,SP,3520509,20M0G7W,LTE,,,2680,2560,200,FB,,,760,"5152003257",17.5,24,59,2,X,49,58221803257,40,-23.103639,-47.183081,G,10/28/2021,10/28/2021,,761d8248037b9262,10/18/2027,,,Indaiatuba,,x
LIC-LIC-01,TELEFONICA BRASIL S.A.,50409146447,10,48422023,1002052820,Rua Francisco Stranieli,AO LADO DO 169 LOTE 13 QUADRA F,SP,3532009,5M00G7W,LTE,,,1862.5,1767.5,250,FB,,,760,"34641103518",15,25,67,4,X,40,7591301882,40,-22.867819,-46.793089,G,11/22/2023,11/9/2015,,761d8248035c48be,12/22/2032,,,Morungaba,,x
LIC-LIC-01,Telefonica Brasil S.a.,50409146447,10,48422023,1010544729,RUA RAUL BRESSANI MALTA  175,,SP,3516408,5M00G7W,LTE,,,1867.5,1772.5,220,FB,,,760,"44181403519",15.1,29,62,2,X,42,6091702519,80,-23.3219,-46.7275,G,10/15/2024,6/19/2020,,761d8248035c44ef,12/22/2032,,,Franco da Rocha,,
LIC-LIC-01,Telefonica Brasil S.a.,50409146447,10,48422023,1010544702,RUA AMAZONAS  116,,SP,3516408,5M00G7W,LTE,,,1867.5,1772.5,220,FB,,,760,"44181403519",15.1,29,62,2,X,55,6091702519,80,-23.303908,-46.72495,G,10/15/2024,6/19/2020,,761d8248035c44b9,12/22/2032,,,Franco da Rocha,,
LIC-LIC-01,CLARO S.A.,50409105090,10,34672011,441541429,ROD SENADOR JOSE ERMIRIO DE MORAES,VIADUTO ORLANDO BISMARA,SP,3552205,10M0G7W,LTE,,,2140,1950,310,FB,,,760,"56001603518",14.7,25,53,-3,X,47,27191702519,60,-23.43938,-47.3798,G,6/19/2023,12/10/1999,,683a32482546e99e,3/31/2028,,,Sorocaba,,
LIC-LIC-01,CLARO S.A.,50409105090,10,48372023,690209231,R DRACENA,,SP,3552205,10M0G7W,LTE,,,2117.5,1927.5,280,FB,,,760,"56001603518",14.7,25,53,-1,X,34,40952002519,60,-23.47078,-47.43502,G,6/19/2023,3/27/2008,,04ad3248061b56ab,3/31/2028,,,Sorocaba,,
LIC-LIC-01,CLARO S.A.,50409105090,10,34672011,683960520,R CUSTODIO LUIZ DORDETTI,,SP,3552205,10M0G7W,LTE,,,2140,1950,225,FB,,,760,,16.9,22,62,-1,X,36,40952002519,20,-23.46511,-47.4811,G,6/18/2024,1/15/2004,,04ad3248061b566f,6/1/2026,,,Sorocaba,,
LIC-LIC-01,CLARO S.A.,50409105090,10,46622011,1012399793,FAZ SANTA HELENA DOIS,GLEBA B,SP,3501905,5M00G7W,LTE,,,1875,1780,260,FB,,,760,"27331703519",16.16,27,66.76,2,X,60,12111805894,40,-22.73751,-46.80147,G,10/1/2021,10/1/2021,,04ad32480641e4a0,3/31/2028,,,Amparo,,x
LIC-LIC-01,CLARO S.A.,50409105090,10,48372023,689627912,ROD SP 127,ENDEREÇO DA LIGAÇAO: RODOVIA SP 129 KM 123 - SÍTIO SÃO JOSÉ,SP,3554003,10M0G7W,LTE,,,2117.5,1927.5,200,FB,,,760,"56001603518",14.7,25,53,0,X,60,27191702519,60,-23.39868,-47.92629,G,6/20/2023,12/5/2007,,04ad32480641e475,3/31/2028,,,Tatuí,,
LIC-LIC-01,CLARO S.A.,50409105090,10,48372023,695492969,RODOVIA DOUTOR ERNESTO DE CILLO,,SP,3545803,15M0G7W,LTE,,,2117.5,1927.5,280,FB,,,760,"56001603518",14.7,25,53,-3,X,69,40952002519,20,-22.77801,-47.37546,G,3/4/2026,5/19/2011,,a12e324804d0da64,4/30/2038,,,Santa Bárbara d'Oeste,,x
LIC-LIC-01,CLARO S.A.,50409105090,10,34672011,1007842340,AV COMENDADOR CAMILLO JULIO,TUBOKRAFT INDÚSTRIA DE TUBOS,SP,3552205,10M0G7W,LTE,,,2140,1950,330,FB,,,760,"56001603518",14.7,25,53,0,X,28,40952002519,20,-23.45629,-47.45023,G,9/11/2023,12/20/2018,,ab05324851270632,3/31/2028,,,Sorocaba,,
LIC-LIC-01,CLARO S.A.,50409105090,10,59592012,441163432,R MONSENHOR SERVULO MADUREIRA,,SP,3552205,20M0G7W,LTE,,,2640,2520,350,FB,,,760,"27331703519",17.05,28,65.49,-3,X,47,56351705894,40,-23.45568,-47.50636,G,5/27/2024,9/28/1999,,d27e324817f137b0,10/18/2027,,,Sorocaba,,
LIC-LIC-01,TELEFONICA BRASIL S.A.,50409146447,10,48422023,1002032170,Avenida Ernesto Casteluber,,SP,3525904,5M00G7W,LTE,,,1862.5,1767.5,270,FB,,,760,"56001603518",16.7,30,64,3,X,45,12111805894,40,-23.183839,-46.834628,G,11/22/2023,11/9/2015,,a8b2824819f9f8b4,12/22/2032,,,Jundiaí,,x
LIC-LIC-01,TELEFONICA BRASIL S.A.,50409146447,10,97432014,1000618541,Avenida Engenheiro Tasso Pinheiro,,SP,3525904,10M0G7W,LTE,,,788,733,220,FB,,,760,"34641103518",15,28,65,5,X,51,24251201882,40,-23.24699,-46.88345,G,11/28/2023,11/24/2014,,a8b2824819f9f8ae,12/8/2029,,,Jundiaí,,x
LIC-LIC-01,TELEFONICA BRASIL S.A.,50409146447,10,48422023,699601207,RUA TOMÁZ GONZAGA,,SP,3528403,5M00G7W,LTE,,,1867.5,1772.5,250,FB,,,760,"1.29E+11",13.34,25,65.71,3,X,49,12111805894,40,-23.439,-47.194381,G,1/3/2024,2/12/2014,,a8b2824819f9f8a8,12/22/2032,,,Mairinque,,
LIC-LIC-01,CLARO S.A.,50409105090,10,34672011,399686665,RUA VICENTE FERREIRA DA SILVA,,SP,3552403,10M0G7W,LTE,,,2140,1950,240,FB,,,760,"27331703519",16.16,26,66.76,-3,X,36.5,40952002519,20,-22.81569,-47.24994,G,1/31/2025,5/14/2003,,400f0248b6d3a1e0,6/1/2026,,,Sumaré,,x
LIC-LIC-01,TELEFONICA BRASIL S.A.,50409146447,10,97432014,1012291518,RUA PROFESSOR ANTONIO OLEGÁRIO CARDOSO FILHO,,SP,3547304,10M0G7W,LTE,,,788,733,250,FB,,,760,"56001603518",13.5,25,63,3,X,30,57731705894,80,-23.447492,-46.920386,G,6/25/2024,9/20/2021,,18f90248b4d67182,12/8/2029,,,Santana de Parnaíba,,
LIC-LIC-01,CLARO S.A.,50409105090,10,59592012,692568492,R ANGELO GAYOTO,ESQUINA COM A RUA CESAR PEREIRA DAS NEVES,SP,3550308,20M0G7W,LTE,,,2640,2520,250,FB,,,760,,17.6,25,60,-4,X,40,45621602519,40,-23.43729,-46.71352,G,10/27/2023,7/20/2010,,400f0248b837f68f,8/6/2027,,,São Paulo,,
LIC-LIC-01,CLARO S.A.,50409105090,10,48372023,665606710,R HERMINIO MAZIERO,,SP,3536505,10M0G7W,LTE,,,2117.5,1927.5,260,FB,,,760,"56001603518",14.7,25,53,1,X,40,40952002519,60,-22.76447,-47.11452,G,6/21/2023,10/1/2002,,af300248b2822e7c,3/31/2028,,,Paulínia,,x
LIC-LIC-01,CLARO S.A.,50409105090,10,48372023,1003074763,R QUINZE DE NOVEMBRO,,SP,3554003,10M0G7W,LTE,,,2117.5,1927.5,280,FB,,,760,"27331703519",16.16,26,66.76,3,X,52,27191702519,60,-23.36058,-47.86781,G,6/20/2023,8/2/2016,,579002489d8ad354,3/31/2028,,,Tatuí,,
LIC-LIC-01,CLARO S.A.,50409105090,10,48372023,442735332,AVENIDA CONEGO JOAO CLIMACO,,SP,3554003,15M0G7W,LTE,,,2117.5,1927.5,220,FB,,,760,,16.9,22,62,0,X,50,40952002519,20,-23.35263,-47.84363,G,3/19/2026,4/10/2000,,579002489d8dd6ce,4/30/2038,,,Tatuí,,
LIC-LIC-01,CLARO S.A.,50409105090,10,97692014,517459590,R TRES,,SP,3512803,10M0G7W,LTE,,,798,743,240,FB,,,760,"56001603518",13,23,67,3,X,45,57731705894,80,-22.70869,-47.20273,G,6/21/2023,7/3/2000,,579002489d8dd65b,3/31/2028,,,Cosmópolis,,x
LIC-LIC-01,CLARO S.A.,50409105090,10,48372023,698142233,R GODOFREDO BARAÚNA,,SP,3549102,10M0G7W,LTE,,,2117.5,1927.5,220,FB,,,760,"56001603518",14.7,25,53,1,X,19,40952002519,60,-21.9761,-46.81762,G,6/19/2023,11/16/2012,,579002489d9319eb,3/31/2028,,,São João da Boa Vista,,
LIC-LIC-01,CLARO S.A.,50409105090,10,34672011,1006616990,V MARTIM LUTERO,SITIO SANTO EUGÊNIO,SP,3512803,10M0G7W,LTE,,,2140,1950,280,FB,,,760,"27331703519",16.16,26,66.76,1,X,40,40952002519,60,-22.5995,-47.21956,G,6/23/2023,6/18/2018,,579002489dfebc06,3/31/2028,,,Cosmópolis,,x
LIC-LIC-01,CLARO S.A.,50409105090,10,34672011,697701662,R DOMINGOS BENEDICTO,AO LADO DO 83,SP,3524709,10M0G7W,LTE,,,2140,1950,320,FB,,,760,"27331703519",16.16,26,66.76,3,X,31,40952002519,60,-22.6838,-46.99484,G,6/27/2023,9/13/2012,,ee5af24888e5e10f,3/31/2028,,,Jaguariúna,,x
LIC-LIC-01,CLARO S.A.,50409105090,10,34672011,698149050,AV PRESIDENTE VARGAS,,SP,3503307,10M0G7W,LTE,,,2140,1950,300,FB,,,760,"9371303519",17.08,30,72.66,2,X,34,40952002519,60,-22.35634,-47.33525,G,6/27/2023,11/16/2012,,c0edf2486f24bf90,4/30/2038,,,Araras,,
LIC-LIC-01,CLARO S.A.,50409105090,10,48372023,696729210,AV 1,,SP,3552403,15M0G7W,LTE,,,2117.5,1927.5,130,FB,,,760,"63361803518",17.8,25,58,-4,X,45,40952002519,20,-22.78861,-47.2287,G,9/11/2025,4/20/2012,,c0edf2486f285f8d,4/30/2038,,,Sumaré,,x
LIC-LIC-01,TELEFONICA BRASIL S.A.,50409146447,10,59072012,1012148430,Alameda das Sávias,CONDOMÍNIO CITY CASTELO,SP,3523909,20M0G7W,LTE,,,2680,2560,200,FB,,,760,"1.29E+11",15.8,29,57,2,X,40,45621602519,40,-23.40497,-47.35188,G,3/25/2022,7/29/2021,,ff0bd2485213ac52,10/18/2027,,,Itu,,x
LIC-LIC-01,CLARO S.A.,50409105090,10,34672011,698260961,AV JORDANO MENDES,,SP,3509205,10M0G7W,LTE,,,2140,1950,240,FB,,,760,"9371303519",17.08,30,72.66,1,X,52,40952002519,60,-23.35169,-46.84884,G,6/20/2023,11/28/2012,,61abd2484126737c,3/31/2028,,,Cajamar,,
LIC-LIC-01,CLARO S.A.,50409105090,10,48372023,577970356,R PROJETADA,MORRO DA CORUJA,SP,3509205,10M0G7W,LTE,,,2130,1940,240,FB,,,760,"27331703519",16.16,26,66.76,0,X,37,40952002519,60,-23.36,-46.8797,G,6/20/2023,2/7/2001,,2f7bd24831dba2f7,3/31/2028,,,Cajamar,,
LIC-LIC-01,CLARO S.A.,50409105090,10,34672011,1010221792,R CORONEL DANIEL PELUSO,(R. CARLOS PALAZZI  SN) REMANEJAMENTO DO SMBGP01,SP,3507605,5M00G7W,LTE,,,2140,1950,220,FB,,,760,"27331703519",16.16,26,66.76,1,X,50,40952002519,60,-22.92569,-46.54097,G,8/28/2023,4/7/2020,,5290c2481d748062,3/31/2028,,,Bragança Paulista,,
LIC-LIC-01,CLARO S.A.,50409105090,10,46662011,692357904,EST ARAÇARIGUAMA,,SP,3502754,10M0G7W,LTE,,,1825,1730,30,FB,,,760,"8541105344",16.97,34.65,71.05,4,X,61,6091702519,79.43,-23.4344,-47.0599,G,6/20/2023,5/11/2010,,055ac2480d4fc420,3/31/2028,,,Araçariguama,,
LIC-LIC-01,CLARO S.A.,50409105090,10,48372023,698109678,R ELZA VIEIRA DE ABREU,,SP,3520509,15M0G7W,LTE,,,2117.5,1927.5,310,FB,,,760,"27331703519",16.16,26,66.76,-1,X,39.5,40952002519,20,-23.10095,-47.23866,G,2/5/2025,11/16/2012,,7b99d24845967d94,4/30/2038,,,Indaiatuba,,x
LIC-LIC-01,CLARO S.A.,50409105090,10,34672011,690826028,AV DOS AERONAUTAS,,SP,3554003,10M0G7W,LTE,,,2140,1950,200,FB,,,760,"27331703519",16.16,26,66.76,2,X,40,40952002519,60,-23.32749,-47.87214,G,6/20/2023,11/5/2008,,2f7bd24831b20160,3/31/2028,,,Tatuí,,
LIC-LIC-01,CLARO S.A.,50409105090,10,34672011,687314810,ROD CORNÉLIO PIRES,,SP,3538709,10M0G7W,LTE,,,2140,1950,220,FB,,,760,"27331703519",16.16,26,66.76,-1,X,64,40952002519,20,-22.76724,-47.64675,G,9/19/2025,8/18/2005,,2f7bd24831b200f1,6/1/2026,,,Piracicaba,,x
LIC-LIC-01,CLARO S.A.,50409105090,10,34672011,692490418,AV VICTOR ACIERINI,,SP,3530706,10M0G7W,LTE,,,2140,1950,160,FB,,,760,"63361803518",17.8,25,58,3,X,38,40952002519,60,-22.31886,-46.96433,G,6/27/2023,7/12/2010,,2f7bd24832a266bf,3/31/2028,,,Mogi Guaçu,,
LIC-LIC-01,CLARO S.A.,50409105090,10,34672011,695424416,AV MAJOR JOSE LEVY SOBRINHO,,SP,3526902,10M0G7W,LTE,,,2140,1950,200,FB,,,760,"63361803518",17.8,25,58,3,X,45,40952002519,20,-22.55102,-47.38002,G,7/14/2025,4/28/2011,,2f7bd24832a26696,6/1/2026,,,Limeira,,
LIC-LIC-01,CLARO S.A.,50409105090,10,34672011,691481504,AVENIDA EMANCIPAÇÃO,FABRICA DELL,SP,3519071,10M0G7W,LTE,,,2140,1950,280,FB,,,760,"27331703519",16.16,26,66.76,0,X,41,40952002519,20,-22.91163,-47.18369,G,3/4/2026,6/16/2009,,2f7bd24832a26666,6/1/2026,,,Hortolândia,,x
LIC-LIC-01,CLARO S.A.,50409105090,10,48372023,692943650,R PEDRO SUZAN,,SP,3512803,10M0G7W,LTE,,,2117.5,1927.5,200,FB,,,760,"27331703519",16.16,26,66.76,0,X,40,40952002519,60,-22.62888,-47.19877,G,6/23/2023,12/7/2010,,055ac2480e7b178f,3/31/2028,,,Cosmópolis,,x
LIC-LIC-01,CLARO S.A.,50409105090,10,59592012,686796519,R PEDRO RODRIGUES,,SP,3510302,20M0G7W,LTE,,,2640,2520,240,FB,,,760,"27331703519",17.05,28,65.49,0,X,60,56351705894,40,-23.47833,-47.73921,G,6/23/2023,7/16/2021,,9f04c24808b81c38,3/31/2028,,,Capela do Alto,,
LIC-LIC-01,CLARO S.A.,50409105090,10,48372023,1006796301,R BENJAMIN FORNAZIN,,SP,3545803,15M0G7W,LTE,,,2117.5,1927.5,240,FB,,,760,,16.9,22,62,1,X,35,40952002519,20,-22.71579,-47.36672,G,8/5/2025,5/29/2018,,9f04c24808b81b13,4/30/2038,,,Santa Bárbara d'Oeste,,x
LIC-LIC-01,CLARO S.A.,50409105090,10,34672011,399686100,RUA DAS BEGONIAS,,SP,3501608,10M0G7W,LTE,,,2140,1950,250,FB,,,760,"27331703519",16.16,26,66.76,-1,X,41,40952002519,20,-22.76525,-47.34052,G,3/27/2025,5/14/2003,,9f04c24808b81ad7,6/1/2026,,,Americana,,x
LIC-LIC-01,CLARO S.A.,50409105090,10,97692014,1006044717,R HENRIQUE COPPI,,SP,3530706,10M0G7W,LTE,,,798,743,70,FB,,,760,,13.4,21,68,2,X,28,57731705894,80,-22.36848,-46.94371,G,8/5/2025,5/4/2018,,5290c2481cda973a,12/8/2029,,,Mogi Guaçu,,
LIC-LIC-01,CLARO S.A.,50409105090,10,34672011,690354827,AV VINICIUS DE MORAES,,SP,3552205,10M0G7W,LTE,,,2140,1950,220,FB,,,760,"27331703519",16.16,26,66.76,-1,X,40,40952002519,60,-23.43593,-47.50571,G,10/26/2023,5/26/2008,,84a0c24803cb7766,3/31/2028,,,Sorocaba,,
LIC-LIC-01,CLARO S.A.,50409105090,10,59592012,1005119250,RUA PALÁCIO GUANABARA,LOTE 05 QUADRA 15,SP,3550308,20M0G7W,LTE,,,2640,2520,190,FB,,,760,,17.6,21,51,0,X,39.5,56351705894,40,-23.43212,-46.71542,G,1/23/2024,11/7/2017,,a3f5a24895bb7aeb,10/18/2027,,,São Paulo,,
LIC-LIC-01,CLARO S.A.,50409105090,10,48372023,1005133112,AV ITAVUVU,,SP,3552205,15M0G7W,LTE,,,2117.5,1927.5,260,FB,,,760,,16.9,22,62,-2,X,26,40952002519,20,-23.44936,-47.48009,G,6/6/2024,9/14/2017,,db5da2488f60aead,4/30/2038,,,Sorocaba,,
LIC-LIC-01,CLARO S.A.,50409105090,10,34672011,1007614835,AV DOUTOR ERMELINDO MAFFEI,,SP,3523909,10M0G7W,LTE,,,2140,1950,290,FB,,,760,,16.9,22,62,-2,X,50,40952002519,20,-23.26317,-47.29013,G,1/7/2026,11/19/2018,,a3f5a2489443193e,6/1/2026,,,Itu,,x
LIC-LIC-01,CLARO S.A.,50409105090,10,97692014,687472130,RUA ANA MARIA FRANCO LARANJEIRA,,SP,3550308,10M0G7W,LTE,,,798,743,280,FB,,,760,"27331703519",14.1,25,66.56,0,X,50,57731705894,80,-23.4146,-46.7421,G,8/3/2022,1/13/2006,,9654a2488ae3fa6f,12/8/2029,,,São Paulo,,
LIC-LIC-01,CLARO S.A.,50409105090,10,34672011,442517548,R LUIZ MANOEL DE QUEIROZ,,SP,3512803,10M0G7W,LTE,,,2140,1950,290,FB,,,760,"27331703519",16.16,26,66.76,4,X,38,40952002519,60,-22.64155,-47.18755,G,6/23/2023,4/10/2000,,9654a2488b642261,3/31/2028,,,Cosmópolis,,x
LIC-LIC-01,CLARO S.A.,50409105090,10,34672011,683917544,R CORONEL VENANCIO FERREIRA ALVES ADORNO,EDIFICIO ATENAS,SP,3530805,10M0G7W,LTE,,,2140,1950,210,FB,,,760,"27331703519",16.16,26,66.76,0,X,50,40952002519,60,-22.43972,-46.96694,G,6/27/2023,1/15/2004,,a3f5a24894622430,3/31/2028,,,Mogi Mirim,,
LIC-LIC-01,CLARO S.A.,50409105090,10,34672011,698111001,R XAVANTES,,SP,3510401,10M0G7W,LTE,,,2140,1950,280,FB,,,760,"27331703519",16.16,26,66.76,8,X,40,40952002519,60,-22.99933,-47.4921,G,6/23/2023,11/16/2012,,a3f5a24894622336,3/31/2028,,,Capivari,,x
LIC-LIC-01,CLARO S.A.,50409105090,10,48372023,697393380,R CANDIDO ANTONIO ZANATTA,ACESSO PELA RUA CÂNDIDO ANTÔNIO ZANATTA,SP,3545803,10M0G7W,LTE,,,2117.5,1927.5,150,FB,,,760,"44181403519",16.34,29,72.61,1,X,56,40952002519,60,-22.74443,-47.42969,G,6/19/2023,6/12/2012,,a3f5a2489507cfd9,3/31/2028,,,Santa Bárbara d'Oeste,,x
LIC-LIC-01,CLARO S.A.,50409105090,10,48372023,698457005,ROD ANTONIO ROMANO SCHINCARIOL,,SP,3554003,10M0G7W,LTE,,,2117.5,1927.5,270,FB,,,760,"44181403519",16.34,29,72.61,0,X,34,40952002519,60,-23.3356,-47.85788,G,6/20/2023,3/1/2013,,198e92486c99f924,3/31/2028,,,Tatuí,,
LIC-LIC-01,CLARO S.A.,50409105090,10,48372023,534824447,R LUIZ NIERO,,SP,3527306,10M0G7W,LTE,,,2117.5,1927.5,250,FB,,,760,"27331703519",16.16,26,66.76,1,X,50,40952002519,60,-23.0854,-46.95281,G,6/27/2023,5/2/2001,,198e92486c99f888,3/31/2028,,,Louveira,,x
LIC-LIC-01,CLARO S.A.,50409105090,10,48372023,442517289,AV CARLOS KUNTZ BUSCH,CAIXA D'ÁGUA,SP,3526902,15M0G7W,LTE,,,2117.5,1927.5,230,FB,,,760,,16.9,22,62,3,X,41,40952002519,20,-22.53063,-47.38702,G,6/5/2025,7/3/2000,,c48f82481f24fe6c,4/30/2038,,,Limeira,,
LIC-LIC-01,CLARO S.A.,50409105090,10,97692014,695885200,R TATUÍ,,SP,3509205,10M0G7W,LTE,,,798,743,260,FB,,,760,"27331703519",14.1,25,66.56,4,X,50,57731705894,80,-23.41992,-46.82712,G,4/4/2022,9/5/2011,,c48f82481f5c6a0a,12/8/2029,,,Cajamar,,
LIC-LIC-01,CLARO S.A.,50409105090,10,34672011,426567730,RUA JOSE ALVES GUEDES,,SP,3524709,10M0G7W,LTE,,,2140,1950,285,FB,,,760,,16.9,22,62,-1,X,40.5,40952002519,20,-22.69621,-46.98918,G,9/4/2025,12/10/1999,,86e08248173b79b0,6/1/2026,,,Jaguariúna,,x
LIC-LIC-01,CLARO S.A.,50409105090,10,34672011,2061317,AV BARÃO DE ITAPEMA,"0",SP,3523404,10M0G7W,LTE,,,2140,1950,250,FB,,,760,"9371303519",17.08,30,72.66,4,X,50.5,40952002519,60,-23.0065,-46.83619,G,6/14/2023,4/28/1999,,16958248fcaecc5f,8/6/2027,,,Itatiba,,x
LIC-LIC-01,CLARO S.A.,50409105090,10,34672011,685089703,ROD ANTONIO R SCHINCARIOL,,SP,3554003,10M0G7W,LTE,,,2140,1950,340,FB,,,760,"27331703519",16.16,26,66.76,0,X,60,40952002519,60,-23.3707,-47.9096,G,6/20/2023,3/15/2005,,16958248fd6002ef,3/31/2028,,,Tatuí,,
LIC-LIC-01,CLARO S.A.,50409105090,10,34672011,691268339,AV MADRID,,SP,3536505,10M0G7W,LTE,,,2140,1950,190,FB,,,760,"27331703519",16.16,26,66.76,1,X,29,40952002519,20,-22.73313,-47.17032,G,8/5/2025,4/8/2009,,16958248fd60020e,6/1/2026,,,Paulínia,,x
LIC-LIC-01,CLARO S.A.,50409105090,10,34672011,693060638,RUA RECIFE,CRISTIANTEX MAGAZINE,SP,3545803,10M0G7W,LTE,,,2140,1950,210,FB,,,760,,16.9,22,62,-1,X,19,40952002519,20,-22.73611,-47.38076,G,3/4/2026,5/15/2012,,16958248fd600199,6/1/2026,,,Santa Bárbara d'Oeste,,x
LIC-LIC-01,CLARO S.A.,50409105090,10,34672011,692651098,R OSCAR SEIXAS DE QUEIROZ,,SP,3536505,10M0G7W,LTE,,,2140,1950,265,FB,,,760,"27331703519",16.16,26,66.76,3,X,40,40952002519,60,-22.75622,-47.14758,G,6/21/2023,8/13/2010,,29278248f2d92ea6,3/31/2028,,,Paulínia,,x
LIC-LIC-01,CLARO S.A.,50409105090,10,34672011,692535080,R BERNARDINO DE CAMPOS,ED RESIDENCIA MAJESTIC,SP,3549102,10M0G7W,LTE,,,2140,1950,230,FB,,,760,,16.9,22,62,2,X,45.5,40952002519,20,-21.97788,-46.79568,G,8/5/2025,7/12/2010,,29278248f2d45eee,6/1/2026,,,São João da Boa Vista,,
LIC-LIC-01,CLARO S.A.,50409105090,10,48372023,1003389292,AV CABO PM WAGNER MODESTO,ATRAS DO COND ILHA DE BALI,SP,3526902,15M0G7W,LTE,,,2117.5,1927.5,240,FB,,,760,,16.9,22,62,1,X,50,40952002519,20,-22.58501,-47.44944,G,7/14/2025,10/24/2016,,fd308248cf0129e9,4/30/2038,,,Limeira,,
LIC-LIC-01,CLARO S.A.,50409105090,10,97692014,1006994421,AV MINAS GERAIS,,SP,3552403,10M0G7W,LTE,,,798,743,230,FB,,,760,,13.4,21,68,-1,X,38,57731705894,80,-22.80504,-47.22483,G,9/11/2025,7/18/2018,,4ff78248bf3887d8,12/8/2029,,,Sumaré,,x
LIC-LIC-01,CLARO S.A.,50409105090,10,48372023,1005922761,R DONA AMABILE BOER,,SP,3501608,15M0G7W,LTE,,,2117.5,1927.5,270,FB,,,760,,16.9,22,62,-2,X,36,27191702519,60,-22.72864,-47.33708,G,12/11/2025,3/16/2018,,4ff78248bf3886c8,4/30/2038,,,Americana,,x
LIC-LIC-01,CLARO S.A.,50409105090,10,97692014,1012039754,RUA ÁDAMO ZAMBELLI,ANTIGA EST VELHA DE CAIEIRAS  425 - SÍTIO DO ABREU/FREITAS  - AC/ P/ ROD BANDEIRANTES,SP,3509007,10M0G7W,LTE,,,798,743,255,FB,,,760,,13.4,21,68,-2,X,53,57731705894,80,-23.34578,-46.81815,G,1/23/2024,6/16/2021,,37b792485d6c3d89,12/8/2029,,,Caieiras,,
LIC-LIC-01,CLARO S.A.,50409105090,10,34672011,695446703,R MARIA CAMURI DA ROCHA,,SP,3501608,10M0G7W,LTE,,,2140,1950,200,FB,,,760,,16.9,22,62,2,X,40,40952002519,20,-22.71479,-47.34978,G,5/22/2025,7/6/2011,,71ad82481b576f3e,6/1/2026,,,Americana,,x
LIC-LIC-01,CLARO S.A.,50409105090,10,34672011,1257501,RUA LUIZ OLIVEIRA,CLUBE ATLÉTICO SANT'ANNA,SP,3547304,10M0G7W,LTE,,,2140,1950,255,FB,,,760,"27331703519",16.16,26,66.76,0,X,70.5,40952002519,20,-23.44444,-46.92306,G,6/18/2025,3/1/2004,,aa278248e30f63e8,6/1/2026,,,Santana de Parnaíba,,
LIC-LIC-01,CLARO S.A.,50409105090,10,34672011,695444522,R  DOUTOR CARMELO D'AGOSTINHO,ESQUINA RUA CAPITÃO OLIVEIRA CARVALHO,SP,3550308,10M0G7W,LTE,,,2140,1950,120,FB,,,760,"27331703519",16.16,26,66.76,0,X,35,27191702519,60,-23.43784,-46.72738,G,8/31/2023,7/6/2011,,f2db8248dfd9c25c,8/6/2027,,,São Paulo,,
LIC-LIC-01,CLARO S.A.,50409105090,10,48372023,1005921978,AV SAO GONCALO,JARDIM SANTA RITA I,SP,3533403,10M0G7W,LTE,,,2117.5,1927.5,260,FB,,,760,"12720905344",16.18,20,65,0,X,42,27191702519,60,-22.80632,-47.30806,G,6/27/2023,5/20/2021,,5ff68248ce083b26,3/31/2028,,,Nova Odessa,,x
LIC-LIC-01,CLARO S.A.,50409105090,10,48372023,442874936,MRO DO CRISTO REDENTOR,,SP,3537107,10M0G7W,LTE,,,2117.5,1927.5,280,FB,,,760,"27331703519",16.16,26,66.76,2,X,40,40952002519,60,-22.7464,-46.9074,G,6/21/2023,8/16/2000,,5ff68248ce083ade,3/31/2028,,,Pedreira,,x
LIC-LIC-01,CLARO S.A.,50409105090,10,48372023,697460410,AV ANTONIO BAPTISTA PIVA,,SP,3536505,15M0G7W,LTE,,,2117.5,1927.5,20,FB,,,760,,16.9,22,62,0,X,26,40952002519,20,-22.77813,-47.17203,G,8/5/2025,7/5/2012,,5ff68248ce083aba,4/30/2038,,,Paulínia,,x
LIC-LIC-01,CLARO S.A.,50409105090,10,34672011,535838166,R CARIDADE TERCEIRA,(LOTE 2 QUADRA C1),SP,3554003,10M0G7W,LTE,,,2140,1950,150,FB,,,760,"27331703519",16.16,26,66.76,1,X,50,40952002519,60,-23.33993,-47.8263,G,6/20/2023,5/2/2001,,5ff68248ce0839b7,3/31/2028,,,Tatuí,,
LIC-LIC-01,CLARO S.A.,50409105090,10,48372023,399687262,R 12,,SP,3543907,15M0G7W,LTE,,,2117.5,1927.5,280,FB,,,760,"27331703519",16.16,26,66.76,-1,X,35,40952002519,20,-22.40175,-47.57263,G,2/25/2025,2/13/2004,,62658248b19322c3,4/30/2038,,,Rio Claro,,
LIC-LIC-01,CLARO S.A.,50409105090,10,48372023,1004014330,AV LIMEIRA,,SP,3538709,15M0G7W,LTE,,,2117.5,1927.5,0,FB,,,168,,3,0,360,0,V,3,40952002519,20,-22.70381,-47.64985,G,9/11/2025,5/12/2017,,62658248b193229f,4/30/2038,,,Piracicaba,,x
LIC-LIC-01,CLARO S.A.,50409105090,10,34672011,683897772,R PAPA PIO XII,,SP,3522604,10M0G7W,LTE,,,2140,1950,260,FB,,,760,"27331703519",16.16,26,66.76,2,X,46,40952002519,60,-22.43203,-46.8359,G,6/27/2023,2/27/2008,,62658248b193222c,3/31/2028,,,Itapira,,x
LIC-LIC-01,CLARO S.A.,50409105090,10,48372023,698141067,R SILVINO SQUISSATTO,,SP,3503307,10M0G7W,LTE,,,2117.5,1927.5,280,FB,,,760,"27331703519",16.16,26,66.76,2,X,37,40952002519,60,-22.37865,-47.37864,G,7/6/2023,5/20/2021,,62658248b19321d8,3/31/2028,,,Araras,,
LIC-LIC-01,CLARO S.A.,50409105090,10,34672011,696247437,AVENIDA FRANCISCO BERTOLLI,,SP,3552403,10M0G7W,LTE,,,2140,1950,120,FB,,,760,,16.9,22,62,0,X,42,40952002519,20,-22.8373,-47.18505,G,3/31/2025,5/17/2021,,22b38248b4901549,6/1/2026,,,Sumaré,,x
LIC-LIC-01,CLARO S.A.,50409105090,10,48372023,698305876,R VEREADOR SEBASTIAO JOSE DE MELLO,,SP,3530706,15M0G7W,LTE,,,2117.5,1927.5,140,FB,,,760,"27331703519",16.16,26,66.76,3,X,40,40952002519,20,-22.35492,-46.9289,G,7/24/2025,12/18/2012,,22b38248b4901496,4/30/2038,,,Mogi Guaçu,,
LIC-LIC-01,CLARO S.A.,50409105090,10,34672011,399687475,RUA PROFESSOR RUY CORTE BRILHO,,SP,3526902,10M0G7W,LTE,,,2140,1950,250,FB,,,760,"27331703519",16.16,26,66.76,0,X,40,40952002519,20,-22.56,-47.43535,G,2/25/2025,12/10/1999,,df018248d890e672,6/1/2026,,,Limeira,,
LIC-LIC-01,CLARO S.A.,50409105090,10,34672011,695786091,RUA PARANA,,SP,3519071,10M0G7W,LTE,,,2140,1950,180,FB,,,760,"44181403519",16.34,29,72.61,2,X,20,40952002519,20,-22.86032,-47.20108,G,4/14/2025,5/14/2021,,df018248d890e594,6/1/2026,,,Hortolândia,,x
LIC-LIC-01,CLARO S.A.,50409105090,10,25152016,1003319960,EST PROF. LAUDELINO ALVES FERREIRA,,SP,3516408,15M0G7W,LTE,,,1842.5,1747.5,340,FB,,,760,"27331703519",16.16,27,66.76,-6,X,60,40952002519,20,-23.30516,-46.72542,G,10/10/2023,9/28/2016,,c48182489b88fae2,8/6/2027,,,Franco da Rocha,,
LIC-LIC-01,CLARO S.A.,50409105090,10,48372023,690831706,R ANHANGUERA,ATRÁS DO RESTAURANTE COSTELÃO,SP,3552403,15M0G7W,LTE,,,2117.5,1927.5,170,FB,,,760,"27331703519",16.16,26,66.76,0,X,41,40952002519,20,-22.81147,-47.20833,G,11/21/2025,5/4/2021,,f6ab524842d9f9b4,4/30/2038,,,Sumaré,,x
LIC-LIC-01,CLARO S.A.,50409105090,10,34672011,695462415,RUA FERDINANDO DRAGO,,SP,3501608,10M0G7W,LTE,,,2140,1950,260,FB,,,760,,16.9,22,62,4,X,40,40952002519,20,-22.7293,-47.28376,G,8/19/2025,7/6/2011,,f6ab524842d9f92c,6/1/2026,,,Americana,,x
LIC-LIC-01,CLARO S.A.,50409105090,10,48372023,399687750,R JOSINA FLORA DE JESUS SILVA,,SP,3552403,15M0G7W,LTE,,,2117.5,1927.5,250,FB,,,760,"27331703519",16.16,26,66.76,-1,X,61,40952002519,20,-22.82854,-47.17988,G,2/5/2025,5/14/2003,,6681d2681a095b14,4/30/2038,,,Sumaré,,x
LIC-LIC-01,CLARO S.A.,50409105090,10,97692014,684819236,R CASSIA,EM FRENTE AO N° 117,SP,3516309,10M0G7W,LTE,,,798,743,315,FB,,,760,"27331703519",14.1,25,66.56,0,X,58.5,57731705894,80,-23.29191,-46.7055,G,7/6/2023,12/15/2004,,d35e72486831e740,3/31/2028,,,Francisco Morato,,
LIC-LIC-01,CLARO S.A.,50409105090,10,48372023,1003890021,R SANTOS DUMONT,,SP,3556701,10M0G7W,LTE,,,2117.5,1927.5,240,FB,,,760,"27331703519",16.16,26,66.76,0,X,28,40952002519,60,-23.02833,-46.97528,G,6/20/2023,4/4/2017,,a89b72486353c600,3/31/2028,,,Vinhedo,,x
LIC-LIC-01,CLARO S.A.,50409105090,10,48372023,683917307,AVENIDA HENRIQUE ROBERTO GUILHERME A BRECHMACHER,,SP,3501608,15M0G7W,LTE,,,2117.5,1927.5,230,FB,,,760,"27331703519",16.16,26,66.76,-2,X,40,40952002519,20,-22.71613,-47.29497,G,3/21/2025,1/15/2004,,a89b724863426e76,4/30/2038,,,Americana,,x
LIC-LIC-01,CLARO S.A.,50409105090,10,34672011,1010476057,RUA ROMA,,SP,3519071,10M0G7W,LTE,,,2140,1950,235,FB,,,760,,16.9,22,62,-2,X,50,40952002519,20,-22.87598,-47.23276,G,3/31/2025,6/1/2020,,58317248525e3844,6/1/2026,,,Hortolândia,,x
LIC-LIC-01,CLARO S.A.,50409105090,10,48372023,696582228,R SIQUEIRA CAMPOS,,SP,3531803,10M0G7W,LTE,,,2117.5,1927.5,260,FB,,,760,"27331703519",16.16,26,66.76,5,X,40,40952002519,60,-22.96106,-47.31716,G,6/27/2023,4/4/2012,,6681d2681a1f2302,3/31/2028,,,Monte Mor,,x
LIC-LIC-01,CLARO S.A.,50409105090,10,34672011,399687645,R VICENTE FURLAN,,SP,3527306,10M0G7W,LTE,,,2140,1950,240,FB,,,760,"27331703519",16.16,26,66.76,0,X,60,40952002519,60,-23.08965,-46.97483,G,7/6/2023,5/14/2003,,6681d2681a1f22b4,3/31/2028,,,Louveira,,x
LIC-LIC-01,CLARO S.A.,50409105090,10,34672011,1002413165,AV JOHN BOYD DUNLOP,,SP,3509502,10M0G7W,LTE,,,2140,1950,240,FB,,,760,"11471500324",15.81,26,65,-2,X,18,27191702519,60,-22.91122,-47.09668,G,7/25/2023,1/5/2016,,f6ab5248430128e3,3/31/2028,,,Campinas,,x
LIC-LIC-01,CLARO S.A.,50409105090,10,34672011,665769970,AV JUSCELINO KUBITSCHEK DE OLIVEIRA,GLEBA D - SÍTIO SÃO LUIZ,SP,3530805,10M0G7W,LTE,,,2140,1950,350,FB,,,760,"27331703519",16.16,26,66.76,0,X,60,40952002519,20,-22.41971,-46.97468,G,9/20/2024,6/13/2002,,99af52482583fdef,6/1/2026,,,Mogi Mirim,,
LIC-LIC-01,CLARO S.A.,50409105090,10,48372023,442735227,R JOSÉ PEREIRA,,SP,3522604,10M0G7W,LTE,,,2117.5,1927.5,285,FB,,,760,"27331703519",16.16,26,66.76,3,X,45,40952002519,60,-22.4467,-46.8234,G,7/5/2023,8/16/2000,,99af52482583fd7a,3/31/2028,,,Itapira,,x
LIC-LIC-01,CLARO S.A.,50409105090,10,25152016,1350145,R PEDRO FILIPINI,,SP,3528502,15M0G7W,LTE,,,1842.5,1747.5,20,FB,,,760,"27331703519",16.16,27,66.76,-2,X,40,40952002519,20,-23.328,-46.5849,G,12/17/2025,11/14/2003,,99af524824f5beae,7/27/2031,,,Mairiporã,,
LIC-LIC-01,CLARO S.A.,50409105090,10,34672011,442517297,RUA JOSEFA RAIMUNDO CANDIOTTO,,SP,3526902,10M0G7W,LTE,,,2140,1950,190,FB,,,760,,16.9,22,62,-3,X,31.5,40952002519,20,-22.60388,-47.41591,G,3/21/2025,7/3/2000,,3d49d25804e5c145,6/1/2026,,,Limeira,,
LIC-LIC-01,CLARO S.A.,50409105090,10,34672011,697490173,EST MUNICIPAL LIM 346,ENTRADA ESTRADA MUNICIPAL LIMEIRA  PRÓXIMO AO MOTEL ATLANTICO,SP,3526902,10M0G7W,LTE,,,2140,1950,215,FB,,,760,"27331703519",16.16,26,66.76,0,X,40,40952002519,60,-22.59295,-47.35403,G,6/27/2023,7/5/2012,,3d49d25804e5c0b1,3/31/2028,,,Limeira,,
LIC-LIC-01,CLARO S.A.,50409105090,10,48372023,399686649,R EQUADOR,,SP,3545803,10M0G7W,LTE,,,2117.5,1927.5,240,FB,,,760,"27331703519",16.16,26,66.76,0,X,35,40952002519,60,-22.76331,-47.40934,G,6/19/2023,2/13/2004,,6681d2681aa27c02,3/31/2028,,,Santa Bárbara d'Oeste,,x
LIC-LIC-01,CLARO S.A.,50409105090,10,48372023,1304674,R ARGENTINA,AO LADO DO 212,SP,3509007,10M0G7W,LTE,,,2130,1940,210,FB,,,760,"27331703519",16.16,26,66.76,1,X,60,40952002519,60,-23.3635,-46.7466,G,6/20/2023,5/7/2001,,7ce1d258002d8f58,3/31/2028,,,Caieiras,,
LIC-LIC-01,CLARO S.A.,50409105090,10,25152016,696729156,EST ALFREDO PINTO NELO CORSI,ESQUINA RUA PAU BRASIL,SP,3528403,15M0G7W,LTE,,,1842.5,1747.5,260,FB,,,760,"27331703519",16.16,27,66.76,2,X,41,40952002519,60,-23.44379,-47.24522,G,6/15/2023,4/4/2012,,b779d26804f6fab2,8/6/2027,,,Mairinque,,
LIC-LIC-01,TELEFONICA BRASIL S.A.,50409146447,10,59072012,399604880,RUA IZALTINA AYRES FERREIRA,ÁREA RURAL PRÓXIMO ATERRO MUNICIPAL,SP,3507605,20M0G7W,LTE,,,2680,2560,360,FB,Greenfield,sim,760,"56001603518",14.8,25,56,2,X,34,45621602519,40,-22.941603,-46.553875,G,9/20/2023,1/1/1999,,6079f5cfc8f07,10/18/2027,,,Bragança Paulista,,
LIC-LIC-01,Telefonica Brasil S.a.,50409146447,10,97432014,1005986239,RUA NANCI DA SILVA CABRAL  507,,SP,3518800,10M0G7W,LTE,,,788,733,230,FB,Greenfield,não,760,"56001603518",13.5,25,63,18,X,27,57731705894,40,-23.426834,-46.548381,G,10/31/2024,3/16/2018,,6079f5a368be8,12/8/2029,,,Guarulhos,,
LIC-LIC-01,Telefonica Brasil S.a.,50409146447,10,97432014,379970767,RUA DURVALINO TREVISAN  68,,SP,3518800,10M0G7W,LTE,,,788,733,240,FB,Greenfield,sim,760,"44181403519",14.2,32,58,12,X,36,57731705894,40,-23.428164,-46.559953,G,10/15/2024,12/10/1999,,6079f59447b76,12/8/2029,,,Guarulhos,,
LIC-LIC-01,TELEFONICA BRASIL S.A.,50409146447,10,48422023,441994903,RODOVIA WALDOMIRO CORREA DE CAMARGO,KM 60 5 SP 79,SP,3523909,5M00G7W,LTE,,,1867.5,1772.5,210,FB,Greenfield,sim,760,"56001603518",16.7,30,64,2,X,54,12111805894,40,-23.373083,-47.324892,G,1/2/2024,12/15/1999,,6079f592cebb4,12/22/2032,,,Itu,,x
LIC-LIC-01,TELEFONICA BRASIL S.A.,50409146447,10,97432014,1011743857,Avenida da Uva  250 - Poste,,SP,3525904,10M0G7W,LTE,,,788,733,150,FB,Greenfield,não,760,"1.29E+11",13.9,33,74,7,X,40,57731705894,40,-23.1438,-46.94101,G,11/29/2023,2/22/2021,,6079f584b20c9,12/8/2029,,,Jundiaí,,x
LIC-LIC-01,CLARO S.A.,50409105090,10,48372023,399687483,R JOAO VICENTE DA SILVA,,SP,3526902,15M0G7W,LTE,,,2117.5,1927.5,220,FB,Greenfield,,760,,16.9,22,62,-6,X,31,40952002519,20,-22.56226,-47.39095,G,2/18/2025,2/13/2004,,60525a53d5f90,4/30/2038,,,Limeira,,
LIC-LIC-01,CLARO S.A.,50409105090,10,34672011,399686614,RUA PRESIDENTE GETÚLIO VARGAS,,SP,3545803,10M0G7W,LTE,,,2140,1950,240,FB,Greenfield,,760,,16.9,22,62,-2,X,32,40952002519,20,-22.75719,-47.422,G,9/18/2025,1/15/2004,,60525a23585f2,6/1/2026,,,Santa Bárbara d'Oeste,,x
LIC-LIC-01,CLARO S.A.,50409105090,10,34672011,690818343,RUA SEIS,,SP,3543907,10M0G7W,LTE,,,2140,1950,250,FB,Greenfield,,760,"27331703519",16.16,26,66.76,0,X,52,40952002519,20,-22.38467,-47.57477,G,5/27/2025,10/20/2008,,60525a2202aec,6/1/2026,,,Rio Claro,,
LIC-LIC-01,CLARO S.A.,50409105090,10,34672011,698035593,AV BRASIL,,SP,3533403,10M0G7W,LTE,,,2140,1950,230,FB,Greenfield,sim,760,"27331703519",16.16,26,66.76,0,X,40.6,40952002519,20,-22.78054,-47.3093,G,9/19/2025,10/26/2012,,60525a1adf65a,6/1/2026,,,Nova Odessa,,x
LIC-LIC-01,CLARO S.A.,50409105090,10,48372023,399687505,AV NOVE DE JULHO,,SP,3526902,15M0G7W,LTE,,,2117.5,1927.5,230,FB,Greenfield,,760,"27331703519",16.16,26,66.76,1,X,39,40952002519,20,-22.56571,-47.41509,G,6/5/2025,1/15/2004,,60525a0a0776b,4/30/2038,,,Limeira,,
LIC-LIC-01,CLARO S.A.,50409105090,10,46662011,1000044251,ROD DEPUTADO DE ARCHIMEDES LAMMOGLIA,SÍTIO IRACEMA,SP,3523909,10M0G7W,LTE,,,1825,1730,230,FB,Greenfield,,760,"27331703519",16.16,27,66.76,4,X,70,40952002519,60,-23.40374,-47.33489,G,6/14/2023,10/8/2008,,604badcae32e9,8/6/2027,,,Itu,,x
LIC-LIC-01,CLARO S.A.,50409105090,10,34672011,684874334,R SILVIO ROMERO,LOTE 26 QUADRA 08,SP,3516309,10M0G7W,LTE,,,2140,1950,240,FB,Greenfield,,760,"27331703519",16.16,26,66.76,3,X,58.5,40952002519,60,-23.2749,-46.7328,G,8/28/2023,12/15/2004,,604badc8421ea,3/31/2028,,,Francisco Morato,,
LIC-LIC-01,CLARO S.A.,50409105090,10,34672011,399687432,R ANTONIO FRANCISCO,,SP,3526902,10M0G7W,LTE,,,2140,1950,240,FB,Greenfield,,760,,16.9,22,62,-1,X,31,40952002519,20,-22.55676,-47.40239,G,2/21/2025,5/14/2003,,604badbe97f7b,6/1/2026,,,Limeira,,
LIC-LIC-01,CLARO S.A.,50409105090,10,34672011,689297955,R MARIA BELLINI FACHINI,,SP,3503307,10M0G7W,LTE,,,2140,1950,300,FB,Greenfield,,760,"27331703519",16.16,26,66.76,1,X,59.9,40952002519,20,-22.36551,-47.3669,G,7/14/2025,6/28/2007,,604badbc8eb4f,6/1/2026,,,Araras,,
LIC-LIC-01,CLARO S.A.,50409105090,10,34672011,1000038715,AV SAO JERONIMO,VICUNHA TEXTIL,SP,3501608,10M0G7W,LTE,,,2140,1950,160,FB,Greenfield,,760,"27331703519",16.16,26,66.76,0,X,42,40952002519,60,-22.70076,-47.35572,G,6/27/2023,5/26/2008,,604bad8b8612f,4/30/2038,,,Americana,,x
LIC-LIC-01,CLARO S.A.,50409105090,10,48372023,688072488,RODOVIA ANHANGUERA - KM 123,,SP,3501608,15M0G7W,LTE,,,2117.5,1927.5,150,FB,Greenfield,,760,"27331703519",16.16,26,66.76,0,X,61,40952002519,20,-22.7382,-47.27656,G,5/2/2025,5/3/2006,,604bad8aac8ad,4/30/2038,,,Americana,,x
LIC-LIC-01,TELEFONICA BRASIL S.A.,50409146447,10,59072012,1011755073,AVENIDA ANGELO REDONDO,CHACARA BOA VISTA,SP,3554706,20M0G7W,LTE,,,2680,2560,300,FB,Greenfield,não,760,"56001603518",17.7,28,58,2,X,49,58221803257,40,-22.439873,-48.16751,G,1/9/2024,2/19/2021,,6047d1460d2b6,10/18/2027,,,Torrinha,,
LIC-LIC-01,CLARO S.A.,50409105090,10,97692014,399687572,R NUNES MACHADO,,SP,3503307,10M0G7W,LTE,,,798,743,260,FB,Greenfield,,760,,13.4,21,68,2,X,45.7,57731705894,80,-22.35848,-47.38466,G,7/14/2025,2/13/2004,,603fd0601d939,12/8/2029,,,Araras,,
LIC-LIC-01,CLARO S.A.,50409105090,10,48372023,693060697,AVENIDA PROFESSORA FANNY OLIVIERI,,SP,3501608,15M0G7W,LTE,,,2117.5,1927.5,250,FB,Greenfield,,760,,16.9,22,62,5,X,20,40952002519,20,-22.78,-47.35096,G,8/19/2025,12/15/2010,,603fd04773d95,4/30/2038,,,Americana,,x
LIC-LIC-01,CLARO S.A.,50409105090,10,48372023,692599754,AV BARAO DE ITAPURA,EDIFÍCIO BARÃO DE ITAPURA (UNIMED),SP,3509502,10M0G7W,LTE,,,2117.5,1927.5,250,FB,Rooftop,,760,,17.2,25,65,0,X,43,8041101882,61.52,-22.8947,-47.06569,G,6/23/2023,7/27/2010,,603fd0206a4e0,3/31/2028,,,Campinas,,x
LIC-LIC-01,CLARO S.A.,50409105090,10,97692014,698865537,ROD JOAO BEIRA,,SP,3501905,10M0G7W,LTE,,,798,743,230,FB,Greenfield,,760,"27331703519",14.1,25,66.56,3,X,30,57731705894,80,-22.72259,-46.78819,G,7/5/2023,5/8/2013,,603fd01771fcd,3/31/2028,,,Amparo,,x
LIC-LIC-01,CLARO S.A.,50409105090,10,34672011,683920464,AV SUPLAST,,SP,3543907,10M0G7W,LTE,,,2140,1950,180,FB,Greenfield,,760,"27331703519",16.16,26,66.76,0,X,60,40952002519,20,-22.36321,-47.55728,G,5/28/2025,1/15/2004,,6038fc7e26ce3,6/1/2026,,,Rio Claro,,
LIC-LIC-01,CLARO S.A.,50409105090,10,29332016,692246940,RUA IPIRANGA,ED VERSAILLES,SP,3501608,10M0G7W,LTE,,,2625,2505,305,FB,Rooftop,,760,,17.6,21,51,2,X,48.1,56351705894,40,-22.73938,-47.334,G,4/14/2025,3/29/2010,,6038fc7a5b708,8/29/2031,,,Americana,,x
LIC-LIC-01,CLARO S.A.,50409105090,10,48372023,399687122,R MORAES BARROS,LOTE 09  QUADRA B1,SP,3538709,15M0G7W,LTE,,,2117.5,1927.5,280,FB,Rooftop,,760,,16.9,22,62,-5,X,67,40952002519,20,-22.72425,-47.65082,G,2/29/2024,5/14/2003,,6038fc6dde6a3,4/30/2038,,,Piracicaba,,x
LIC-LIC-01,CLARO S.A.,50409105090,10,34672011,1001296530,R BEM-TE-VI,ESQUINA COM RUA DAS ARARAS,SP,3516309,10M0G7W,LTE,,,2140,1950,275,FB,Greenfield,,760,"27331703519",16.16,26,66.76,2,X,50,40952002519,60,-23.28025,-46.7115,G,8/29/2023,3/20/2015,,6038fc55af86a,12/8/2029,,,Francisco Morato,,
LIC-LIC-01,CLARO S.A.,50409105090,10,48372023,692477047,R SALVADOR ORLANDO,,SP,3501608,15M0G7W,LTE,,,2117.5,1927.5,250,FB,Greenfield,não,760,"27331703519",16.16,26,66.76,-2,X,41,40952002519,20,-22.72686,-47.35961,G,12/11/2025,7/12/2010,,6038fc2a027da,4/30/2038,,,Americana,,x
LIC-LIC-01,CLARO S.A.,50409105090,10,34672011,688203469,R MIGUEL BECHIS FILHO,,SP,3533403,10M0G7W,LTE,,,2140,1950,220,FB,Greenfield,,760,"27331703519",16.16,26,66.76,0,X,51,40952002519,20,-22.77727,-47.28948,G,9/4/2025,5/3/2006,,6038fbfa61e8f,6/1/2026,,,Nova Odessa,,x
LIC-LIC-01,CLARO S.A.,50409105090,10,34672011,399685979,R BRASILIA,,SP,3501608,5M00G7W,LTE,,,2140,1950,230,FB,Greenfield,,760,,16.9,22,62,-1,X,30,40952002519,20,-22.73846,-47.31603,G,6/20/2023,2/13/2004,,6038fbe2d1e16,3/31/2028,,,Americana,,x
LIC-LIC-01,CLARO S.A.,50409105090,10,97692014,399687530,R BRASILIO MENGATO LANA,,SP,3526902,10M0G7W,LTE,,,798,743,230,FB,Greenfield,,760,"27331703519",14.1,25,66.56,0,X,59,57731705894,80,-22.58687,-47.3734,G,2/21/2025,5/14/2003,,6038fbe10da54,12/8/2029,,,Limeira,,
LIC-LIC-01,CLARO S.A.,50409105090,10,34672011,695461923,AV DOUTOR ARLINDO JOAQUIM DE LEMOS,,SP,3509502,10M0G7W,LTE,,,2140,1950,250,FB,Rooftop,,760,,17.2,25,65,0,X,36,27191702519,60,-22.91873,-47.04135,G,6/23/2023,7/6/2011,,6038fbe088e75,3/31/2028,,,Campinas,,x
LIC-LIC-01,CLARO S.A.,50409105090,10,34672011,430918348,R JOAO MUSTAFA,,SP,3552205,10M0G7W,LTE,,,2140,1950,290,FB,Greenfield,,760,"27331703519",16.16,26,66.76,-2,X,38.5,40952002519,20,-23.42147,-47.41499,G,6/4/2024,9/28/1999,,6038fba013cf8,6/1/2026,,,Sorocaba,,
LIC-LIC-01,CLARO S.A.,50409105090,10,34672011,442735146,R CAMPOS SALLES,,SP,3522604,10M0G7W,LTE,,,2140,1950,0,FB,Greenfield,,760,"27331703519",16.16,26,66.76,-1,X,41,56351705894,20,-22.43788,-46.82141,G,9/20/2024,8/16/2000,,6038fb9b60d18,6/1/2026,,,Itapira,,x
LIC-LIC-01,CLARO S.A.,50409105090,10,34672011,442517440,R DAS AZALEIAS,,SP,3512209,10M0G7W,LTE,,,2140,1950,230,FB,Greenfield,,760,"27331703519",16.16,26,66.76,5,X,40,40952002519,60,-22.33744,-47.17251,G,6/23/2023,8/16/2000,,6038fb9b5c19a,3/31/2028,,,Conchal,,
LIC-LIC-01,CLARO S.A.,50409105090,10,34672011,1000063558,RUA PAULO FACHARDO JUNQUEIRA,,SP,3526902,10M0G7W,LTE,,,2140,1950,220,FB,Greenfield,sim,760,"27331703519",16.16,26,66.76,0,X,50,10891905894,80,-22.5922,-47.41154,G,5/2/2025,8/16/2013,,602167dcb8b67,6/1/2026,,,Limeira,,
LIC-LIC-01,CLARO S.A.,50409105090,10,29332016,399686630,RUA PERNAMBUCO,,SP,3545803,10M0G7W,LTE,,,2625,2505,260,FB,Greenfield,,760,,17.6,25,60,1,X,32,43341501882,40,-22.74734,-47.41677,G,8/5/2025,1/15/2004,,6021675f5d1d8,8/29/2031,,,Santa Bárbara d'Oeste,,x
LIC-LIC-01,CLARO S.A.,50409105090,10,29332016,1001293042,ROD JOSE SANTA ROSA,,SP,3526902,10M0G7W,LTE,,,2625,2505,280,FB,Greenfield,sim,760,"27331703519",17.05,28,65.49,1,X,20,56351705894,40,-22.5508,-47.3569,G,6/27/2023,3/20/2015,,6021675e706dd,3/31/2028,,,Limeira,,
LIC-LIC-01,CLARO S.A.,50409105090,10,34672011,683916769,R LAERTE FRANZIN,,SP,3503307,10M0G7W,LTE,,,2140,1950,250,FB,Greenfield,,760,"9371303519",17.08,30,72.66,1,X,45,27191702519,60,-22.33628,-47.37815,G,8/22/2023,1/15/2004,,6021673e20323,3/31/2028,,,Araras,,
LIC-LIC-01,CLARO S.A.,50409105090,10,48372023,692883452,AV FUAD ASSEF MALUF,,SP,3552403,15M0G7W,LTE,,,2117.5,1927.5,200,FB,Greenfield,,760,"27331703519",16.16,26,66.76,-1,X,40,40952002519,20,-22.80704,-47.26074,G,2/21/2025,10/27/2010,,60216737c4313,4/30/2038,,,Sumaré,,x
LIC-LIC-01,CLARO S.A.,50409105090,10,34672011,399687360,RUA TRES,FUNDOS,SP,3543907,10M0G7W,LTE,,,2140,1950,250,FB,Greenfield,,760,"27331703519",16.16,26,66.76,0,X,33,40952002519,20,-22.4063,-47.56169,G,3/21/2025,5/20/2021,,6021671e9b1ae,6/1/2026,,,Rio Claro,,
LIC-LIC-01,CLARO S.A.,50409105090,10,59592012,1003352089,AV COMENDADOR LUCIANO GUIDOTTI,,SP,3538709,20M0G7W,LTE,,,2640,2520,35,FB,Greenfield,sim,760,"27331703519",17.05,28,65.49,-1,X,51,56351705894,40,-22.75596,-47.63813,G,1/23/2025,10/25/2016,,602166d869a8c,10/18/2027,,,Piracicaba,,x
LIC-LIC-01,CLARO S.A.,50409105090,10,59592012,695434764,R EUGENIO LOSSO,,SP,3538709,20M0G7W,LTE,,,2640,2520,260,FB,Greenfield,sim,760,"27331703519",17.05,28,65.49,-1,X,34,56351705894,40,-22.72567,-47.60077,G,11/27/2025,5/3/2011,,"602166d788552",10/18/2027,,,Piracicaba,,x
LIC-LIC-01,CLARO S.A.,50409105090,10,59592012,698127013,R DE LYS,,SP,3526902,20M0G7W,LTE,,,2640,2520,250,FB,Greenfield,sim,760,,17.6,25,60,0,X,23,45621602519,40,-22.55444,-47.42375,G,6/5/2025,11/16/2012,,602166d6e9fcb,10/18/2027,,,Limeira,,
LIC-LIC-01,CLARO S.A.,50409105090,10,34672011,690632142,R ARIZONA,,SP,3501608,10M0G7W,LTE,,,2140,1950,270,FB,Greenfield,,760,"9371303519",17.08,30,72.66,0,X,47,27191702519,60,-22.73744,-47.34527,G,6/27/2023,9/29/2008,,602166c753cae,4/30/2038,,,Americana,,x
LIC-LIC-01,CLARO S.A.,50409105090,10,59592012,698430573,AV LUIZ CARLOS TUNES,,SP,3503307,20M0G7W,LTE,,,2640,2520,270,FB,Greenfield,,760,"27331703519",17.05,28,65.49,0,X,40.5,45621602519,40,-22.37952,-47.35546,G,6/27/2023,3/1/2013,,6021666a23897,4/30/2038,,,Araras,,
LIC-LIC-01,CLARO S.A.,50409105090,10,25152016,1011564740,AV DOUTOR ANTONIO JOAO ABDALLA,REDECARD,SP,3509205,15M0G7W,LTE,,,1842.5,1747.5,0,FB,Indoor,não,168,000000INDOOR,4,0,360,0,V,3,6091702519,79.43,-23.33898,-46.85187,G,6/20/2023,1/7/2021,,600598fc3afd0,3/31/2028,,,Cajamar,,
LIC-LIC-01,CLARO S.A.,50409105090,10,46622011,399686860,R LUIZ MOZELA,,SP,3538709,10M0G7W,LTE,,,1875,1780,320,FB,Greenfield,,760,"27331703519",16.16,27,66.76,-1,X,35,18151001882,79.43,-22.71803,-47.6631,G,12/23/2024,5/14/2003,,5ff4781f60aac,3/31/2028,,,Piracicaba,,x
LIC-LIC-01,TELEFONICA BRASIL S.A.,50409146447,10,97432014,1005067519,Rodovia Antônio Romano Schincariol,,SP,3554003,10M0G7W,LTE,,,788,733,250,FB,Greenfield,sim,760,"56001603518",14.2,25,70,8,X,41,48811903257,40,-23.361022,-47.894312,G,11/24/2023,5/29/2019,,5fea5e4aa2349,12/8/2029,,,Tatuí,,
LIC-LIC-01,TELEFONICA BRASIL S.A.,50409146447,10,97432014,692802533,Rodovia Senador Laurindo Dias Minhoto  Km 21 5 SP 141 - Loteamento Amaro Padilha,,SP,3554003,10M0G7W,LTE,,,788,733,180,FB,Greenfield,sim,760,"56001603518",13.5,25,63,6,X,51,48811903257,40,-23.37389,-47.79639,G,10/5/2023,9/29/2010,,5fea5e4914d5b,12/8/2029,,,Tatuí,,
LIC-LIC-01,Telefonica Brasil S.a.,50409146447,10,97432014,1002045140,ESTRADA MUNICIPAL DOS AVEIROS,,SP,3509502,10M0G7W,LTE,,,788,733,180,FB,Greenfield,não,760,"56001603518",14.6,25,68,2,X,44,48811903257,40,-22.917789,-47.0118,G,11/13/2024,11/9/2015,,5fea5e46df66b,12/8/2029,,,Campinas,,x
LIC-LIC-01,TELEFONICA BRASIL S.A.,50409146447,10,97432014,1007150219,Rua Jornalista Tim Lopes,,SP,3509502,10M0G7W,LTE,,,788,,240,FB,Greenfield,sim,760,"44181403519",14.2,32,58,11,X,44,48811903257,40,-22.82905,-47.017489,G,11/24/2023,8/22/2018,,5fe9ee44c7457,12/8/2029,,,Campinas,,x
LIC-LIC-01,TELEFONICA BRASIL S.A.,50409146447,10,59072012,1003890072,Estrada Municipal Vinhedo Capela,,SP,3556701,20M0G7W,LTE,,,2680,,320,FB,Greenfield,sim,760,"38961403518",16.7,25,60,2,X,50,58221803257,40,-23.0378,-46.9989,G,10/28/2021,3/24/2017,,5fe9ee426f4fb,10/18/2027,,,Vinhedo,,x
LIC-LIC-01,TELEFONICA BRASIL S.A.,50409146447,10,59072012,1005313064,Avenida das Hortênicas,Lote  8 Quadra  64,SP,3550407,20M0G7W,LTE,,,2680,2560,275,FB,Greenfield,sim,760,"38701403518",17.5,28,66.03,8,X,50,58221803257,40,-22.5824,-47.94254,G,11/24/2023,11/22/2017,,5fe9ee3fcf45f,10/18/2027,,,São Pedro,,x
LIC-LIC-01,TELEFONICA BRASIL S.A.,50409146447,10,97432014,399676171,AVENIDA FRANCISCO SOARES LOBO,,SP,3541653,10M0G7W,LTE,,,788,733,350,FB,Greenfield,sim,760,"24731703257",15.5,25,63.3,2,X,48,48811903257,40,-23.299167,-48.051944,G,12/14/2023,12/10/1999,,5fe9ee3e18527,12/8/2029,,,Quadra,,
LIC-LIC-01,TELEFONICA BRASIL S.A.,50409146447,10,97432014,699851670,Rodovia Doutor João José Rodrigues,Km 5 SP 113 (Sítio Belo Horizonte),SP,3554508,10M0G7W,LTE,,,788,733,240,FB,Greenfield,sim,760,"5152003257",14,21,66,7,X,63,48811903257,40,-23.106939,-47.685317,G,10/3/2023,7/29/2016,,5fe9ee3cecb3b,12/8/2029,,,Tietê,,
LIC-LIC-01,TELEFONICA BRASIL S.A.,50409146447,10,59072012,1005313048,Rodovia Geraldo Pereira de Barros,Km 197 4 SP 304 (Sítio Samambaia E Tuncum),SP,3550407,20M0G7W,LTE,,,2680,2560,250,FB,Greenfield,sim,760,"24731703257",16.7,25,60,4,X,23,58221803257,40,-22.569367,-47.900494,G,11/24/2023,11/22/2017,,5fe9ee3ae195b,10/18/2027,,,São Pedro,,x
LIC-LIC-01,Telefonica Brasil S.a.,50409146447,10,97432014,534855431,Rodovia Fausto Santomauro,KM16 SP 127 (Sitio Santana),SP,3538709,10M0G7W,LTE,,,788,733,90,FB,Greenfield,sim,760,"56001603518",13.5,25,63,8,X,60,48811903257,40,-22.57528,-47.58667,G,4/2/2025,9/27/2000,,5fe9ee375f2a5,12/8/2029,,,Piracicaba,,x
LIC-LIC-01,TELEFONICA BRASIL S.A.,50409146447,10,59072012,683955969,ESTRADA 020,FAZENDA SANTO ANTÔNIO DO VALONGO,SP,3526902,20M0G7W,LTE,,,2680,2560,170,FB,Greenfield,sim,760,"56001603518",17.5,30,57,2,X,57,58221803257,40,-22.665247,-47.449847,G,2/13/2024,11/7/2003,,5fe9ee33eea4e,10/18/2027,,,Limeira,,
LIC-LIC-01,TELEFONICA BRASIL S.A.,50409146447,10,97432014,2116472,RUA DOUTOR MORAES DE BARROS,AO LADO DO CEMITÉRIO MUNICIPAL,SP,3544004,10M0G7W,LTE,,,788,733,270,FB,Greenfield,sim,760,"5152003257",12.78,25,78.06,2,X,39,48811903257,59.98,-22.843611,-47.603333,G,12/12/2023,9/21/1999,,5fe9ee3036c9a,12/8/2029,,,Rio das Pedras,,x
LIC-LIC-01,TELEFONICA BRASIL S.A.,50409146447,10,59072012,691623074,AVENIDA ALEXANDRE CAZELLATO,,SP,3536505,20M0G7W,LTE,,,2680,2560,320,FB,Greenfield,sim,760,"56001603518",17.5,30,57,3,X,50,58221803257,40,-22.777853,-47.100714,G,1/5/2024,7/30/2009,,5fe9ee2d3f1b9,10/18/2027,,,Paulínia,,x
LIC-LIC-01,TELEFONICA BRASIL S.A.,50409146447,10,59072012,535744188,RUA CARDOSO PIMENTEL,,SP,3540606,20M0G7W,LTE,,,2680,2560,320,FB,Greenfield,sim,760,"56001603518",17.5,30,57,0,X,56,58221803257,40,-23.201482,-47.518756,G,1/5/2024,11/10/2000,,5fe9ee2d2c1d7,10/18/2027,,,Porto Feliz,,x
LIC-LIC-01,TELEFONICA BRASIL S.A.,50409146447,10,97432014,689073577,RUA VEREADORA ALICE MARCELO,,SP,3537503,10M0G7W,LTE,,,788,733,250,FB,Greenfield,sim,760,"12720905344",14.5,25,68,8,X,37,48811903257,40,-23.074925,-47.968583,G,1/5/2024,3/19/2007,,5fe9ee29a0f54,12/8/2029,,,Pereiras,,
LIC-LIC-01,TELEFONICA BRASIL S.A.,50409146447,10,48422023,688302459,RUA CATARINA BALARINE PALADINO,,SP,3512308,5M00G7W,LTE,,,1867.5,1772.5,240,FB,Greenfield,sim,760,"24731703257",14.9,25,63,2,X,38,83071803257,40,-23.022392,-48.011194,G,1/5/2024,4/7/2006,,5fe9ee2972d6b,12/22/2032,,,Conchas,,
LIC-LIC-01,TELEFONICA BRASIL S.A.,50409146447,10,59072012,441986986,RUA GERALDO ANNIBAL,,SP,3509502,20M0G7W,LTE,,,2680,2560,260,FB,Greenfield,sim,760,"56001603518",17.9,25,62,2,X,60,58221803257,40,-22.754444,-47.019722,G,8/12/2024,12/15/1999,,5fe9ee27ca665,10/18/2027,,,Campinas,,x
LIC-LIC-01,TELEFONICA BRASIL S.A.,50409146447,10,97432014,691931712,Rua Vinte E Seis,Lote 1 Quadra Ba X Rua Nove,SP,3536505,10M0G7W,LTE,,,788,733,290,FB,Greenfield,sim,760,"56001603518",13.5,25,63,10,X,27,48811903257,40,-22.762447,-47.190956,G,9/20/2023,11/26/2009,,5fe9ee2738760,12/8/2029,,,Paulínia,,x
LIC-LIC-01,Telefonica Brasil S.a.,50409146447,10,59072012,535648936,RUA ARLINDO EMPKE,,SP,3531803,20M0G7W,LTE,,,2680,2560,340,FB,Greenfield,sim,760,"56001603518",17.5,30,57,2,X,40,58221803257,40,-22.955603,-47.305487,G,11/13/2024,9/15/2000,,5fe9ee232d0ce,10/18/2027,,,Monte Mor,,x
LIC-LIC-01,TELEFONICA BRASIL S.A.,50409146447,10,97432014,683957538,Morro Azul - Fazenda Caieiras - Morro Azul,,SP,3526902,10M0G7W,LTE,,,788,733,250,FB,Greenfield,sim,760,"44181403519",14.2,32,58,12,X,21,48811903257,40,-22.53528,-47.46889,G,10/5/2023,11/7/2003,,5fe9ee225d5d4,12/8/2029,,,Limeira,,
LIC-LIC-01,TELEFONICA BRASIL S.A.,50409146447,10,97432014,1005056339,Avenida Aloíso Batista da Silva,LOTE 18 QUADRA BE,SP,3538709,10M0G7W,LTE,,,788,,270,FB,Greenfield,não,760,"56001603518",13.5,25,63,10,X,40,48811903257,40,-22.671722,-47.655419,G,11/24/2023,10/20/2017,,5fe9ee1f8390f,12/8/2029,,,Piracicaba,,x
LIC-LIC-01,TELEFONICA BRASIL S.A.,50409146447,10,97432014,699363012,PROLONGAMENTO DA RUA VALENTIM BATISTELLA ESTRADA DO CANGAÇO,FAZENDA DO VITÓRIO ESPANHOL,SP,3526902,10M0G7W,LTE,,,788,733,280,FB,Greenfield,sim,760,"56001603518",13.5,25,63,1,X,57,48811903257,40,-22.645806,-47.368903,G,1/31/2024,2/12/2014,,5fe9ee1e560c4,12/8/2029,,,Limeira,,
LIC-LIC-01,TELEFONICA BRASIL S.A.,50409146447,10,97432014,535745087,RODOVIA MARECHAL RONDON,KM 178 5 SP 300,SP,3526407,10M0G7W,LTE,,,788,733,330,FB,Greenfield,sim,760,"5152003257",14,21,66,5,X,48,48811903257,40,-23.038489,-47.860675,G,1/3/2024,11/10/2000,,5fe9ee1dbb237,12/8/2029,,,Laranjal Paulista,,
LIC-LIC-01,Telefonica Brasil S.a.,50409146447,10,97432014,1002045182,AVENIDA PRESIDENTE JUSCELINO,,SP,3509502,10M0G7W,LTE,,,788,733,240,FB,Greenfield,sim,760,"56001603518",13.5,25,63,2,X,36,48811903257,40,-22.930789,-47.106725,G,11/13/2024,11/9/2015,,5fe9ee1c11455,12/8/2029,,,Campinas,,x
LIC-LIC-01,TELEFONICA BRASIL S.A.,50409146447,10,97432014,442159412,RODOVIA GOVERNADOR DOUTOR ADHEMAR PEREIRA DE BARROS,KM 137 5 SP 340,SP,3524709,10M0G7W,LTE,,,788,733,270,FB,Greenfield,sim,760,"56001603518",14.5,24,62,2,X,52,48811903257,40,-22.648117,-47.004572,G,1/2/2024,12/15/1999,,5fe9ee189955c,12/8/2029,,,Jaguariúna,,x
LIC-LIC-01,TELEFONICA BRASIL S.A.,50409146447,10,48422023,2080915,Rua Arnaldo César de Andrade,,SP,3521002,5M00G7W,LTE,,,1862.5,1767.5,220,FB,Greenfield,sim,760,"56001603518",17,26,65,2,X,50,83071803257,40,-23.3472,-47.688467,G,9/10/2023,12/10/1999,,5fe9ee163253f,12/22/2032,,,Iperó,,
LIC-LIC-01,TELEFONICA BRASIL S.A.,50409146447,10,48422023,403006465,RUA TRÊS,,SP,3521101,5M00G7W,LTE,,,1867.5,1772.5,320,FB,Greenfield,sim,760,"5152003257",17.2,26,69,2,X,36,83071803257,40,-22.437408,-47.721044,G,12/11/2023,12/10/1999,,5fe9ee14e063f,12/22/2032,,,Ipeúna,,
LIC-LIC-01,TELEFONICA BRASIL S.A.,50409146447,10,48422023,683981188,RODOVIA COMANDANTE VIRGULINO DE OLIVEIRA,KM 175 SP 352 FAZENDA SANTA FRANCISCA,SP,3522604,5M00G7W,LTE,,,1862.5,1767.5,230,FB,Greenfield,sim,760,"24731703257",14.9,25,63,2,X,35,58231803257,40,-22.385831,-46.7505,G,1/2/2024,11/28/2003,,5fe9ee13b75d0,12/22/2032,,,Itapira,,x
LIC-LIC-01,TELEFONICA BRASIL S.A.,50409146447,10,97432014,1005063742,Estrada Municipal Norma Marson Biondo,Smr 040 (Sítio Santa Lucia),SP,3552403,10M0G7W,LTE,,,788,733,250,FB,Rooftop,,760,"5152003257",14,21,66,7,X,40,48811903257,40,-22.895739,-47.298862,G,11/24/2023,10/20/2017,,5fe9ee12e302e,12/8/2029,,,Sumaré,,x
LIC-LIC-01,TELEFONICA BRASIL S.A.,50409146447,10,97432014,1002026226,Rua Virgilino de Oliveira Santos,Lote 26 Quadra J,SP,3540606,10M0G7W,LTE,,,788,733,360,FB,Greenfield,sim,760,"4521703257",14.2,24,63,5,X,66,48811903257,40,-23.193417,-47.525278,G,11/22/2023,11/9/2015,,5fe9ee12b4dd4,12/8/2029,,,Porto Feliz,,x
LIC-LIC-01,TELEFONICA BRASIL S.A.,50409146447,10,48422023,699353912,ESTRADA VICINAL OTÁVIO PILON,KM 4 2,SP,3511607,5M00G7W,LTE,,,1862.5,1767.5,290,FB,Greenfield,sim,760,"24731703257",15.5,25,45,2,X,47,83071803257,40,-23.212986,-47.91125,G,2/6/2024,2/12/2014,,5fe9ee10e4f95,12/22/2032,,,Cesário Lange,,
LIC-LIC-01,TELEFONICA BRASIL S.A.,50409146447,10,48422023,1002020414,Estrada Vicinal Francisco Bellucci,SÍTIO SANTA TEREZA,SP,3511508,5M00G7W,LTE,,,1862.5,1767.5,190,FB,Greenfield,sim,760,"24731703257",15.5,25,45,2,X,60,83071803257,40,-23.182539,-47.749203,G,11/22/2023,11/9/2015,,5fe9ee10dc586,12/22/2032,,,Cerquilho,,
LIC-LIC-01,TELEFONICA BRASIL S.A.,50409146447,10,48422023,689073429,RODOVIA ANTÔNIO ROMANO SCHINCARIOL,KM 124 SP 127,SP,3554003,5M00G7W,LTE,,,1862.5,1767.5,310,FB,Greenfield,sim,760,"56001603518",16.7,30,64,0,X,54,83071803257,40,-23.398358,-47.926469,G,12/28/2023,3/19/2007,,5fe9ee0f8dc1b,12/22/2032,,,Tatuí,,
LIC-LIC-01,TELEFONICA BRASIL S.A.,50409146447,10,97432014,1000582121,Rua Antônio da Silva Braga Sobrinho  100 - São Sebastião da Serra,,SP,3507902,10M0G7W,LTE,,,788,733,240,FB,Greenfield,sim,760,"56001603518",14.5,24,62,5,X,49,48811903257,40,-22.44368,-48.00984,G,11/17/2023,7/29/2016,,5fe9ee0e5ef5d,12/8/2029,,,Brotas,,
LIC-LIC-01,TELEFONICA BRASIL S.A.,50409146447,10,97432014,1001329829,Avenida Luiz Pilla,,SP,3530805,10M0G7W,LTE,,,788,,230,FB,Greenfield,sim,760,"5152003257",14,21,66,7,X,60,48811903257,40,-22.518167,-46.955167,G,11/21/2023,11/29/2016,,5fe9ee0dc3a5b,12/8/2029,,,Mogi Mirim,,
LIC-LIC-01,TELEFONICA BRASIL S.A.,50409146447,10,59072012,1003888477,Rua  Mário Stênico,Loteamento São José,SP,3510401,20M0G7W,LTE,,,2680,2560,10,FB,Greenfield,não,760,"29161203518",17.7,25,62.24,3,X,36,58221803257,40,-22.9929,-47.5144,G,11/23/2023,3/24/2017,,5fe9ee0c66134,10/18/2027,,,Capivari,,x
LIC-LIC-01,TELEFONICA BRASIL S.A.,50409146447,10,97432014,505809087,Rodovia Presidente Castello Branco,Km 120 SP 280,SP,3507001,10M0G7W,LTE,,,788,733,270,FB,Greenfield,sim,760,"5152003257",14,21,66,9,X,60,48811903257,40,-23.293583,-47.722894,G,9/21/2023,11/28/2000,,5fe9ee0626579,12/8/2029,,,Boituva,,x
LIC-LIC-01,Telefonica Brasil S.a.,50409146447,10,97432014,534854990,RUA ISAURA DE ANDRADE ALGODOAL,,SP,3500600,10M0G7W,LTE,,,788,733,265,FB,Greenfield,sim,760,"5152003257",12.78,25,78.06,2,X,42,48811903257,59.98,-22.59783,-47.87132,G,4/5/2025,9/15/2000,,5fe9ee01bd89f,12/8/2029,,,Águas de São Pedro,,
LIC-LIC-01,TELEFONICA BRASIL S.A.,50409146447,10,48412023,687374251,AVENIDA JUSCELINO KUBSCHEK,X RUA SETE DE SETEMBRO,SP,3502309,10M0G7W,LTE,,,2160,1970,280,FB,Greenfield,sim,760,"24731703257",13.86,25,68.89,0,X,36,83071803257,80,-22.7882,-48.128408,G,12/18/2023,8/24/2005,,5fe9ee0039617,4/30/2038,,,Anhembi,,
LIC-LIC-01,CLARO S.A.,50409105090,10,48372023,683894170,R PEDRO ARMANDO DONIZETE DE PADUA,PROXIMO AO NÚMERO 282,SP,3518800,10M0G7W,LTE,,,2130,1940,230,FB,Greenfield,,760,"27331703519",16.16,26,66.76,-2,X,29.5,40952002519,20,-23.4328,-46.5588,G,1/19/2024,12/15/2003,,5fc17e4833e46,4/30/2038,,,Guarulhos,,
LIC-LIC-01,CLARO S.A.,50409105090,10,97692014,399686070,RUA FONTE DA SAUDADE,,SP,3501608,10M0G7W,LTE,,,798,743,240,FB,Greenfield,,760,"27331703519",14.1,25,66.56,0,X,40,57731705894,80,-22.75235,-47.34026,G,8/5/2025,2/13/2004,,5fc17e3d78407,12/8/2029,,,Americana,,x
LIC-LIC-01,CLARO S.A.,50409105090,10,34672011,692862609,R SANTA TEREZA,,SP,3501608,10M0G7W,LTE,,,2140,1950,210,FB,Greenfield,,760,"27331703519",16.16,26,66.76,0,X,34,40952002519,20,-22.7284,-47.30378,G,4/18/2024,10/18/2010,,5fc17e3d14cce,6/1/2026,,,Americana,,x
LIC-LIC-01,CLARO S.A.,50409105090,10,34672011,426572645,RUA PIETRO ROCCHI,,SP,3519071,10M0G7W,LTE,,,2140,1950,190,FB,Greenfield,,760,"27331703519",16.16,26,66.76,0,X,48.5,40952002519,20,-22.8632,-47.21418,G,5/2/2025,11/4/1999,,5fc17e3ab5e9e,6/1/2026,,,Hortolândia,,x
LIC-LIC-01,CLARO S.A.,50409105090,10,97692014,659084236,R PAPA JOÃO XX  S/N  SERRINHA,,SP,3540507,10M0G7W,LTE,,,798,,290,FB,Greenfield,,760,"27331703519",14.1,25,66.56,0,X,80,57731705894,80,-23.20428,-48.08475,G,6/28/2022,6/13/2002,,5fc17e3937e43,12/8/2029,,,Porangaba,,
LIC-LIC-01,CLARO S.A.,50409105090,10,59592012,690991606,R DO SERRALHEIRO,,SP,3501608,20M0G7W,LTE,,,2640,2520,250,FB,Greenfield,,760,,17.6,25,60,0,X,40,45621602519,40,-22.75141,-47.31011,G,7/14/2025,12/18/2008,,5fc17e258ca7f,10/18/2027,,,Americana,,x
LIC-LIC-01,CLARO S.A.,50409105090,10,46662011,1006616630,RODOVIA APPARICIO UBINHA,AO LADO 1500,SP,3523404,10M0G7W,LTE,,,1825,,220,FB,Greenfield,não,760,"27331703519",16.16,27,66.76,2,X,67.3,12111805894,20,-22.96744,-46.72675,G,6/23/2022,5/14/2018,,5fc17e0ff2982,8/6/2027,,,Itatiba,,x
LIC-LIC-01,CLARO S.A.,50409105090,10,59592012,691106045,R JOAO D´ADONA,,SP,3526902,20M0G7W,LTE,,,2640,2520,240,FB,Greenfield,,760,"27331703519",17.05,28,65.49,0,X,71,56351705894,40,-22.56999,-47.3837,G,6/5/2025,2/3/2009,,5fc0012b7211c,10/18/2027,,,Limeira,,
LIC-LIC-01,CLARO S.A.,50409105090,10,59592012,399687149,AV DOUTOR PAULO DE MORAES,,SP,3538709,20M0G7W,LTE,,,2640,2520,240,FB,Greenfield,,760,"27331703519",17.05,28,65.49,-2,X,40.5,56351705894,40,-22.73274,-47.66128,G,1/2/2025,6/17/1999,,5fc00125ebebc,10/18/2027,,,Piracicaba,,x
LIC-LIC-01,CLARO S.A.,50409105090,10,59592012,696202379,ROD LUIZ DE QUEIROZ,,SP,3545803,20M0G7W,LTE,,,2640,2520,140,FB,Greenfield,,760,"27331703519",17.05,28,65.49,0,X,30,45621602519,40,-22.76731,-47.42383,G,6/19/2023,10/28/2011,,5fc0012367439,3/31/2028,,,Santa Bárbara d'Oeste,,x
LIC-LIC-01,CLARO S.A.,50409105090,10,48372023,683917501,R PENEDOS,CHÁCARA SÃO JOSÉ,SP,3509502,10M0G7W,LTE,,,2117.5,1927.5,240,FB,Greenfield,,760,"9371303519",17.08,30,72.66,0,X,50,27191702519,60,-22.91691,-47.01328,G,6/23/2023,1/15/2004,,5fbe5d94a3e69,3/31/2028,,,Campinas,,x
LIC-LIC-01,CLARO S.A.,50409105090,10,34672011,688219098,R QUATORZE DE JULHO,OU RUA LINO DE GÓIS - ACESSO PELA QUATORZE DE JULHO AO LADO NO NUMERO 35,SP,3537503,10M0G7W,LTE,,,2140,1950,180,FB,Greenfield,,760,"9371303519",17.08,30,72.66,0,X,57,27191702519,60,-23.07347,-47.97813,G,6/21/2023,5/3/2006,,5fbe5d51a075f,3/31/2028,,,Pereiras,,
LIC-LIC-01,CLARO S.A.,50409105090,10,48372023,687376130,ROD EDGARD MÁXIMO ZAMBOTTO,ACESSO ESTRADA DE TERRA,SP,3525201,10M0G7W,LTE,,,2130,1940,15,FB,Greenfield,,760,"12720905344",16.18,20,65,0,X,70,8041101882,61.52,-23.0731,-46.6887,G,6/14/2023,11/8/2005,,5fbe5d42df4e7,8/6/2027,,,Jarinu,,
LIC-LIC-01,TELEFONICA BRASIL S.A.,50409146447,10,97432014,379976340,AVENIDA CRUZEIRO DO SUL,AO LADO DO 325,SP,3538204,10M0G7W,LTE,,,788,733,240,FB,Greenfield,sim,760,"56001603518",11.14,25,75.69,0,X,52,40651602519,40,-22.782492,-46.592758,G,9/19/2023,12/10/1999,,5fb40e017ab73,12/8/2029,,,Pinhalzinho,,
LIC-LIC-01,TELEFONICA BRASIL S.A.,50409146447,10,97432014,1011277260,Rua Maria Benedita de Oliveira  S/N Lote 45 Quadra Gl-E (Final da Rua Sem Saída) - Capoavinha,Final da Rua Sem Saída,SP,3528502,10M0G7W,LTE,,,788,733,250,FB,Greenfield,sim,760,"56001603518",14.5,25,68,6,X,40,57731705894,80,-23.31137,-46.56987,G,11/29/2023,10/15/2020,,5fb40df6ba63f,12/8/2029,,,Mairiporã,,
LIC-LIC-01,TELEFONICA BRASIL S.A.,50409146447,10,48422023,692778055,RUA CAIEIRAS,AO LADO DO 153,SP,3525904,5M00G7W,LTE,,,1867.5,1772.5,270,FB,Greenfield,sim,760,"56001603518",14.36,25,69.24,2,X,31,40952002519,60,-23.214806,-46.859,G,1/2/2024,9/29/2010,,5fb40dee1f2f8,12/22/2032,,,Jundiaí,,x
LIC-LIC-01,TELEFONICA BRASIL S.A.,50409146447,10,97432014,528250,RUA FRANCISCO XAVIER DA SILVA,CONDOMÍNIO PORTAL DAS COLINAS,SP,3525904,10M0G7W,LTE,,,788,733,335,FB,Greenfield,sim,760,"56001603518",11.14,25,75.69,4,X,31,57731705894,80,-23.167842,-46.874056,G,12/12/2023,3/11/2003,,5fb40deb91f91,12/8/2029,,,Jundiaí,,x
LIC-LIC-01,TELEFONICA BRASIL S.A.,50409146447,10,97432014,695788981,AVENIDA PREFEITO ROBERTO ARANTES LANHOSO,LOTE 1  ACESSO PELA RODOVIA ITATIBA X JUNDIAÍ KM 82 SP 360,SP,3523404,10M0G7W,LTE,,,788,733,180,FB,Greenfield,sim,760,"44181403519",14.2,32,58,10,X,57,57731705894,80,-23.035836,-46.845194,G,1/2/2024,8/25/2011,,5fb40de88bca5,12/8/2029,,,Itatiba,,x
LIC-LIC-01,Telefonica Brasil S.a.,50409146447,10,97432014,1003582904,RUA TOLSTOI  238,,SP,3516408,10M0G7W,LTE,,,788,733,300,FB,Greenfield,sim,760,"56001603518",13.5,25,63,10,X,46,57731705894,80,-23.320621,-46.717801,G,10/15/2024,12/8/2016,,5fb40ddec201b,12/8/2029,,,Franco da Rocha,,
LIC-LIC-01,TELEFONICA BRASIL S.A.,50409146447,10,97432014,1006964689,Rua Lázaro Claudio Oliveira,,SP,3516309,10M0G7W,LTE,,,788,733,250,FB,Greenfield,sim,760,"56001603518",13.5,25,63,10,X,50,29361602519,40,-23.253834,-46.73125,G,9/20/2023,7/16/2018,,5fb40dd9766fc,12/8/2029,,,Francisco Morato,,
LIC-LIC-01,TELEFONICA BRASIL S.A.,50409146447,10,97432014,441994580,RODOVIA EDGARD MÁXIMO ZAMBOTO,KM 87 SP 354,SP,3504107,10M0G7W,LTE,,,788,733,360,FB,Greenfield,sim,760,"56001603518",11.14,25,75.69,6,X,57,57731705894,80,-23.049825,-46.678911,G,12/18/2023,12/15/1999,,5fb40dc9cab8e,12/8/2029,,,Atibaia,,
LIC-LIC-01,TELEFONICA BRASIL S.A.,50409146447,10,97432014,379981424,Rodovia Fernão Dias,Km 56 BR 381 (Indústria de Máquinas Profarma),SP,3528502,10M0G7W,LTE,,,788,733,320,FB,Greenfield,sim,760,"44181403519",14.2,32,58,6,X,44,57731705894,80,-23.259664,-46.587625,G,9/1/2023,12/10/1999,,5fb40dc93b618,12/8/2029,,,Mairiporã,,
LIC-LIC-01,TELEFONICA BRASIL S.A.,50409146447,10,97432014,1011276558,Rodovia Presidente Castelo Branco,,SP,3550605,10M0G7W,LTE,,,788,733,240,FB,Greenfield,sim,760,"56001603518",14.5,25,68,6,X,60,57731705894,80,-23.42065,-47.178419,G,11/28/2023,10/15/2020,,5fb40dc70e283,12/8/2029,,,São Roque,,
LIC-LIC-01,TELEFONICA BRASIL S.A.,50409146447,10,97432014,1011276485,Avenida Pedro Celestino Leite Penteado  751 - Santa Terezinha (Jordanésia),Jordanésia,SP,3509205,10M0G7W,LTE,,,788,733,260,FB,Rooftop,,760,"56001603518",14.5,25,68,8,X,32,57731705894,40,-23.33207,-46.82989,G,11/29/2023,10/15/2020,,5fb40dc6818f2,12/8/2029,,,Cajamar,,
LIC-LIC-01,CLARO S.A.,50409105090,10,34672011,399572724,R JOÃO CARLOS DO AMARAL,,SP,3509502,10M0G7W,LTE,,,2140,1950,220,FB,Greenfield,,760,"12720905344",16.18,20,65,0,X,30,27191702519,60,-22.88874,-47.08727,G,6/27/2023,5/14/2003,,5fad42dfddde3,4/30/2038,,,Campinas,,x
LIC-LIC-01,CLARO S.A.,50409105090,10,48372023,695546210,R SENEGAL,LOTE 7 QUADRA 3,SP,3516309,10M0G7W,LTE,,,2130,1940,210,FB,Greenfield,,760,"27331703519",16.16,26,66.76,0,X,40,40952002519,20,-23.27025,-46.73656,G,11/21/2023,5/31/2011,,5fad42da3d02f,4/30/2038,,,Francisco Morato,,
LIC-LIC-01,CLARO S.A.,50409105090,10,34672011,1002413106,AV JOHN BOYD DUNLOP,,SP,3509502,10M0G7W,LTE,,,2140,1950,240,FB,COW,não,760,"11471500324",15.81,26,65,0,X,18,27191702519,60,-22.91122,-47.09668,G,11/8/2023,1/5/2016,,5fad42d656e2e,3/31/2028,,,Campinas,,x
LIC-LIC-01,CLARO S.A.,50409105090,10,34672011,1006818445,ROD VISCONDE DE PORTO SEGURO,,SP,3556206,10M0G7W,LTE,,,2140,1950,295,FB,Greenfield,,760,"27331703519",16.16,26,66.76,-2,X,24,40952002519,20,-23.01983,-47.00136,G,11/21/2023,6/7/2018,,5f972c065f001,6/1/2026,,,Valinhos,,
LIC-LIC-01,CLARO S.A.,50409105090,10,48372023,695424360,RUA CARLOS GOMES,,SP,3526902,15M0G7W,LTE,,,2117.5,1927.5,165,FB,Greenfield,,760,"27331703519",16.16,26,66.76,-2,X,36.4,40952002519,20,-22.56632,-47.40341,G,9/4/2025,4/28/2011,,5f972c0554457,4/30/2038,,,Limeira,,
LIC-LIC-01,CLARO S.A.,50409105090,10,46662011,690825960,AV YUNES DEMÉTRIO SABBAG,ESQUINA COM RUA BARTOLOMEU DE ANDRADE SILVA,SP,3504107,10M0G7W,LTE,,,1825,1730,110,FB,Greenfield,,760,"27331703519",16.16,27,66.76,0,X,39,47451501882,40,-23.13041,-46.56824,G,11/21/2023,11/5/2008,,5f972ba37d38c,8/6/2027,,,Atibaia,,
LIC-LIC-01,CLARO S.A.,50409105090,10,46662011,690365837,R MANOEL GOMES LA TORRE,SÍTIO KAMIMURA,SP,3504107,10M0G7W,LTE,,,1825,1730,290,FB,Greenfield,,760,"9371303519",17.08,30,72.66,0,X,50,47451501882,40,-23.1176,-46.5962,G,11/21/2023,5/28/2008,,5f972ba327abe,8/6/2027,,,Atibaia,,
LIC-LIC-01,CLARO S.A.,50409105090,10,46662011,3204391,R ORQUÍDEA,LOTE 34,SP,3504107,10M0G7W,LTE,,,1825,1730,200,FB,Greenfield,,760,"9371303519",17.08,30,72.66,0,X,35,47451501882,40,-23.17478,-46.5755,G,11/21/2023,2/26/2002,,5f972b9685299,8/6/2027,,,Atibaia,,
LIC-LIC-01,CLARO S.A.,50409105090,10,46662011,684337967,ROD DOM PEDRO I,KM 69 3 - ACESSO VIA MARGINAL,SP,3504107,10M0G7W,LTE,,,1825,1730,200,FB,Greenfield,,760,"27331703519",16.16,27,66.76,0,X,50,47451501882,40,-23.10318,-46.52735,G,11/21/2023,8/19/2004,,5f972b958316b,8/6/2027,,,Atibaia,,
LIC-LIC-01,CLARO S.A.,50409105090,10,46662011,692552847,R RAUL RODRIGUES DE SIQUEIRA,CAIXA DÁGUA EMPRESA OSG SULAMERICANA DE FERRAMENTAS,SP,3507605,10M0G7W,LTE,,,1825,1730,290,FB,Rooftop,,760,"9371303519",17.08,30,72.66,0,X,49,47451501882,40,-22.97414,-46.55135,G,11/21/2023,7/12/2010,,5f972b950751d,8/6/2027,,,Bragança Paulista,,
LIC-LIC-01,CLARO S.A.,50409105090,10,46662011,687666520,AV ATÍLIO MENIN,PROXIMO A AVENIDA ANTONIO PIEROTI,SP,3507605,10M0G7W,LTE,,,1825,1730,190,FB,Greenfield,,760,"27331703519",16.16,27,66.76,-2,X,60,47451501882,40,-22.92333,-46.52472,G,11/21/2023,1/13/2006,,5f972b93bf207,8/6/2027,,,Bragança Paulista,,
LIC-LIC-01,CLARO S.A.,50409105090,10,46662011,684838850,ROD ALKINDAR MONTEIRO JUNQUEIRA,ACESSO TERRA NO KM 42,SP,3507605,10M0G7W,LTE,,,1825,1730,350,FB,Greenfield,,760,"27331703519",16.16,27,66.76,-2,X,93.9,6091702519,79.43,-22.9441,-46.6586,G,11/21/2023,12/15/2004,,5f972b9258b86,8/6/2027,,,Bragança Paulista,,
LIC-LIC-01,CLARO S.A.,50409105090,10,34672011,690778775,EST MUNICIPAL LIM 371,NORTE - ACESSO PELA RODOVIA SP 306 KM 31 5,SP,3526902,10M0G7W,LTE,,,2140,1950,290,FB,Greenfield,,760,"27331703519",16.16,26,66.76,0,X,51,10891905894,80,-22.70501,-47.45558,G,11/21/2023,10/20/2008,,5f972b479745b,6/1/2026,,,Limeira,,
LIC-LIC-01,CLARO S.A.,50409105090,10,34672011,1006616710,AV BRASIL,,SP,3525904,10M0G7W,LTE,,,2140,1950,245,FB,Greenfield,,760,,16.9,22,62,0,X,60,10891905894,80,-23.20805,-46.87655,G,12/23/2024,5/14/2018,,5f7725c161c28,6/1/2026,,,Jundiaí,,x
LIC-LIC-01,TELEFONICA BRASIL S.A.,50409146447,10,97432014,1011088786,RUA IBIPITANGA,GLEBA 3,SP,3518800,10M0G7W,LTE,,,788,733,90,FB,Greenfield,sim,760,"56001603518",13.5,25,63,2,X,45,57731705894,80,-23.420889,-46.552123,G,6/19/2024,8/19/2020,,5f75c78f03629,12/8/2029,,,Guarulhos,,
LIC-LIC-01,TELEFONICA BRASIL S.A.,50409146447,10,48422023,699608910,RUA SANTA RITA,FUNDOS,SP,3523909,5M00G7W,LTE,,,1862.5,1767.5,320,FB,Rooftop,,760,"56001603518",15,25,56,2,X,18,40952002519,40,-23.261687,-47.300281,G,1/9/2024,2/12/2014,,5f6b9ed4dd77c,12/22/2032,,,Itu,,x
LIC-LIC-01,TELEFONICA BRASIL S.A.,50409146447,10,97432014,699851920,AVENIDA SAMUEL MARTINS,CONDOMÍNIO EDIFÍCIO ARUBA,SP,3525904,10M0G7W,LTE,,,788,733,290,FB,Rooftop,,760,"44181403519",14.2,32,58,10,X,40,57731705894,80,-23.205731,-46.869139,G,1/8/2024,5/2/2016,,5f6b9ed3c8d11,12/8/2029,,,Jundiaí,,x
LIC-LIC-01,TELEFONICA BRASIL S.A.,50409146447,10,97432014,1010963659,Rua Apolo de Almeida,Lote 05,SP,3525904,10M0G7W,LTE,,,788,733,180,FB,Greenfield,não,760,"56001603518",13.5,25,63,10,X,39,57731705894,80,-23.220886,-46.886189,G,11/28/2023,8/5/2020,,5f5f6e2566104,12/8/2029,,,Jundiaí,,x
LIC-LIC-01,TELEFONICA BRASIL S.A.,50409146447,10,97432014,396841821,ALAMEDA DAS PEREIRAS,,SP,3523909,10M0G7W,LTE,,,788,733,240,FB,Greenfield,sim,760,"34641103518",13.88,25,65,9,X,47,57731705894,80,-23.268336,-47.272914,G,12/11/2023,1/1/1999,,5f5f6e22c5d6d,12/8/2029,,,Itu,,x
LIC-LIC-01,TELEFONICA BRASIL S.A.,50409146447,10,97432014,1010926940,Rua Oswaldo Goeldi  536 (Quadra J  Lote 9) - Colinas da Anhanguera,Quadra J  Lote 9,SP,3547304,10M0G7W,LTE,,,788,733,200,FB,Greenfield,sim,760,"44181403519",14.2,32,58,6,X,35,57731705894,80,-23.43058,-46.82766,G,11/29/2023,8/1/2020,,5f5f6e0b555b9,12/8/2029,,,Santana de Parnaíba,,
LIC-LIC-01,TELEFONICA BRASIL S.A.,50409146447,10,59072012,693062100,ESTRADA DO PEDREGULHO,,SP,3545209,20M0G7W,LTE,,,2680,2560,210,FB,Greenfield,sim,760,"56001603518",17.5,30,57,6,X,55,45621602519,40,-23.219072,-47.260675,G,1/8/2024,12/30/2010,,5f5f6e0b2a73f,10/18/2027,,,Salto,,x
LIC-LIC-01,CLARO S.A.,50409105090,10,25152016,684147912,R SALVADOR KRUPPE,,SP,3525904,15M0G7W,LTE,,,1842.5,1747.5,30,FB,Greenfield,não,760,"27331703519",16.16,27,66.76,-2,X,58.8,6091702519,79.43,-23.12303,-46.95474,G,11/21/2023,12/15/2003,,5f4a7bc2f06ec,7/27/2031,,,Jundiaí,,x
LIC-LIC-01,CLARO S.A.,50409105090,10,25152016,1007536273,ROD CAP. BARDOINO,,SP,3538204,15M0G7W,LTE,,,1842.5,1747.5,240,FB,Greenfield,sim,760,"9371303519",17.08,30,72.66,0,X,52,12111805894,40,-22.7517,-46.55963,G,8/29/2023,11/6/2018,,5f4a7bc2bce55,8/6/2027,,,Pinhalzinho,,
LIC-LIC-01,CLARO S.A.,50409105090,10,34672011,698133200,R ANTONIO MAXIMILIANO DE ALMEIDA,AO LADO DO NO. 327,SP,3525904,10M0G7W,LTE,,,2140,1950,190,FB,Greenfield,não,760,"27331703519",16.16,26,66.76,-2,X,35,27191702519,60,-23.1722,-46.9036,G,9/11/2023,11/16/2012,,5f4a7bc2b5ae9,8/6/2027,,,Jundiaí,,x
LIC-LIC-01,CLARO S.A.,50409105090,10,25152016,1002978669,R RAUL BRESSANI MALTA,LOTE 175 - ACESSO PELA PELA RUA JOSÉ AUGUSTO MOREIRA  266,SP,3516408,15M0G7W,LTE,,,1842.5,1747.5,195,FB,Greenfield,sim,760,,16.5,21,66,1,X,45,12111805894,40,-23.32176,-46.7274,G,6/10/2025,7/5/2016,,5f4a7bc2ad7b8,7/27/2031,,,Franco da Rocha,,
LIC-LIC-01,TELEFONICA BRASIL S.A.,50409146447,10,97432014,1010831027,Rua dos Bagres  37 - Salto de São José,,SP,3545209,10M0G7W,LTE,,,788,733,220,FB,Greenfield,não,760,"44181403519",14.2,32,58,8,X,18,57731705894,80,-23.21469,-47.30783,G,11/29/2023,7/24/2020,,5f480f3f0e00d,12/8/2029,,,Salto,,x
LIC-LIC-01,TELEFONICA BRASIL S.A.,50409146447,10,59072012,1010830993,Rua David Marcassa Lopes,LOTE 05 QUADRA H,SP,3508405,20M0G7W,LTE,,,2680,2560,250,FB,Greenfield,não,760,"44181403519",16.9,32,58,2,X,35,45621602519,40,-23.254942,-47.087895,G,11/28/2023,7/24/2020,,5f480f3f03707,10/18/2027,,,Cabreúva,,
LIC-LIC-01,Telefonica Brasil S.a.,50409146447,10,97432014,1010829812,RUA RICARDO NELSON DE ALMEIDA  150,LOTE 09 - QUADRA 20,SP,3525201,10M0G7W,LTE,,,788,733,220,FB,Greenfield,sim,760,"44181403519",14.2,32,58,6,X,40,57731705894,80,-23.103849,-46.705696,G,10/15/2024,7/24/2020,,5f480f3e68cc6,12/8/2029,,,Jarinu,,
LIC-LIC-01,TELEFONICA BRASIL S.A.,50409146447,10,97432014,1010829790,Rua Mariano Latorre  S/N - Parque Almerinda Pereira Chaves,,SP,3525904,10M0G7W,LTE,,,788,733,230,FB,Greenfield,sim,760,"44181403519",14.2,32,58,8,X,35,57731705894,80,-23.14394,-46.99751,G,11/29/2023,7/24/2020,,5f480f3e5fb46,12/8/2029,,,Jundiaí,,x
LIC-LIC-01,CLARO S.A.,50409105090,10,25152016,1002978120,R ARNOLD GUT JUNIOR,,SP,3556503,15M0G7W,LTE,,,1842.5,1747.5,260,FB,Greenfield,sim,760,"27331703519",16.16,27,66.76,0,X,45,12111805894,40,-23.23395,-46.817,G,11/21/2023,7/5/2016,,5f466711c1d14,7/27/2031,,,Várzea Paulista,,x
LIC-LIC-01,CLARO S.A.,50409105090,10,25152016,684797542,R DOS BAGRES,,SP,3545209,15M0G7W,LTE,,,1842.5,1747.5,230,FB,Greenfield,,760,"27331703519",16.16,27,66.76,0,X,35,47451501882,40,-23.2141,-47.3074,G,11/21/2023,9/17/2004,,5f400c4450d46,7/27/2031,,,Salto,,x
LIC-LIC-01,CLARO S.A.,50409105090,10,25152016,687379571,R  FELÍCIO HELITO,ACESSO PELA ASSOCIAÇÃO ATLETICA BANCO DO BRASIL,SP,3507605,15M0G7W,LTE,,,1842.5,1747.5,250,FB,Greenfield,não,760,"27331703519",16.16,27,66.76,-1,X,50,47451501882,40,-22.95354,-46.52573,G,11/21/2023,9/13/2005,,5f400c43f361e,7/27/2031,,,Bragança Paulista,,
LIC-LIC-01,CLARO S.A.,50409105090,10,25152016,1005929944,AV JOÃO BATISTA SPIANDORELLO,,SP,3525904,15M0G7W,LTE,,,1842.5,1747.5,210,FB,Greenfield,não,760,"27331703519",16.16,27,66.76,0,X,50,6091702519,79.43,-23.13065,-46.81035,G,11/21/2023,3/16/2018,,5f400c43efed5,7/27/2031,,,Jundiaí,,x
LIC-LIC-01,CLARO S.A.,50409105090,10,25152016,1007536265,ROD JOSE BUENO MIRANDA,SITIO SÃO LUÍS,SP,3536802,15M0G7W,LTE,,,1842.5,1747.5,260,FB,Greenfield,não,760,"9371303519",17.08,30,72.66,-2,X,60,12111805894,40,-22.80262,-46.48746,G,8/29/2023,11/6/2018,,5f400c43de83a,8/6/2027,,,Pedra Bela,,
LIC-LIC-01,CLARO S.A.,50409105090,10,25152016,1003103070,ROD ENG. CONSTÂNCIO CINTRA,SITIO PRIMAVERA,SP,3523404,15M0G7W,LTE,,,1842.5,1747.5,230,FB,Greenfield,não,760,"27331703519",16.16,27,66.76,-3,X,51,12111805894,40,-23.06965,-46.83648,G,11/21/2023,8/2/2016,,5f400c43dd2cd,7/27/2031,,,Itatiba,,x
LIC-LIC-01,CLARO S.A.,50409105090,10,25152016,684855526,R ANTONIO JOSÉ DE OLIVEIRA,,SP,3554953,15M0G7W,LTE,,,1842.5,1747.5,320,FB,Greenfield,,760,"27331703519",16.16,27,66.76,-3,X,78,6091702519,79.43,-22.8132,-46.6931,G,11/21/2023,12/15/2004,,5f400c41ea8c3,7/27/2031,,,Tuiuti,,
LIC-LIC-01,CLARO S.A.,50409105090,10,25152016,1005929952,AV ENGENHEIRO JOÃO FERNANDES GIMENES MOLINA,SIEMENS UNIDADE JUNDIAÍ. ANTENAS INSTALADAS NO TOPO DE UMA EDIFICAÇÃO DE CONCRETO,SP,3525904,15M0G7W,LTE,,,1842.5,1747.5,240,FB,Rooftop,,760,"27331703519",16.16,27,66.76,-2,X,30,6091702519,79.43,-23.15675,-46.94741,G,11/21/2023,3/16/2018,,5f400c4197e9b,7/27/2031,,,Jundiaí,,x
LIC-LIC-01,CLARO S.A.,50409105090,10,25152016,379978954,R CANDIDO ANTONIO DA SILVA,,SP,3516408,15M0G7W,LTE,,,1842.5,1747.5,260,FB,Greenfield,,760,"9371303519",17.08,30,72.66,0,X,47,47451501882,40,-23.33111,-46.65806,G,1/4/2022,11/14/2003,,5f400c417c26e,7/27/2031,,,Franco da Rocha,,
LIC-LIC-01,CLARO S.A.,50409105090,10,25152016,687986559,AV AQUILEGIAS,CHACARA RECINTO DO JÔ  CONDOMINIO MARIA ANTONIA,SP,3528502,15M0G7W,LTE,,,1842.5,1747.5,250,FB,Greenfield,,760,"8541105344",16.97,34.65,71.05,0,X,50,47451501882,40,-23.31083,-46.55139,G,1/4/2022,1/13/2006,,5f400c4114e74,7/27/2031,,,Mairiporã,,
LIC-LIC-01,CLARO S.A.,50409105090,10,25152016,684148064,EST DO SERVIDÃO,,SP,3525904,15M0G7W,LTE,,,1842.5,1747.5,330,FB,Greenfield,,760,"27331703519",16.16,27,66.76,-2,X,42.5,6091702519,79.43,-23.11897,-46.99769,G,11/21/2023,12/15/2003,,5f400c3c3b30c,7/27/2031,,,Jundiaí,,x
LIC-LIC-01,CLARO S.A.,50409105090,10,25152016,689986114,R  PADRE NORBERTO MOJOLA,ACESSO PELA RUA ESTERINA BRENNA MOJOLA - REGULARIZAÇÃO EM ANDAMENTO  PORÉM COM LICENÇA DE FUNCIONAMENTO EMITIDA E SENDO RENOVADA,SP,3525904,15M0G7W,LTE,,,1842.5,1747.5,290,FB,Greenfield,,760,"27331703519",16.16,27,66.76,-4,X,51,6091702519,79.43,-23.25461,-46.85133,G,11/21/2023,3/5/2008,,5f400c3c0baa4,7/27/2031,,,Jundiaí,,x
LIC-LIC-01,CLARO S.A.,50409105090,10,25152016,687376114,EST MUNICIPAL CIPRIANO PEROBELLI,EDGARD MAXIMO ZAMBOTTO,SP,3525201,15M0G7W,LTE,,,1842.5,1747.5,220,FB,Greenfield,,760,"8541105344",16.97,34.65,71.05,0,X,70,6091702519,79.43,-23.1548,-46.7449,G,11/21/2023,8/17/2005,,5f400c3a3c04d,7/27/2031,,,Jarinu,,
LIC-LIC-01,CLARO S.A.,50409105090,10,25152016,684147823,AV AUGUSTA ZORZI BARADEL,GLEBA DE TERRAS E2 - CHÁCARA ANARDINO AO LADO DA FÁBRICA DA KLABIN,SP,3525904,15M0G7W,LTE,,,1842.5,1747.5,200,FB,Greenfield,,760,"27331703519",16.16,27,66.76,-3,X,55,12111805894,40,-23.26722,-46.86414,G,11/21/2023,12/15/2003,,5f400c3225f35,7/27/2031,,,Jundiaí,,x
LIC-LIC-01,CLARO S.A.,50409105090,10,25152016,684152754,ROD DOM PEDRO PRIMEIRO,PRÓXIMO A AVENIDA JOSÉ DE CASTRO ABREU,SP,3523404,15M0G7W,LTE,,,1842.5,1747.5,280,FB,Greenfield,,760,"27331703519",16.16,27,66.76,-4,X,53,6091702519,79.43,-23.02654,-46.72556,G,11/21/2023,3/1/2004,,5f400c31ead6f,7/27/2031,,,Itatiba,,x
LIC-LIC-01,CLARO S.A.,50409105090,10,25152016,684809974,AV TIRADENTES,ESQUINA COM RUA MIGUEL ARCÂJIO BENÍCIO DA SILVA DUTRA,SP,3523909,15M0G7W,LTE,,,1842.5,1747.5,340,FB,Greenfield,,760,"27331703519",16.16,27,66.76,0,X,50.5,12111805894,40,-23.28745,-47.29468,G,11/21/2023,12/15/2004,,5f400c304831e,7/27/2031,,,Itu,,x
LIC-LIC-01,CLARO S.A.,50409105090,10,25152016,684838834,AV DAS AZALÉIAS,AO LADO Nº 165 - LOTE 38 QUADRA 2,SP,3528502,15M0G7W,LTE,,,1842.5,1747.5,280,FB,Greenfield,,760,"9371303519",17.08,30,72.66,-2,X,80.5,47451501882,40,-23.3093,-46.5332,G,11/21/2023,12/15/2004,,5f400c2f73bac,7/27/2031,,,Mairiporã,,
LIC-LIC-01,CLARO S.A.,50409105090,10,25152016,684513994,ROD DOM PEDRO I,SP-065,SP,3523404,15M0G7W,LTE,,,1842.5,1747.5,300,FB,Greenfield,,760,"27331703519",16.16,27,66.76,0,X,52,47451501882,40,-23.00638,-46.77169,G,11/21/2023,12/3/2004,,5f400c2edb8fc,7/27/2031,,,Itatiba,,x
LIC-LIC-01,CLARO S.A.,50409105090,10,25152016,684838990,ROD PEDRO MIGUEL,,SP,3532009,15M0G7W,LTE,,,1842.5,1747.5,150,FB,Greenfield,,760,"27331703519",16.16,27,66.76,-4,X,58,47451501882,40,-22.881,-46.8026,G,9/4/2023,12/15/2004,,5f400c2cae3fd,4/30/2038,,,Morungaba,,x
LIC-LIC-01,CLARO S.A.,50409105090,10,25152016,1007755749,R DAVID KASITZKY,LOTE02-B,SP,3509007,15M0G7W,LTE,,,1842.5,1747.5,185,FB,Greenfield,não,760,"9371303519",17.08,30,72.66,0,X,60,12111805894,40,-23.38186,-46.74136,G,11/21/2023,12/17/2018,,5f400c281f2ad,7/27/2031,,,Caieiras,,
LIC-LIC-01,CLARO S.A.,50409105090,10,25152016,1009114392,AV MARCELINO BRESSIANI,LOTE 11 QUADRA 48,SP,3509007,15M0G7W,LTE,,,1842.5,1747.5,270,FB,Greenfield,não,760,"9371303519",17.08,30,72.66,-2,X,60,12111805894,40,-23.3478,-46.75855,G,11/21/2023,9/6/2019,,5f400c27d2a65,7/27/2031,,,Caieiras,,
LIC-LIC-01,CLARO S.A.,50409105090,10,25152016,1003374546,R JOSÉ MUNHOZ,ANTIGO Nº 1 - LOTE 79 QD 2,SP,3516408,15M0G7W,LTE,,,1842.5,1747.5,230,FB,Greenfield,sim,760,,16.5,21,66,-2,X,19,12111805894,40,-23.32856,-46.70828,G,1/28/2026,10/24/2016,,5f3d1b8fe862e,7/27/2031,,,Franco da Rocha,,
LIC-LIC-01,CLARO S.A.,50409105090,10,25152016,1007536281,EST DA BARRAGEM,MORRO DA CAPUAVA,SP,3539103,15M0G7W,LTE,,,1842.5,1747.5,250,FB,Greenfield,sim,760,"9371303519",17.08,30,72.66,-3,X,51,12111805894,40,-23.40194,-46.99141,G,8/29/2023,11/6/2018,,5f3d1b8c71a20,8/6/2027,,,Pirapora do Bom Jesus,,
LIC-LIC-01,CLARO S.A.,50409105090,10,25152016,1005681594,R ROUXINOL,GLEBA 22 (26/12/17NESTADATA EQ. INSTAL É PROVISORIO),SP,3524006,15M0G7W,LTE,,,1842.5,1747.5,240,FB,Greenfield,sim,760,"9371303519",17.08,30,72.66,-1,X,42,6091702519,79.43,-23.18193,-47.09405,G,8/28/2023,1/12/2018,,5f3d1b8c6db58,8/6/2027,,,Itupeva,,x
LIC-LIC-01,CLARO S.A.,50409105090,10,25152016,692734031,AV PRIMO SCHINCARIOL,ACESSO PELA RUA LÁZARO ADRIANO,SP,3523909,15M0G7W,LTE,,,1842.5,1747.5,210,FB,Greenfield,,760,"27331703519",16.16,27,66.76,-2,X,39,6091702519,79.43,-23.24954,-47.3482,G,8/29/2023,9/1/2010,,5f368f3644415,8/6/2027,,,Itu,,x
LIC-LIC-01,CLARO S.A.,50409105090,10,25152016,1003504733,R URBANO II,EM FRENTE AO 293,SP,3516309,15M0G7W,LTE,,,1842.5,1747.5,250,FB,Greenfield,não,760,"27331703519",16.16,27,66.76,0,X,60,12111805894,40,-23.26084,-46.74302,G,11/21/2023,12/5/2016,,5f368f3348701,7/27/2031,,,Francisco Morato,,
LIC-LIC-01,CLARO S.A.,50409105090,10,25152016,1002594747,ROD DOS BANDEIRANTES,ACESSO DE TERRA,SP,3525904,15M0G7W,LTE,,,1842.5,1747.5,10,FB,Greenfield,não,760,"27331703519",16.16,27,66.76,-2,X,37,6091702519,79.43,-23.22309,-46.90982,G,11/21/2023,3/21/2016,,5f368f2c75e07,7/27/2031,,,Jundiaí,,x
LIC-LIC-01,CLARO S.A.,50409105090,10,25152016,696670429,RUA ENGENHEIRO JOSÉ MARIA DA SILVA VELHO,,SP,3525904,15M0G7W,LTE,,,1842.5,1747.5,230,FB,Greenfield,sim,760,"27331703519",16.16,27,66.76,-5,X,20,12111805894,40,-23.19006,-46.89845,G,3/27/2025,4/4/2012,,5f3553fb1aa4c,7/27/2031,,,Jundiaí,,x
LIC-LIC-01,CLARO S.A.,50409105090,10,25152016,1003103720,ROD HILÁRIO FERRARI,FAZENDA SANTA CRUZ,SP,3545209,15M0G7W,LTE,,,1842.5,1747.5,260,FB,Greenfield,sim,760,"27331703519",16.16,27,66.76,-2,X,47,12111805894,40,-23.21922,-47.26049,G,11/21/2023,8/2/2016,,5f3553fb0e496,7/27/2031,,,Salto,,x
LIC-LIC-01,CLARO S.A.,50409105090,10,25152016,1002978073,R CRUZEIRO DO SUL (CONTINUAÇÃO RUA ZODÍACO),,SP,3547304,15M0G7W,LTE,,,1842.5,1747.5,160,FB,Greenfield,sim,760,"27331703519",16.16,27,66.76,0,X,38,12111805894,40,-23.41078,-46.89822,G,11/21/2023,7/5/2016,,5f3553fa089be,7/27/2031,,,Santana de Parnaíba,,
LIC-LIC-01,CLARO S.A.,50409105090,10,25152016,1003266247,ROD ALKINDAR MONTEIRO JUNQUEIRA,PROXIMO AO KM 29,SP,3523404,15M0G7W,LTE,,,1842.5,1747.5,190,FB,Greenfield,sim,760,"27331703519",16.16,27,66.76,0,X,52,12111805894,40,-22.9791,-46.7675,G,11/21/2023,9/21/2016,,5f3553f9d3463,7/27/2031,,,Itatiba,,x
LIC-LIC-01,CLARO S.A.,50409105090,10,25152016,1003007110,R DR. MARIO DE TOLEDO DE MORAES,,SP,3516408,15M0G7W,LTE,,,1842.5,1747.5,240,FB,Greenfield,sim,760,,16.5,21,66,-4,X,43.8,12111805894,40,-23.31054,-46.75772,G,1/28/2026,7/5/2016,,5f3553f980541,7/27/2031,,,Franco da Rocha,,
LIC-LIC-01,CLARO S.A.,50409105090,10,25152016,690074255,EST MUNICIPAL AUGUSTO ZANONI,ANTIGA ESTRADA DA TAPERINHA - SITIO LAMEIRÃO I,SP,3523909,15M0G7W,LTE,,,1842.5,1747.5,180,FB,Greenfield,sim,760,"27331703519",16.16,27,66.76,-2,X,57,6091702519,79.43,-23.32019,-47.33058,G,11/21/2023,3/17/2008,,5f3553f95b0ca,7/27/2031,,,Itu,,x
LIC-LIC-01,CLARO S.A.,50409105090,10,25152016,1007413775,AV DOUTOR ERMELINDO MAFFEI,ITÚ PLAZA SHOPPING,SP,3523909,15M0G7W,LTE,,,1842.5,1747.5,0,FB,Indoor,não,168,,3,0,360,0,V,3,6091702519,79.43,-23.26402,-47.2804,G,11/21/2023,9/11/2018,,5f3553f6b7ae8,7/27/2031,,,Itu,,x
LIC-LIC-01,CLARO S.A.,50409105090,10,25152016,699387248,AVENIDA NOVE DE JULHO,SHOPPING JUNDIAÍ,SP,3525904,15M0G7W,LTE,,,1842.5,1747.5,0,FB,Indoor,não,168,,3,0,360,0,V,3,6091702519,79.43,-23.1997,-46.88945,G,9/4/2025,11/18/2013,,5f3553f6af289,7/27/2031,,,Jundiaí,,x
LIC-LIC-01,CLARO S.A.,50409105090,10,25152016,684822261,R  MONTE MOR,AO LADO DO NUMERO 131,SP,3545209,15M0G7W,LTE,,,1842.5,1747.5,280,FB,Greenfield,,760,,16.5,21,66,-2,X,35,47451501882,40,-23.21239,-47.27493,G,2/24/2026,12/15/2004,,5f3553f4db1cd,7/27/2031,,,Salto,,x
LIC-LIC-01,CLARO S.A.,50409105090,10,25152016,687289335,ROD TANCREDO DE ALMEIDA NEVES KM 47,ESTANCIA GREEN VALLEY / ACESSO RODOVIA PELA ESTRADA ASFALTADA ALDEIA DA ESPERANÇA,SP,3516408,15M0G7W,LTE,,,1842.5,1747.5,240,FB,Greenfield,,760,"27331703519",16.16,27,66.76,-5,X,53,6091702519,79.43,-23.291,-46.7916,G,11/21/2023,8/17/2005,,5f3553f44d751,7/27/2031,,,Franco da Rocha,,
LIC-LIC-01,CLARO S.A.,50409105090,10,34672011,399914641,R GREGÓRIO DE MATOS GUERRA,ESQUINA RUA SANTOS DUMONT,SP,3525904,10M0G7W,LTE,,,2140,1950,305,FB,Greenfield,,760,"9371303519",17.08,30,72.66,-1,X,40,27191702519,60,-23.18757,-46.86754,G,8/15/2023,10/15/1999,,5f3553ece555c,8/6/2027,,,Jundiaí,,x
LIC-LIC-01,CLARO S.A.,50409105090,10,25152016,684787849,R MARIA FORNARI RAMOS,TRAVESSA COM A MIGUEL APARECIDO GODOI LT 2 QD B,SP,3538204,15M0G7W,LTE,,,1842.5,1747.5,350,FB,Greenfield,,760,"9371303519",17.08,30,72.66,-1,X,62,6091702519,79.43,-22.7853,-46.5926,G,9/4/2023,9/17/2004,,5f3553ec654c5,4/30/2038,,,Pinhalzinho,,
LIC-LIC-01,CLARO S.A.,50409105090,10,34672011,3204383,RUA TOLSTOI,,SP,3516408,10M0G7W,LTE,,,2140,1950,240,FB,Greenfield,,760,"9371303519",17.08,30,72.66,0,X,40,27191702519,60,-23.3194,-46.71624,G,6/18/2025,7/9/2003,,5f3553ec28b14,6/1/2026,,,Franco da Rocha,,
LIC-LIC-01,CLARO S.A.,50409105090,10,25152016,534764266,ROD PRESIDENTE CASTELO BRANCO,,SP,3502754,15M0G7W,LTE,,,1842.5,1747.5,260,FB,Greenfield,,760,"9371303519",17.08,30,72.66,-5,X,71.5,6091702519,79.43,-23.4526,-47.0542,G,11/21/2023,10/10/2001,,5f3553ec16c9e,7/27/2031,,,Araçariguama,,
LIC-LIC-01,CLARO S.A.,50409105090,10,25152016,684838800,R JOÃO SCHIEVENIN,AO LADO DA IGREJA MUNDIAL,SP,3536802,15M0G7W,LTE,,,1842.5,1747.5,220,FB,Greenfield,,760,"27331703519",16.16,27,66.76,-5,X,67,6091702519,79.43,-22.7966,-46.4426,G,9/4/2023,12/15/2004,,5f3553ebeabc4,4/30/2038,,,Pedra Bela,,
LIC-LIC-01,CLARO S.A.,50409105090,10,25152016,577970330,R DAS MACIEIRAS,EM FRENTE À RUA GERALDO PAULINO DE OLIVEIRA,SP,3539103,15M0G7W,LTE,,,1842.5,1747.5,240,FB,Greenfield,,760,"27331703519",16.16,27,66.76,-4,X,80.5,6091702519,79.43,-23.39667,-47.00567,G,9/4/2023,2/7/2001,,5f3553eb581c6,4/30/2038,,,Pirapora do Bom Jesus,,
LIC-LIC-01,CLARO S.A.,50409105090,10,25152016,534912575,ROD WALDOMIRO CORREA DE CAMARGO,,SP,3523909,15M0G7W,LTE,,,1842.5,1747.5,220,FB,Greenfield,,760,"27331703519",16.16,27,66.76,-2,X,70,6091702519,79.43,-23.3271,-47.3024,G,11/21/2023,9/13/2000,,5f3553eaea4b9,7/27/2031,,,Itu,,x
LIC-LIC-01,CLARO S.A.,50409105090,10,25152016,1006616532,AV CORONEL SEZEFREDO FAGUNDES,,SP,3550308,15M0G7W,LTE,,,1842.5,1747.5,5,FB,Greenfield,sim,760,,16.5,21,66,-3,X,56,6091702519,79.43,-23.41418,-46.58266,G,9/25/2023,5/14/2018,,5f3553e95d44a,8/6/2027,,,São Paulo,,
LIC-LIC-01,CLARO S.A.,50409105090,10,25152016,1003266204,R DAS BROMÉLIAS,LOTE 06 QUADRA C (CONJUNTO RESIDENCIAL PORTO SEGURO),SP,3545209,15M0G7W,LTE,,,1842.5,1747.5,270,FB,Greenfield,sim,760,"27331703519",16.16,27,66.76,0,X,39,12111805894,40,-23.18697,-47.27967,G,11/21/2023,9/21/2016,,5f3553e95c27c,7/27/2031,,,Salto,,x
LIC-LIC-01,CLARO S.A.,50409105090,10,25152016,692532579,AV JOSÉ CARLOS MASSOCO,CHÁCARA SANTA MARIA - EM FRENTE PORTARIA CONDOMÍNIO TERRAS DE SÃO JOSÉ,SP,3523909,15M0G7W,LTE,,,1842.5,1747.5,240,FB,Greenfield,sim,760,"27331703519",16.16,27,66.76,0,X,38,12111805894,40,-23.29606,-47.2769,G,11/21/2023,7/12/2010,,5f3553e9595c7,7/27/2031,,,Itu,,x
LIC-LIC-01,CLARO S.A.,50409105090,10,25152016,692883924,R NITEROI,,SP,3525904,15M0G7W,LTE,,,1842.5,1747.5,220,FB,Greenfield,sim,760,"27331703519",16.16,27,66.76,0,X,35,6091702519,79.43,-23.20477,-46.85846,G,12/4/2025,10/27/2010,,5f3553e953416,7/27/2031,,,Jundiaí,,x
LIC-LIC-01,CLARO S.A.,50409105090,10,25152016,697414442,R INGLATERRA,QUADRA S LOTE 18,SP,3508405,15M0G7W,LTE,,,1842.5,1747.5,230,FB,Greenfield,sim,760,"27331703519",16.16,27,66.76,-1,X,31,47451501882,40,-23.27422,-47.05576,G,11/21/2023,6/12/2012,,5f3553e94e290,7/27/2031,,,Cabreúva,,
LIC-LIC-01,CLARO S.A.,50409105090,10,34672011,687292883,AV  MONSENHOR VENERANDO NALINI,,SP,3525904,10M0G7W,LTE,,,2140,1950,220,FB,Greenfield,não,760,"27331703519",16.16,26,66.76,-1,X,40,27191702519,60,-23.17484,-46.84627,G,11/21/2023,8/17/2005,,5f3553e921322,6/1/2026,,,Jundiaí,,x
LIC-LIC-01,CLARO S.A.,50409105090,10,25152016,684149125,EST DO PIRAÍ,ÁREA REMANESCENTO SÍTIO SANTO ANTONINHO,SP,3508405,15M0G7W,LTE,,,1842.5,1747.5,300,FB,Greenfield,,760,"27331703519",16.16,27,66.76,-1,X,37,47451501882,40,-23.308,-47.1407,G,11/21/2023,12/15/2003,,5f3553e691ac3,7/27/2031,,,Cabreúva,,
LIC-LIC-01,CLARO S.A.,50409105090,10,25152016,1007614851,ROD JOSÉ BUENO DE MIRANDA,PROXIMO Á ROATÓRIA DA BR 146 SP-008,SP,3538204,15M0G7W,LTE,,,1842.5,1747.5,230,FB,Greenfield,sim,760,"9371303519",17.08,30,72.66,-2,X,46,12111805894,40,-22.81646,-46.54462,G,8/29/2023,11/19/2018,,5f3553e68387f,8/6/2027,,,Pinhalzinho,,
LIC-LIC-01,CLARO S.A.,50409105090,10,25152016,1009625257,R ANTONIO PIRES DE CAMARGO,,SP,3554953,15M0G7W,LTE,,,1842.5,1747.5,240,FB,Greenfield,não,760,"9371303519",17.08,30,72.66,-2,X,60,12111805894,40,-22.85755,-46.71582,G,11/21/2023,11/22/2019,,5f3553e66d0a8,7/27/2031,,,Tuiuti,,
LIC-LIC-01,CLARO S.A.,50409105090,10,25152016,1003482020,EST DAS PALMEIRAS,CHÁCARA SÃO JOSÉ,SP,3516408,15M0G7W,LTE,,,1842.5,1747.5,355,FB,Greenfield,não,760,"27331703519",16.16,27,66.76,-1,X,59.5,12111805894,40,-23.31343,-46.69721,G,1/28/2026,11/8/2016,,5f3553e665dc5,7/27/2031,,,Franco da Rocha,,
LIC-LIC-01,CLARO S.A.,50409105090,10,25152016,1006616699,R DIRCEU FACHINELLI,,SP,3525904,15M0G7W,LTE,,,1842.5,1747.5,320,FB,Greenfield,sim,760,,16.5,21,66,1,X,34,12111805894,40,-23.23502,-46.88853,G,6/10/2025,5/14/2018,,5f3553e5b0785,7/27/2031,,,Jundiaí,,x
LIC-LIC-01,CLARO S.A.,50409105090,10,25152016,1007614843,EST ESTRADA MUNICIPAL DO BAIRRO MATO DENTRO,ACESSO A ESTRADA PELA FERNÃO DIAS,SP,3525508,15M0G7W,LTE,,,1842.5,1747.5,250,FB,Greenfield,não,760,"9371303519",17.08,30,72.66,-2,X,60,12111805894,40,-22.93382,-46.36422,G,8/29/2023,11/19/2018,,5f3553e571d2a,8/6/2027,,,Joanópolis,,
LIC-LIC-01,CLARO S.A.,50409105090,10,25152016,1009792722,ROD PADRE ALDO BOLINE NULL,RAAMA AGRONEGÓCIO,SP,3538600,15M0G7W,LTE,,,1842.5,1747.5,140,FB,Greenfield,,760,"9371303519",17.08,30,72.66,-2,X,60,12111805894,40,-23.05608,-46.39816,G,11/21/2023,12/10/2019,,5f3553e57093b,7/27/2031,,,Piracaia,,
LIC-LIC-01,CLARO S.A.,50409105090,10,25152016,1008296926,AV VEREADOR ROGERIO ALFREDO GIUNTINI,GLEBA 1 - SITIO SÃO JOSE DA PEDRA SANTA,SP,3525904,15M0G7W,LTE,,,1842.5,1747.5,180,FB,Greenfield,não,760,"27331703519",16.16,27,66.76,-2,X,50,6091702519,79.43,-23.10958,-46.9011,G,11/21/2023,3/27/2019,,5f3553e56c898,7/27/2031,,,Jundiaí,,x
LIC-LIC-01,CLARO S.A.,50409105090,10,25152016,1006517780,R FRANCISCO PIASSI,,SP,3525904,15M0G7W,LTE,,,1842.5,1747.5,270,FB,Greenfield,não,760,"27331703519",16.16,27,66.76,-2,X,50,6091702519,79.43,-23.17283,-46.82915,G,11/21/2023,5/2/2018,,5f3553e540712,7/27/2031,,,Jundiaí,,x
LIC-LIC-01,CLARO S.A.,50409105090,10,25152016,1006616737,R  MARIANO LATORRE,ESQUINA COM RUA PROFESSOR RAIMUNDO FAGIANO,SP,3525904,15M0G7W,LTE,,,1842.5,1747.5,270,FB,Greenfield,não,760,,16.5,21,66,-2,X,38,12111805894,40,-23.14394,-46.99751,G,1/6/2026,5/14/2018,,5f3553e532b7d,7/27/2031,,,Jundiaí,,x
LIC-LIC-01,CLARO S.A.,50409105090,10,25152016,698295064,ROD DOM GABRIEL PAULINO BUENO,KM 83 - DISTRIBUTION CENTER CABREUVA,SP,3508405,15M0G7W,LTE,,,1842.5,1747.5,240,FB,Greenfield,não,760,"27331703519",16.16,27,66.76,-1,X,51,47451501882,40,-23.25827,-47.10739,G,11/21/2023,12/18/2012,,5f3553e51cf37,7/27/2031,,,Cabreúva,,
LIC-LIC-01,CLARO S.A.,50409105090,10,25152016,697415171,EST  DO BARRETO,SÍTIO PASCHOAL,SP,3523909,15M0G7W,LTE,,,1842.5,1747.5,200,FB,Greenfield,não,760,"27331703519",16.16,27,66.76,-1,X,53,6091702519,79.43,-23.27967,-47.36758,G,11/21/2023,6/12/2012,,5f3553e51ab2e,7/27/2031,,,Itu,,x
LIC-LIC-01,CLARO S.A.,50409105090,10,25152016,1003655464,EST MUNICIPAL JOÃO BIANCO,EM FRENTE A SEARA JBS,SP,3523404,15M0G7W,LTE,,,1842.5,1747.5,310,FB,Greenfield,não,760,"27331703519",16.16,27,66.76,0,X,50,12111805894,40,-22.97842,-46.81171,G,11/21/2023,3/24/2017,,5f3553e50545a,7/27/2031,,,Itatiba,,x
LIC-LIC-01,CLARO S.A.,50409105090,10,25152016,1007676393,EST ATÍLIO SQUIZATO,,SP,3525201,15M0G7W,LTE,,,1842.5,1747.5,250,FB,Greenfield,não,760,"9371303519",17.08,30,72.66,-2,X,50,12111805894,40,-23.19256,-46.66163,G,11/21/2023,11/16/2018,,5f3553e4eee36,7/27/2031,,,Jarinu,,
LIC-LIC-01,CLARO S.A.,50409105090,10,25152016,1003252696,EST MUNICIPAL NEMÉSIO DÁRIO DOS SANTOS,ACESSO INTERNO CLUBE DE CAMPO FAZENDA,SP,3523404,15M0G7W,LTE,,,1842.5,1747.5,265,FB,Greenfield,não,760,"27331703519",16.16,27,66.76,-2,X,51,12111805894,40,-22.95018,-46.76174,G,11/21/2023,9/21/2016,,5f3553e4e75d0,7/27/2031,,,Itatiba,,x
LIC-LIC-01,CLARO S.A.,50409105090,10,25152016,692548572,R AFONSO EDUARDO SIMEONE,,SP,3525904,15M0G7W,LTE,,,1842.5,1747.5,225,FB,Greenfield,não,760,"27331703519",16.16,27,66.76,-1,X,17.5,6091702519,79.43,-23.16951,-46.89187,G,2/14/2025,7/12/2010,,5f3553e4d8e8c,7/27/2031,,,Jundiaí,,x
LIC-LIC-01,CLARO S.A.,50409105090,10,25152016,1007755773,R JOSE LUVISON,LOTE 08 B /QUADRA 17,SP,3532009,15M0G7W,LTE,,,1842.5,1747.5,140,FB,Greenfield,não,760,"9371303519",17.08,30,72.66,-2,X,60,12111805894,40,-22.90402,-46.79587,G,8/29/2023,12/17/2018,,5f3553e4d3715,8/6/2027,,,Morungaba,,x
LIC-LIC-01,CLARO S.A.,50409105090,10,25152016,1007548492,R LÁZARO GAGO,LT 08 QD A,SP,3525904,15M0G7W,LTE,,,1842.5,1747.5,310,FB,Greenfield,não,760,"27331703519",16.16,27,66.76,2,X,50,12111805894,40,-23.15732,-46.79246,G,1/4/2022,11/6/2018,,5f3553e4d1c70,7/27/2031,,,Jundiaí,,x
LIC-LIC-01,CLARO S.A.,50409105090,10,25152016,1006517801,R INACIO SANTA MARIA,,SP,3525904,15M0G7W,LTE,,,1842.5,1747.5,240,FB,Greenfield,não,760,"27331703519",16.16,27,66.76,0,X,50,6091702519,79.43,-23.13183,-46.89172,G,11/21/2023,5/2/2018,,5f3553e4978ed,7/27/2031,,,Jundiaí,,x
LIC-LIC-01,CLARO S.A.,50409105090,10,25152016,1007536214,EST SIT SAO SILVESTRE,SITIO SÃO SILVESTRE (GLEBA F) - ENTRADA PELA SP036,SP,3525201,15M0G7W,LTE,,,1842.5,1747.5,240,FB,Greenfield,não,760,"9371303519",17.08,30,72.66,-2,X,60,12111805894,40,-23.11853,-46.76287,G,11/21/2023,11/6/2018,,5f3553e485f63,7/27/2031,,,Jarinu,,
LIC-LIC-01,CLARO S.A.,50409105090,10,25152016,1005863277,R  PAULO COSTA FILHO,,SP,3525904,15M0G7W,LTE,,,1842.5,1747.5,240,FB,Greenfield,não,760,,16.5,21,66,-1,X,40,6091702519,79.43,-23.11965,-46.93226,G,1/7/2026,3/23/2018,,5f3553e48314d,7/27/2031,,,Jundiaí,,x
LIC-LIC-01,CLARO S.A.,50409105090,10,25152016,1006803243,AV JOÃO ADOLPHO TRALDI,ACESSO PELO PARQUE MEMORIAL JAPI,SP,3508405,15M0G7W,LTE,,,1842.5,1747.5,220,FB,Greenfield,não,760,"27331703519",16.16,27,66.76,0,X,50,12111805894,40,-23.24033,-47.07196,G,11/21/2023,6/7/2018,,5f3553e48171f,7/27/2031,,,Cabreúva,,
LIC-LIC-01,CLARO S.A.,50409105090,10,25152016,1006616842,R ABRAHÃO FARHAT,AREA INDUSTRIAL,SP,3532405,15M0G7W,LTE,,,1842.5,1747.5,200,FB,Greenfield,não,760,"9371303519",17.08,30,72.66,0,X,60,12111805894,40,-23.168,-46.44659,G,8/29/2023,5/14/2018,,5f3553e46f2ef,8/6/2027,,,Nazaré Paulista,,
LIC-LIC-01,CLARO S.A.,50409105090,10,34672011,1003266239,R SERRA FORMOSA,EM FRENTE AO 208,SP,3516309,10M0G7W,LTE,,,2140,1950,220,FB,Greenfield,não,760,"27331703519",16.16,26,66.76,0,X,60,10891905894,80,-23.2963,-46.72877,G,11/21/2023,9/21/2016,,5f3553e46bb1d,6/1/2026,,,Francisco Morato,,
LIC-LIC-01,CLARO S.A.,50409105090,10,25152016,1005863242,R GUILHERME PORCARI,ESQUINA AV. GUILHERME PORCARI 1812,SP,3525904,15M0G7W,LTE,,,1842.5,1747.5,210,FB,Greenfield,não,760,"27331703519",16.16,27,66.76,-2,X,50,6091702519,79.43,-23.19887,-47.01998,G,11/21/2023,3/23/2018,,5f3553e4511c0,7/27/2031,,,Jundiaí,,x
LIC-LIC-01,CLARO S.A.,50409105090,10,25152016,1005929960,R  NIVALDO PRADELLA,LOTE 22  QD J,SP,3525904,15M0G7W,LTE,,,1842.5,1747.5,340,FB,Greenfield,não,760,,16.5,21,66,0,X,50,6091702519,79.43,-23.15764,-46.95953,G,5/6/2025,3/16/2018,,5f3553e44ff3b,7/27/2031,,,Jundiaí,,x
LIC-LIC-01,CLARO S.A.,50409105090,10,25152016,1007707400,ROD DOUTOR JAN ANTONIN BATA,KM 86 - SP036,SP,3538600,15M0G7W,LTE,,,1842.5,1747.5,340,FB,Greenfield,não,760,"9371303519",17.08,30,72.66,-2,X,50,12111805894,40,-23.08531,-46.40095,G,8/29/2023,12/4/2018,,5f3553e3d9f3f,8/6/2027,,,Piracaia,,
LIC-LIC-01,CLARO S.A.,50409105090,10,25152016,1003103038,R  EUGENIO SESTI,METADE DA CHÁCARA 11,SP,3523404,15M0G7W,LTE,,,1842.5,1747.5,250,FB,Greenfield,não,760,"27331703519",16.16,27,66.76,-4,X,60,12111805894,40,-23.02406,-46.82021,G,11/21/2023,8/2/2016,,5f3553e39d960,7/27/2031,,,Itatiba,,x
LIC-LIC-01,CLARO S.A.,50409105090,10,25152016,696278936,R SAN JUAN,LOTE 2 - QUADRA C,SP,3516309,15M0G7W,LTE,,,1842.5,1747.5,220,FB,Greenfield,não,760,"27331703519",16.16,27,66.76,0,X,51.5,6091702519,79.43,-23.2749,-46.72021,G,12/30/2025,11/22/2011,,5f3553e35e9b1,7/27/2031,,,Francisco Morato,,
LIC-LIC-01,CLARO S.A.,50409105090,10,25152016,1006517798,R SIMPLICIO MOURA FILHO,CHACARA SANTA RITA,SP,3525904,15M0G7W,LTE,,,1842.5,1747.5,260,FB,Greenfield,não,760,,16.5,21,66,-2,X,49.6,6091702519,79.43,-23.181,-47.01021,G,12/23/2024,5/2/2018,,5f3553e3582af,7/27/2031,,,Jundiaí,,x
LIC-LIC-01,CLARO S.A.,50409105090,10,25152016,1005863285,AV JOSÉ MEZZALIRA,ACESSO PELA ESTRADA DE TERRA,SP,3525904,15M0G7W,LTE,,,1842.5,1747.5,280,FB,Greenfield,não,760,"27331703519",16.16,27,66.76,0,X,50,6091702519,79.43,-23.15311,-46.83092,G,11/21/2023,3/23/2018,,5f3553e356c85,7/27/2031,,,Jundiaí,,x
LIC-LIC-01,CLARO S.A.,50409105090,10,25152016,1003229660,R TOCANTINS,,SP,3547304,15M0G7W,LTE,,,1842.5,1747.5,80,FB,Greenfield,não,760,,16.5,21,66,-2,X,60,12111805894,40,-23.42525,-46.85692,G,1/28/2026,9/12/2016,,5f3553e3056c9,7/27/2031,,,Santana de Parnaíba,,
LIC-LIC-01,CLARO S.A.,50409105090,10,34672011,693060743,R LAZARO CLAUDIO DE OLIVEIRA,,SP,3516309,10M0G7W,LTE,,,2140,1950,260,FB,Greenfield,não,760,"27331703519",16.16,26,66.76,0,X,60,10891905894,80,-23.25385,-46.73148,G,11/21/2023,12/15/2010,,5f3553e303e78,6/1/2026,,,Francisco Morato,,
LIC-LIC-01,CLARO S.A.,50409105090,10,25152016,692742042,R PALMA DE OURO,QUADRA B,SP,3545209,15M0G7W,LTE,,,1842.5,1747.5,270,FB,Greenfield,não,760,"27331703519",16.16,27,66.76,0,X,41,47451501882,40,-23.196,-47.2951,G,11/21/2023,9/15/2010,,5f3553e2c518d,7/27/2031,,,Salto,,x
LIC-LIC-01,CLARO S.A.,50409105090,10,25152016,379978873,R  MARECHAL DEODORO DA FONSECA,PRÓXIMO AO FORUM,SP,3509601,15M0G7W,LTE,,,1842.5,1747.5,210,FB,Greenfield,,760,"9371303519",17.08,30,72.66,-2,X,40,47451501882,40,-23.2039,-46.7911,G,11/21/2023,7/9/2003,,5f3553ddd69a0,7/27/2031,,,Campo Limpo Paulista,,x
LIC-LIC-01,CLARO S.A.,50409105090,10,25152016,684819279,ROD DOM PEDRO I,SP-065 (PROXIMO A ESTRADA MUNICIPAL JOAO BIANCO),SP,3523404,15M0G7W,LTE,,,1842.5,1747.5,220,FB,Greenfield,,760,"9371303519",17.08,30,72.66,0,X,57,47451501882,40,-22.98177,-46.81932,G,11/21/2023,12/15/2004,,5f3145197d6ea,7/27/2031,,,Itatiba,,x
LIC-LIC-01,CLARO S.A.,50409105090,10,25152016,3428354,R MAESTRO JOSÉ MARIA DOS PASSOS,,SP,3523909,15M0G7W,LTE,,,1842.5,1747.5,250,FB,Greenfield,,760,"27331703519",16.16,27,66.76,-3,X,41,12111805894,40,-23.2517,-47.3133,G,11/21/2023,11/14/2003,,5f3145196baff,7/27/2031,,,Itu,,x
LIC-LIC-01,CLARO S.A.,50409105090,10,25152016,1003617481,AV DOM BOSCO,ACESSO PELA RUA PAULO ABRAHÃO,SP,3507605,15M0G7W,LTE,,,1842.5,1747.5,180,FB,Greenfield,sim,760,"27331703519",16.16,27,66.76,-2,X,40,12111805894,40,-22.9352,-46.56262,G,11/21/2023,3/24/2017,,5f31450ce0542,7/27/2031,,,Bragança Paulista,,
LIC-LIC-01,CLARO S.A.,50409105090,10,25152016,1001579507,EST MUNICIPAL JOÃO BUOSO,SITIO SANTA CRUZ - ENTRADA PELA ESTRADA MUNICIPAL JOÃO BUOSO 1600,SP,3507605,15M0G7W,LTE,,,1842.5,1747.5,170,FB,Greenfield,,760,"27331703519",16.16,27,66.76,-4,X,70,6091702519,79.43,-22.99927,-46.47933,G,11/21/2023,5/25/2015,,5f31450b722bd,7/27/2031,,,Bragança Paulista,,
LIC-LIC-01,CLARO S.A.,50409105090,10,25152016,3428346,ROD ENGENHEIRO CONSTANCIO CINTRA,ACESSO POR ESTRADA DE TERRA,SP,3523404,15M0G7W,LTE,,,1842.5,1747.5,230,FB,Greenfield,,760,"9371303519",17.08,30,72.66,-5,X,56,47451501882,40,-23.03582,-46.84517,G,1/21/2026,11/14/2003,,5f3144f994cce,7/27/2031,,,Itatiba,,x
LIC-LIC-01,CLARO S.A.,50409105090,10,25152016,687986630,AV  AIDA HADDAD JAFET,ACESSO ESTRADA DE TERRA FAZENDA SANTA LUIZA,SP,3523404,15M0G7W,LTE,,,1842.5,1747.5,150,FB,Greenfield,,760,"27331703519",16.16,27,66.76,-1,X,72,47451501882,40,-23.0202,-46.86444,G,11/21/2023,1/13/2006,,5f3144f8475af,7/27/2031,,,Itatiba,,x
LIC-LIC-01,CLARO S.A.,50409105090,10,25152016,1003266182,AV BRASILIA,COND. RESIDENCIAL CORTINA D'AMPEZZO,SP,3523404,15M0G7W,LTE,,,1842.5,1747.5,265,FB,Rooftop,,760,"27331703519",16.16,27,66.76,0,X,48,12111805894,40,-23.00881,-46.85433,G,11/21/2023,9/21/2016,,5f3144f79b545,7/27/2031,,,Itatiba,,x
LIC-LIC-01,CLARO S.A.,50409105090,10,25152016,1003266158,AV JOSÉ MARIA SOLIDO,CONDOMÍNIOI PEDRO COSTA - BLOCO B,SP,3523404,15M0G7W,LTE,,,1842.5,1747.5,235,FB,Rooftop,,760,"27331703519",16.16,27,66.76,0,X,21,12111805894,40,-23.02332,-46.84735,G,11/21/2023,9/21/2016,,5f3144f743090,7/27/2031,,,Itatiba,,x
LIC-LIC-01,CLARO S.A.,50409105090,10,25152016,1003265992,AV DUQUE DE CAXIAS,,SP,3556503,15M0G7W,LTE,,,1842.5,1747.5,170,FB,Greenfield,,760,,16.5,21,66,0,X,60,12111805894,40,-23.20984,-46.80604,G,1/26/2026,9/21/2016,,5f3144f652d52,7/27/2031,,,Várzea Paulista,,x
LIC-LIC-01,CLARO S.A.,50409105090,10,25152016,1009114406,ROD ANHANGUERA,ESTADA FAZENDA SÃO JORGE,SP,3509205,15M0G7W,LTE,,,1842.5,1747.5,265,FB,Greenfield,não,760,"9371303519",17.08,30,72.66,-2,X,40,12111805894,40,-23.2896,-46.86324,G,11/21/2023,9/6/2019,,5f3144df16957,7/27/2031,,,Cajamar,,
LIC-LIC-01,CLARO S.A.,50409105090,10,25152016,1003096260,R DAS PALMAS,,SP,3504107,15M0G7W,LTE,,,1842.5,1747.5,230,FB,Greenfield,não,760,"27331703519",16.16,27,66.76,-2,X,32.5,12111805894,40,-23.1135,-46.5104,G,11/21/2023,8/2/2016,,5f3144da2cac8,7/27/2031,,,Atibaia,,
LIC-LIC-01,CLARO S.A.,50409105090,10,25152016,1008393050,ROD FERNAO DIAS,BOURBOM RESORT ATIBAIA,SP,3504107,15M0G7W,LTE,,,1842.5,1747.5,0,FB,Indoor,não,168,,4,0,360,0,V,3,6091702519,79.4,-23.10754,-46.57302,G,11/21/2023,4/15/2019,,5f3144d9ccb31,7/27/2031,,,Atibaia,,
LIC-LIC-01,CLARO S.A.,50409105090,10,25152016,1003103003,R  LUIZ GONZAGA LEME,,SP,3507605,15M0G7W,LTE,,,1842.5,1747.5,255,FB,Greenfield,não,760,"27331703519",16.16,27,66.76,-1,X,34,12111805894,40,-22.91286,-46.52686,G,11/21/2023,8/2/2016,,5f3144d987dba,7/27/2031,,,Bragança Paulista,,
LIC-LIC-01,CLARO S.A.,50409105090,10,25152016,1007536125,AV SANTO AGOSTINHO,,SP,3507100,15M0G7W,LTE,,,1842.5,1747.5,260,FB,Greenfield,não,760,"9371303519",17.08,30,72.66,-2,X,61,12111805894,40,-23.14526,-46.46519,G,11/21/2023,11/6/2018,,5f3144c364b13,7/27/2031,,,Bom Jesus dos Perdões,,
LIC-LIC-01,CLARO S.A.,50409105090,10,25152016,687472121,EST DOS ROMEIROS,(FAZENDA BELA FLOR),SP,3502754,15M0G7W,LTE,,,1842.5,1747.5,300,FB,Greenfield,,760,"8541105344",16.97,34.65,71.05,-5,X,70.5,6091702519,79.43,-23.3612,-47.0676,G,11/21/2023,1/13/2006,,5f3144afe7b54,7/27/2031,,,Araçariguama,,
LIC-LIC-01,CLARO S.A.,50409105090,10,25152016,617696985,AV VEREADOR JOSÉ DONATO,LADO ESQUERDO N.167,SP,3508405,15M0G7W,LTE,,,1842.5,1747.5,330,FB,Greenfield,,760,"27331703519",16.16,27,66.76,0,X,59,47451501882,40,-23.2566,-47.0549,G,11/21/2023,6/12/2001,,5f3144af8ef7a,7/27/2031,,,Cabreúva,,
LIC-LIC-01,CLARO S.A.,50409105090,10,25152016,1007536320,AL BEM TE VI,,SP,3502754,15M0G7W,LTE,,,1842.5,1747.5,220,FB,Greenfield,não,760,"9371303519",17.08,30,72.66,-2,X,50,12111805894,40,-23.41062,-47.09628,G,11/21/2023,11/6/2018,,5f3144ab647e3,7/27/2031,,,Araçariguama,,
LIC-LIC-01,CLARO S.A.,50409105090,10,25152016,687462746,AV PACAEMBU,,SP,3525904,15M0G7W,LTE,,,1842.5,1747.5,320,FB,Greenfield,,760,"27331703519",16.16,27,66.76,0,X,40,12111805894,40,-23.1858,-46.8166,G,6/20/2023,1/13/2006,,5f3144a0aa23d,8/6/2027,,,Jundiaí,,x
LIC-LIC-01,CLARO S.A.,50409105090,10,25152016,687289270,EST DO MOINHO,ACESSO PELA RODOVIA EDGAR MAXIMO ZAMBOTTO  KM 51 7,SP,3509601,15M0G7W,LTE,,,1842.5,1747.5,340,FB,Greenfield,,760,"8541105344",16.97,34.65,71.05,-2,X,80,47451501882,40,-23.2489,-46.7889,G,11/21/2023,8/17/2005,,5f31448c9a773,7/27/2031,,,Campo Limpo Paulista,,x
LIC-LIC-01,CLARO S.A.,50409105090,10,97692014,684147130,R FERRUCCIO JANARELLI,LOTE 2 - ACESSO PELA ROD. CASTELO BRANCO   47+ 600,SP,3502754,10M0G7W,LTE,,,798,743,280,FB,Greenfield,,760,"27331703519",14.1,25,66.56,5,X,56,57731705894,80,-23.43803,-47.0773,G,11/21/2023,8/19/2004,,5f314486cc672,12/8/2029,,,Araçariguama,,
LIC-LIC-01,CLARO S.A.,50409105090,10,25152016,534764304,ROD PRESIDENTE CASTELO BRANCO,RODOVIA PRESIDENTE CASTELO BRANCO - (PISTA LESTE INTERIOR-SP),SP,3502754,15M0G7W,LTE,,,1842.5,1747.5,230,FB,Greenfield,,760,"8541105344",16.97,34.65,71.05,-5,X,72.5,6091702519,79.43,-23.43614,-47.12036,G,11/21/2023,10/10/2001,,5f314486845bf,7/27/2031,,,Araçariguama,,
LIC-LIC-01,CLARO S.A.,50409105090,10,25152016,684839016,R DONA MARIA NUNES,,SP,3528502,15M0G7W,LTE,,,1842.5,1747.5,250,FB,Greenfield,,760,"9371303519",17.08,30,72.66,0,X,69,47451501882,40,-23.3525,-46.633,G,11/21/2023,12/15/2004,,5f3144801635f,7/27/2031,,,Mairiporã,,
LIC-LIC-01,CLARO S.A.,50409105090,10,25152016,598738045,R ANGÉLICA DOURADA,,SP,3504107,15M0G7W,LTE,,,1842.5,1747.5,200,FB,Greenfield,,760,"27331703519",16.16,27,66.76,0,X,46,47451501882,40,-23.07467,-46.57097,G,11/27/2025,5/7/2001,,5f31447364e5d,7/27/2031,,,Atibaia,,
LIC-LIC-01,CLARO S.A.,50409105090,10,25152016,682597201,EST BRASÍLIA,LOTE 23 QUADRA A- ESTRADA BRASÍLIA  CHÁCARA SÃO JOÃO,SP,3528502,15M0G7W,LTE,,,1842.5,1747.5,250,FB,Greenfield,,760,"8541105344",16.97,34.65,71.05,-2,X,57,47451501882,40,-23.23966,-46.60042,G,11/21/2023,8/15/2002,,5f314472654d0,7/27/2031,,,Mairiporã,,
LIC-LIC-01,CLARO S.A.,50409105090,10,25152016,687275270,R SÃO ROQUE,,SP,3504107,15M0G7W,LTE,,,1842.5,1747.5,290,FB,Greenfield,,760,"27331703519",16.16,27,66.76,0,X,26,47451501882,40,-23.1504,-46.5589,G,9/26/2024,8/17/2005,,5f3144715657f,7/27/2031,,,Atibaia,,
LIC-LIC-01,CLARO S.A.,50409105090,10,25152016,684875039,AV PREFEITO ANTONIO JULIO TOLEDO GARCIA LOPES,KM 2 5,SP,3504107,15M0G7W,LTE,,,1842.5,1747.5,220,FB,Greenfield,,760,"27331703519",16.16,27,66.76,0,X,40,47451501882,40,-23.138,-46.5887,G,11/21/2023,12/15/2004,,5f314470ec79e,7/27/2031,,,Atibaia,,
LIC-LIC-01,CLARO S.A.,50409105090,10,25152016,689986661,AV FRANCISCO SAMUEL LUCHESI FILHO,EM FRENTE 125,SP,3507605,15M0G7W,LTE,,,1842.5,1747.5,240,FB,Greenfield,,760,"9371303519",17.08,30,72.66,-3,X,41,47451501882,40,-22.9419,-46.5297,G,11/21/2023,3/5/2008,,5f31446f2bbc5,7/27/2031,,,Bragança Paulista,,
LIC-LIC-01,CLARO S.A.,50409105090,10,25152016,1007676334,ROD ALKINDAR MONTEIRO JUNQUEIRA,KM 53 - BRAGANÇA GARDEN SHOPPING,SP,3507605,15M0G7W,LTE,,,1842.5,1747.5,0,FB,Rooftop,,168,,3,0,360,0,V,3,12111805894,40,-22.97046,-46.56715,G,11/21/2023,11/16/2018,,5f31446e8fecb,7/27/2031,,,Bragança Paulista,,
LIC-LIC-01,CLARO S.A.,50409105090,10,25152016,683834711,R JOSE VULCANO,EM FRENTE AO NÚMERO 235,SP,3507605,15M0G7W,LTE,,,1842.5,1747.5,220,FB,Greenfield,,760,"27331703519",16.16,27,66.76,-4,X,34,47451501882,40,-22.9099,-46.555,G,11/21/2023,12/15/2003,,5f31446534347,7/27/2031,,,Bragança Paulista,,
LIC-LIC-01,CLARO S.A.,50409105090,10,25152016,1007190172,ROD ENGENHEIRO CONSTÂNCIO CINTRA,ACESSO POR ESTRADA DE TERRA,SP,3523404,15M0G7W,LTE,,,1842.5,1747.5,240,FB,Greenfield,sim,760,"9371303519",17.08,30,72.66,-2,X,58,12111805894,40,-22.93573,-46.79136,G,11/21/2023,10/18/2018,,5f2aa4c21189a,7/27/2031,,,Itatiba,,x
LIC-LIC-01,CLARO S.A.,50409105090,10,25152016,1007536192,ROD SP 354 EDGARD MAXIMO ZAMBOTTO,KM 62 - ACESSO PELA RUA UM,SP,3525201,15M0G7W,LTE,,,1842.5,1747.5,220,FB,Greenfield,sim,760,"9371303519",17.08,30,72.66,0,X,56,12111805894,40,-23.1726,-46.77108,G,11/21/2023,11/6/2018,,5f2aa4c1ddcbe,7/27/2031,,,Jarinu,,
LIC-LIC-01,CLARO S.A.,50409105090,10,25152016,1003229589,R DOUTOR ARMANDO PINTO,EM FRENTE AO NÚMERO 1793,SP,3516408,15M0G7W,LTE,,,1842.5,1747.5,300,FB,Greenfield,sim,760,"27331703519",16.16,27,66.76,7,X,53,12111805894,40,-23.3248,-46.744,G,6/10/2025,9/12/2016,,5f2aa4c1c70fd,7/27/2031,,,Franco da Rocha,,
LIC-LIC-01,CLARO S.A.,50409105090,10,25152016,1007536311,ROD JAN ANTONIN BATA,NO FIM DA AVENIDA NEXTEL (SITIO KIKUCHI CANEDOS),SP,3538600,15M0G7W,LTE,,,1842.5,1747.5,250,FB,Greenfield,sim,760,"9371303519",17.08,30,72.66,-2,X,62,12111805894,40,-23.11069,-46.45742,G,8/29/2023,11/6/2018,,5f2aa4c1c42c7,8/6/2027,,,Piracaia,,
LIC-LIC-01,CLARO S.A.,50409105090,10,25152016,1007536230,R FRANCISCO STRANIERI,AO LADO DO Nº 169 SN,SP,3532009,15M0G7W,LTE,,,1842.5,1747.5,280,FB,Greenfield,sim,760,"9371303519",17.08,30,72.66,0,X,35,12111805894,40,-22.86778,-46.79309,G,8/29/2023,11/6/2018,,5f2aa4c1c2602,8/6/2027,,,Morungaba,,x
LIC-LIC-01,CLARO S.A.,50409105090,10,25152016,1007536222,AV DO PROGRESSO,,SP,3525201,15M0G7W,LTE,,,1842.5,1747.5,280,FB,Greenfield,sim,760,"9371303519",17.08,30,72.66,-1,X,67,12111805894,40,-23.03815,-46.69132,G,11/21/2023,11/6/2018,,5f2aa4c1bfd52,7/27/2031,,,Jarinu,,
LIC-LIC-01,CLARO S.A.,50409105090,10,25152016,1007536290,EST MUNICIPAL PRC 040 28,SITIO QUIM CORREA,SP,3538600,15M0G7W,LTE,,,1842.5,1747.5,270,FB,Greenfield,sim,760,"9371303519",17.08,30,72.66,2,X,57,12111805894,40,-23.10234,-46.43612,G,8/29/2023,11/6/2018,,5f2aa4c1bdbca,8/6/2027,,,Piracaia,,
LIC-LIC-01,CLARO S.A.,50409105090,10,25152016,1003306575,R ALEXANDRA CERVIGON GIMENEZ ORTIZ,,SP,3523404,15M0G7W,LTE,,,1842.5,1747.5,230,FB,Greenfield,sim,760,"27331703519",16.16,27,66.76,0,X,47,12111805894,40,-22.9627,-46.88381,G,11/21/2023,9/30/2016,,5f2aa4c03afd3,7/27/2031,,,Itatiba,,x
LIC-LIC-01,CLARO S.A.,50409105090,10,25152016,1003319421,EST LUIZ SUZAN,SITIO SÃO CARLOS - ACESSO PELA ESTRADA LEOPOLDINO BORTOLOSSI,SP,3523404,15M0G7W,LTE,,,1842.5,1747.5,220,FB,Greenfield,,760,"27331703519",16.16,27,66.76,0,X,61.2,12111805894,40,-23.01283,-46.9058,G,11/21/2023,9/28/2016,,5f2aa4bce1093,7/27/2031,,,Itatiba,,x
LIC-LIC-01,CLARO S.A.,50409105090,10,25152016,696669072,ROD ENGENHEIRO CONSTANCIO CINTRA,ACESSO DE TERRA - PROXIMO AO NÚMERO 6900,SP,3523404,15M0G7W,LTE,,,1842.5,1747.5,280,FB,Greenfield,,760,"27331703519",16.16,27,66.76,-1,X,40,47451501882,40,-23.05372,-46.85011,G,11/21/2023,4/4/2012,,5f2aa4bbe4290,7/27/2031,,,Itatiba,,x
LIC-LIC-01,TELEFONICA BRASIL S.A.,50409146447,10,59072012,693081171,Rua Capitão Silvio Fleming,Condomínio Edifício Residencial Maktub,SP,3523909,20M0G7W,LTE,,,2680,2560,260,FB,Rooftop,,760,"56001603518",17.5,30,57,8,X,38,45621602519,40,-23.268811,-47.292711,G,9/20/2023,12/30/2010,,5f1700638181f,10/18/2027,,,Itu,,x
LIC-LIC-01,TELEFONICA BRASIL S.A.,50409146447,10,97432014,1010544028,Avenida Manacá,,SP,3556503,10M0G7W,LTE,,,788,733,270,FB,Greenfield,não,760,"44181403519",14.2,32,58,10,X,60,57731705894,80,-23.237153,-46.848733,G,9/20/2023,6/19/2020,,5f170063724f2,12/8/2029,,,Várzea Paulista,,x
LIC-LIC-01,Telefonica Brasil S.a.,50409146447,10,59072012,379962969,RUA ANDRÉ TELHA  36,,SP,3545209,20M0G7W,LTE,,,2680,2560,220,FB,Greenfield,,760,"56001603518",17.5,30,57,7,X,42,45621602519,40,-23.179703,-47.318097,G,10/31/2024,4/29/1999,,5f17006359edc,10/18/2027,,,Salto,,x
LIC-LIC-01,Telefonica Brasil S.a.,50409146447,10,24862016,688104282,Rua Dona Maria Nunes  1150 Lote 17 Quadra 1 - Represa,,SP,3528502,10M0G7W,LTE,,,2625,2505,260,FB,Greenfield,,760,"44181403519",16.9,32,58,4,X,55,45621602519,40,-23.34139,-46.63722,G,4/2/2025,2/13/2006,,5f1700633ffc8,8/26/2031,,,Mairiporã,,
LIC-LIC-01,Telefonica Brasil S.a.,50409146447,10,97432014,1007750933,RUA EDIO BELGINI JUNIOR  195,,SP,3523404,10M0G7W,LTE,,,788,733,300,FB,Greenfield,sim,760,"1.29E+11",13.36,25,79.01,4,X,49,57731705894,80,-23.008814,-46.8044,G,10/15/2024,12/5/2018,,5f1700631d390,12/8/2029,,,Itatiba,,x
LIC-LIC-01,CLARO S.A.,50409105090,10,59592012,399687211,R LUIZ GARBIN,,SP,3538709,20M0G7W,LTE,,,2640,2520,240,FB,Greenfield,,760,"27331703519",17.05,28,65.49,-1,X,30,56351705894,40,-22.67788,-47.68682,G,12/23/2024,5/14/2003,,5f11ad5fa78c3,10/18/2027,,,Piracicaba,,x
LIC-LIC-01,CLARO S.A.,50409105090,10,59592012,1007219987,AV LAERSON ANDIA,QD. H,SP,3545803,20M0G7W,LTE,,,2640,2520,120,FB,Greenfield,não,760,,17.6,21,51,-2,X,40,56351705894,40,-22.75771,-47.43357,G,9/11/2025,10/16/2018,,5efdfe77853d6,10/18/2027,,,Santa Bárbara d'Oeste,,x
LIC-LIC-01,CLARO S.A.,50409105090,10,59592012,690017170,R JOAQUIM LEITE DE CAMPOS PEREIRA,,SP,3538709,20M0G7W,LTE,,,2640,2520,310,FB,Greenfield,,760,"27331703519",17.05,28,65.49,-3,X,60,56351705894,40,-22.75506,-47.62031,G,12/4/2024,2/27/2008,,5efdfe75cf647,10/18/2027,,,Piracicaba,,x
LIC-LIC-01,TELEFONICA BRASIL S.A.,50409146447,10,48422023,441995039,RUA A,CONDOMÍNIO VALE DO CEBRANTE  51,SP,3525904,5M00G7W,LTE,,,1867.5,1772.5,210,FB,Greenfield,não,760,"56001603518",16.7,30,64,2,X,56,6091702519,80,-23.202706,-47.005281,G,1/2/2024,12/15/1999,,5eed1e1b313c5,12/22/2032,,,Jundiaí,,x
LIC-LIC-01,TELEFONICA BRASIL S.A.,50409146447,10,59072012,441994563,RUA ACÁCIA,LOTE 12 QUADRA 9 LOTEAMENTO PARQUE FERNÃO DIAS,SP,3504107,20M0G7W,LTE,,,2680,2560,360,FB,Greenfield,não,760,"56001603518",17.7,28,58,2,X,37,45621602519,40,-23.1713,-46.575189,G,12/18/2023,12/15/1999,,5eed1e1b202e1,10/18/2027,,,Atibaia,,
LIC-LIC-01,CLARO S.A.,50409105090,10,59592012,1006617059,R PORTO ALEGRE,,SP,3533403,20M0G7W,LTE,,,2640,2520,270,FB,Greenfield,sim,760,"27331703519",17.05,28,65.49,0,X,36,56351705894,40,-22.79018,-47.28462,G,11/21/2023,5/14/2018,,5ece942cbbc70,10/18/2027,,,Nova Odessa,,x
LIC-LIC-01,TELEFONICA BRASIL S.A.,50409146447,10,97432014,379980770,Rodovia Fernão Dias,KM 16 5 BR 381,SP,3507605,10M0G7W,LTE,,,788,733,290,FB,Greenfield,não,760,"56001603518",13.5,25,63,6,X,40,57731705894,80,-22.961761,-46.479964,G,9/6/2023,12/10/1999,,5ec3efdd694b5,12/8/2029,,,Bragança Paulista,,
LIC-LIC-01,TELEFONICA BRASIL S.A.,50409146447,10,97432014,1010296059,Rua Queiróz  410 - Terras da Capela de Santo Antônio,,SP,3524709,10M0G7W,LTE,,,788,733,270,FB,Greenfield,não,760,"44181403519",14.2,32,58,7,X,46,57731705894,40,-22.70528,-46.9575,G,11/29/2023,4/14/2020,,5ebea78c3f075,12/8/2029,,,Jaguariúna,,x
LIC-LIC-01,CLARO S.A.,50409105090,10,46622011,687238501,RODOVIA SP 360  KM 154  TRÊS BARRAS,,SP,3551603,10M0G7W,LTE,,,1875,,220,FB,Greenfield,,760,"27331703519",16.16,27,66.76,1,X,70,6091702519,79.4,-22.59611,-46.68056,G,7/3/2020,7/12/2005,,5eb95e14d2b86,3/31/2028,,,Serra Negra,,x
LIC-LIC-01,CLARO S.A.,50409105090,10,97692014,442517637,R BELIZIARIA MARIA DE JESUS,,SP,3551603,10M0G7W,LTE,,,798,743,250,FB,Greenfield,não,760,"27331703519",14.1,25,66.56,-1,X,30,57731705894,80,-22.59816,-46.70834,G,11/21/2023,8/16/2000,,5eb95df2efb55,12/8/2029,,,Serra Negra,,x
LIC-LIC-01,TELEFONICA BRASIL S.A.,50409146447,10,48422023,505809052,RODOVIA PRESIDENTE CASTELLO BRANCO,KM 94 5 SP 280,SP,3552205,5M00G7W,LTE,,,1867.5,1772.5,290,FB,Greenfield,não,760,"56001603518",17,26,65,2,X,60,83071803257,40,-23.358614,-47.491922,G,1/9/2024,11/28/2000,,5ea9d45124756,12/22/2032,,,Sorocaba,,
LIC-LIC-01,TELEFONICA BRASIL S.A.,50409146447,10,48422023,699907152,RODOVIA DOM PEDRO I,KM 108 SP 65,SP,3523404,5M00G7W,LTE,,,1867.5,1772.5,210,FB,Greenfield,não,760,"1.29E+11",14.3,31,63,2,X,40,12111805894,40,-22.9646,-46.8454,G,1/3/2024,7/29/2016,,5e8cc9218a019,12/22/2032,,,Itatiba,,x
LIC-LIC-01,TELEFONICA BRASIL S.A.,50409146447,10,97432014,1007660888,Rua Ribeirão Preto,,SP,3545209,10M0G7W,LTE,,,788,733,50,FB,Greenfield,não,760,"56001603518",13.5,25,63,12,X,30,57731705894,40,-23.2048,-47.278881,G,11/27/2023,11/14/2018,,5e84928617a78,12/8/2029,,,Salto,,x
LIC-LIC-01,TELEFONICA BRASIL S.A.,50409146447,10,97432014,1007751018,Alameda Lorena,Lote 52,SP,3504107,10M0G7W,LTE,,,788,733,70,FB,Greenfield,não,760,"56001603518",13.5,25,63,8,X,26,57731705894,40,-23.143919,-46.568781,G,11/27/2023,12/5/2018,,5e849285159b7,12/8/2029,,,Atibaia,,
LIC-LIC-01,TELEFONICA BRASIL S.A.,50409146447,10,97432014,690168640,RUA INGLATERRA,LOTE 18 QUADRA S LOTEAMENTO VILAREJO SOPÉ DA SERRA,SP,3508405,10M0G7W,LTE,,,788,733,220,FB,Greenfield,sim,760,"56001603518",11.14,25,75.69,2,X,39,57731705894,80,-23.273917,-47.055833,G,12/20/2023,4/1/2008,,5e849284486fe,12/8/2029,,,Cabreúva,,
LIC-LIC-01,TELEFONICA BRASIL S.A.,50409146447,10,97432014,1010141667,RUA JOAQUIM VILAC,,SP,3509502,10M0G7W,LTE,,,788,733,260,FB,Rooftop,não,760,"56001603518",13.5,25,63,2,X,44,48811903257,40,-22.907183,-47.084983,G,2/29/2024,2/20/2020,,5e7b7f9c75303,12/8/2029,,,Campinas,,x
LIC-LIC-01,TELEFONICA BRASIL S.A.,50409146447,10,97432014,692892303,RUA FONTE DAS FONTES,SÍTIO SANTA ADÉLIA,SP,3509502,10M0G7W,LTE,,,788,733,40,FB,Greenfield,não,760,"56001603518",14.6,25,68,5,X,57,48811903257,40,-22.771739,-47.076372,G,8/22/2024,10/27/2010,,5e69292a3f612,12/8/2029,,,Campinas,,x
LIC-LIC-01,TELEFONICA BRASIL S.A.,50409146447,10,97432014,1010049060,RUA PROFESSORA MARIA DE LOURDES FRANCA DA SILVEIRA,,SP,3525904,10M0G7W,LTE,,,788,733,360,FB,Greenfield,não,760,"56001603518",14.6,25,68,2,X,32,57731705894,80,-23.16805,-46.914078,G,4/29/2024,2/18/2020,,5e4c242397ebe,12/8/2029,,,Jundiaí,,x
LIC-LIC-01,TELEFONICA BRASIL S.A.,50409146447,10,97432014,1009989399,RUA ESTRÓPIO WHILHEL DE FREITAS,,SP,3509502,10M0G7W,LTE,,,788,733,320,FB,Greenfield,não,760,"56001603518",13.5,25,63,4,X,40,48811903257,40,-22.9515,-47.034694,G,8/22/2024,1/17/2020,,5e31c82018a52,12/8/2029,,,Campinas,,x
LIC-LIC-01,CLARO S.A.,50409105090,10,97692014,1009792757,RUA APARECIDA MARIA DE DEUS  S/N  JARDIM PRIMAVERA,,SP,3507605,10M0G7W,LTE,,,798,,290,FB,Greenfield,sim,760,"27331703519",14.1,25,66.56,0,X,60,57731705894,80,-22.98361,-46.54028,G,1/7/2020,12/29/2019,,5e28be3fd4eea,12/8/2029,,,Bragança Paulista,,
LIC-LIC-01,TELEFONICA BRASIL S.A.,50409146447,10,59072012,1009922200,Rua Primavera,,SP,3508405,20M0G7W,LTE,,,2680,2560,240,FB,Greenfield,não,760,"44181403519",16.9,32,58,2,X,48,45621602519,40,-23.297611,-47.134911,G,11/28/2023,1/17/2020,,5e2203bfe995a,10/18/2027,,,Cabreúva,,
LIC-LIC-01,TELEFONICA BRASIL S.A.,50409146447,10,97432014,1009922138,RUA MAJOR GUSTAVO ADOLFO STORCH,CENTRO EMPRESARIAL VILLA JOBIM,SP,3525904,10M0G7W,LTE,,,788,733,275,FB,Rooftop,não,760,"56001603518",13.5,25,63,2,X,37,57731705894,80,-23.186083,-46.89725,G,6/12/2024,1/17/2020,,5e21ed1c5d289,12/8/2029,,,Jundiaí,,x
LIC-LIC-01,Telefonica Brasil S.a.,50409146447,10,97432014,1005046694,RUA AREAL,,SP,3509502,10M0G7W,LTE,,,788,733,230,FB,Greenfield,não,760,"56001603518",14.6,25,68,2,X,35,48811903257,40,-22.922783,-46.999961,G,11/13/2024,10/20/2017,,5e1f688c9cefb,12/8/2029,,,Campinas,,x
LIC-LIC-01,TELEFONICA BRASIL S.A.,50409146447,10,97432014,403092337,RODOVIA PRESIDENTE CASTELLO BRANCO,KM 89 8 SP 280,SP,3552205,10M0G7W,LTE,,,788,733,260,FB,Greenfield,não,760,"56001603518",14.5,25,68,0,X,46,48811903257,40,-23.371869,-47.443308,G,8/20/2024,12/10/1999,,5e1f688c3db8b,12/8/2029,,,Sorocaba,,
LIC-LIC-01,CLARO S.A.,50409105090,10,97692014,1009792749,AVENIDA ROMEU PELLICCIARI,AO LADO DO Nº 101,SP,3525904,10M0G7W,LTE,,,798,743,160,FB,Greenfield,sim,760,,13.4,21,68,0,X,51,57731705894,80,-23.1836,-46.86269,G,4/14/2025,12/30/2019,,5e0a09769a07c,12/8/2029,,,Jundiaí,,x
LIC-LIC-01,CLARO S.A.,50409105090,10,46622011,1009791980,RUA MARIO PEDRO VERCELLINO  650  CENTRO,,SP,3507001,10M0G7W,LTE,,,1875,,240,FB,Greenfield,sim,760,"9371303519",17.08,30,72.66,0,X,26,12111805894,40,-23.29222,-47.68028,G,6/28/2022,12/30/2019,,5e0a0973a087d,3/31/2028,,,Boituva,,x
LIC-LIC-01,Telefonica Brasil S.a.,50409146447,10,97432014,1009786072,AVENIDA ZELIA LIMA ROSA,,SP,3507001,10M0G7W,LTE,,,788,733,230,FB,Greenfield,não,760,"44181403519",14.2,32,58,10,X,49,57731705894,40,-23.293189,-47.650992,G,10/31/2024,12/3/2019,,5dfd1de29e5b5,12/8/2029,,,Boituva,,x
LIC-LIC-01,CLARO S.A.,50409105090,10,97692014,1009775470,R ANTONIO DOMINGOS EUFROSINO DE SOUZA,,SP,3503307,10M0G7W,LTE,,,798,743,240,FB,Greenfield,sim,760,,13.4,21,68,1,X,49.5,57731705894,80,-22.34507,-47.37014,G,7/14/2025,12/13/2019,,5df3c213640eb,12/8/2029,,,Araras,,
LIC-LIC-01,CLARO S.A.,50409105090,10,46622011,1009673812,RODOVIA BANDEIRANTES  S/N  DO CAMPO,,SP,3545803,10M0G7W,LTE,,,1875,,120,FB,Greenfield,sim,760,"27331703519",16.16,27,66.76,0,X,50,12111805894,40,-22.82972,-47.36556,G,1/24/2020,12/13/2019,,5df3c20d15b20,3/31/2028,,,Santa Bárbara d'Oeste,,x
LIC-LIC-01,TELEFONICA BRASIL S.A.,50409146447,10,97432014,410917206,RUA MANOEL CORREIA DE ARZÃO,,SP,3538709,10M0G7W,LTE,,,788,733,360,FB,Greenfield,não,760,"56001603518",14.5,24,62,6,X,20,57731705894,40,-22.678833,-47.683614,G,12/17/2023,12/13/1999,,5df3c202b9d6f,12/8/2029,,,Piracicaba,,x
LIC-LIC-01,TELEFONICA BRASIL S.A.,50409146447,10,97432014,534548393,RUA MARIA DE ALMEIDA MAGALHÃES,,SP,3509502,10M0G7W,LTE,,,788,733,220,FB,Greenfield,não,760,"56001603518",14.6,25,68,2,X,39,48811903257,40,-22.879856,-46.964286,G,10/14/2024,9/15/2000,,5df3c2024d761,12/8/2029,,,Campinas,,x
LIC-LIC-01,Telefonica Brasil S.a.,50409146447,10,97432014,1009601366,RUA AVELINO SILVEIRA FRANCO,L'OFFICE IMÓVEIS,SP,3509502,10M0G7W,LTE,,,788,733,70,FB,Rooftop,não,760,"56001603518",14.5,25,68,2,X,16,48811903257,40,-22.893119,-46.991847,G,10/15/2024,11/18/2019,,5de54d9d01642,12/8/2029,,,Campinas,,x
LIC-LIC-01,TELEFONICA BRASIL S.A.,50409146447,10,97432014,1009578526,RUA BAHIA,GERALDO PINHEIRO DE OLIVEIRA,SP,3525904,10M0G7W,LTE,,,788,733,240,FB,Greenfield,não,760,"56001603518",17.5,25,62,10,X,30,57731705894,40,-23.170772,-46.866233,G,2/14/2024,11/25/2019,,5ddc002982e53,12/8/2029,,,Jundiaí,,x
LIC-LIC-01,TELEFONICA BRASIL S.A.,50409146447,10,97432014,691931623,RUA IDALINO GOMES MELO,,SP,3509502,10M0G7W,LTE,,,788,733,230,FB,Greenfield,não,760,"56001603518",14.6,25,68,2,X,40,48811903257,40,-22.984631,-47.14665,G,8/20/2024,11/26/2009,,5dd55c3c7bafd,12/8/2029,,,Campinas,,x
LIC-LIC-01,CLARO S.A.,50409105090,10,59592012,1009535371,ALAMEDA PROFESSOR LUCAS NOGUEIRA GARCEZ  3540  JD PAULISTA,,SP,3504107,20M0G7W,LTE,,,2640,,240,FB,Greenfield,sim,760,"8541105344",16.85,33.74,67.81,0,X,39,56351705894,40,-23.13917,-46.555,G,11/4/2019,11/20/2019,,5dd55c3712f32,10/18/2027,,,Atibaia,,
LIC-LIC-01,CLARO S.A.,50409105090,10,46622011,1009514412,RODOVIA DEPUTADO MÁRIO BENI  S/N  JARDIM IPE,,SP,3557303,10M0G7W,LTE,,,1875,,230,FB,Greenfield,sim,760,"9371303519",17.08,30,72.66,0,X,50,12111805894,40,-22.26917,-46.97306,G,10/31/2019,11/12/2019,,5dcae5a2b8bd5,3/31/2028,,,Estiva Gerbi,,
LIC-LIC-01,CLARO S.A.,50409105090,10,46622011,1009514382,RUA SEBASTIAO RISSATTI  S/N  CHACARAS RECREIO CAMPESTRE,,SP,3548005,10M0G7W,LTE,,,1875,,190,FB,Greenfield,sim,760,"9371303519",17.08,30,72.66,0,X,50,12111805894,40,-22.58694,-47.00444,G,10/31/2019,10/31/2019,,5dcae5a23ae82,3/31/2028,,,Santo Antônio de Posse,,
LIC-LIC-01,CLARO S.A.,50409105090,10,97692014,685039986,RODOVIA SP 127  S/N  ZONA RURAL,,SP,3545159,10M0G7W,LTE,,,798,,320,FB,Greenfield,não,760,"27331703519",14.1,25,66.56,0,X,60,57731705894,80,-22.86444,-47.68889,G,10/25/2019,12/30/2004,,5dcae549b13c6,12/8/2029,,,Saltinho,,x
LIC-LIC-01,CLARO S.A.,50409105090,10,97692014,442517629,R AMPARO,,SP,3551603,10M0G7W,LTE,,,798,743,240,FB,Greenfield,não,760,,13.4,21,68,-1,X,41,57731705894,80,-22.6177,-46.70392,G,11/21/2025,8/16/2000,,5dadcd395c963,12/8/2029,,,Serra Negra,,x
LIC-LIC-01,CLARO S.A.,50409105090,10,97692014,690846070,R ANTONIO PEDRO LUCAS,,SP,3552205,10M0G7W,LTE,,,798,743,170,FB,Greenfield,sim,760,,13.3,25,60,-2,X,20,33782402519,79.43,-23.43229,-47.45567,G,8/2/2024,11/25/2008,,5da8881f42418,12/8/2029,,,Sorocaba,,
LIC-LIC-01,Telefonica Brasil S.a.,50409146447,10,166262022,689894449,AVENIDA RAIMUNDO PEREIRA MAGALHÃES  12011,CONDOMÍNIO PORTO SEGURO,SP,3550308,10M0G7W,LTE,,,2150,1960,190,FB,Rooftop,não,760,"56001603518",14.8,25,56,2,X,47.5,40952002519,40,-23.434033,-46.722535,G,10/15/2024,12/20/2007,,5d96188faccc1,12/22/2032,,,São Paulo,,
LIC-LIC-01,Telefonica Brasil S.a.,50409146447,10,48422023,1001697003,RODOVIA MARECHAL RONDON  KM 113 SP 300 SÍTIO SÃO LUIZ,,SP,3523909,5M00G7W,LTE,,,1862.5,1767.5,260,FB,Greenfield,não,760,"1.29E+11",14.3,31,63,2,X,41,12111805894,40,-23.254939,-47.35675,G,10/31/2024,7/8/2015,,5d96188f83373,12/22/2032,,,Itu,,x
LIC-LIC-01,TELEFONICA BRASIL S.A.,50409146447,10,97432014,379981610,Rodovia Dom Pedro I,Km 78 Sp 65 (Próximo ao Posto Hudson),SP,3504107,10M0G7W,LTE,,,788,733,270,FB,Greenfield,não,760,"56001603518",13.5,25,63,7,X,56,57731705894,80,-23.099444,-46.608333,G,9/20/2023,12/10/1999,,5d96188f6c29c,12/8/2029,,,Atibaia,,
LIC-LIC-01,TELEFONICA BRASIL S.A.,50409146447,10,97432014,1002502281,Rua Sananduva,em frente ao N° 78,SP,3556503,10M0G7W,LTE,,,788,733,290,FB,Greenfield,não,760,"56001603518",13.5,25,63,9,X,40,57731705894,80,-23.191312,-46.82104,G,9/20/2023,2/4/2016,,5d961882bfce9,12/8/2029,,,Várzea Paulista,,x
LIC-LIC-01,TELEFONICA BRASIL S.A.,50409146447,10,97432014,396824323,RUA GODOFREDO BARAÚNA,,SP,3549102,10M0G7W,LTE,,,788,733,360,FB,Greenfield,não,760,"56001603518",13.5,25,63,2,X,40,48811903257,40,-21.976081,-46.817667,G,8/13/2024,12/10/1999,,5d7fa1291e8f7,12/8/2029,,,São João da Boa Vista,,
LIC-LIC-01,CLARO S.A.,50409105090,10,59592012,1009120945,AVENIDA CAETANO SORAGGI  681  DISTRITO INDUSTRIAL,,SP,3510401,20M0G7W,LTE,,,2640,,170,FB,Greenfield,sim,760,"8541105344",16.85,33.74,67.81,0,X,50,56351705894,40,-23.01111,-47.43861,G,9/4/2019,9/13/2019,,5d7bcbeba2136,10/18/2027,,,Capivari,,x
LIC-LIC-01,CLARO S.A.,50409105090,10,46622011,1009120937,RUA JOSÉ JACOBSEN  S/N  ARCADAS,,SP,3501905,10M0G7W,LTE,,,1875,,240,FB,Greenfield,sim,760,"9371303519",17.08,30,72.66,0,X,50,12111805894,40,-22.72167,-46.84417,G,9/4/2019,9/13/2019,,5d7bcbeb99f29,3/31/2028,,,Amparo,,x
LIC-LIC-01,CLARO S.A.,50409105090,10,97692014,1009120929,R PASCHOAL JOAO REMEDIO  S/N  PARQUE DAS ARVORES,,SP,3503307,10M0G7W,LTE,,,798,,220,FB,Greenfield,,760,"27331703519",14.1,25,66.56,0,X,50,57731705894,80,-22.32648,-47.38255,G,11/29/2019,9/13/2019,,5d7bcb8816e69,12/8/2029,,,Araras,,
LIC-LIC-01,CLARO S.A.,50409105090,10,97692014,1009120910,AV DONA RENATA  S/N  JARDIM MARIO LEITE DE CASTRO,,SP,3503307,10M0G7W,LTE,,,798,,180,FB,Greenfield,sim,760,"27331703519",14.1,25,66.56,0,X,60,57731705894,80,-22.31583,-47.36111,G,9/4/2019,9/13/2019,,5d7bcb8807e58,12/8/2029,,,Araras,,
LIC-LIC-01,CLARO S.A.,50409105090,10,97692014,534831028,R VALINS,,SP,3500303,10M0G7W,LTE,,,798,743,300,FB,Rooftop,,760,"27331703519",14.1,25,66.56,1,X,41.5,57731705894,80,-22.05876,-46.97948,G,8/22/2023,10/24/2001,,5d79422d4171f,3/31/2028,,,Aguaí,,
LIC-LIC-01,CLARO S.A.,50409105090,10,97692014,442735260,ROD AMPARO-SERRA NEGRA,,SP,3551603,10M0G7W,LTE,,,798,743,320,FB,Greenfield,não,760,"27331703519",14.1,25,66.56,0,X,55,29361602519,40,-22.6505,-46.7392,G,1/4/2022,10/24/2001,,5d79422bc9207,12/8/2029,,,Serra Negra,,x
LIC-LIC-01,CLARO S.A.,50409105090,10,97692014,1007106848,RUA JOÃO VENTURINE  S/N  RESSACA,,SP,3548005,10M0G7W,LTE,,,798,,230,FB,Greenfield,sim,760,"27331703519",14.1,25,66.56,0,X,60,57731705894,80,-22.60167,-46.93972,G,9/3/2019,9/21/2018,,5d7942284dc43,12/8/2029,,,Santo Antônio de Posse,,
LIC-LIC-01,CLARO S.A.,50409105090,10,97692014,697541924,RODOVIA COMENDADOR LOURENÇO GERBI  S/N  RURAL,,SP,3557303,10M0G7W,LTE,,,798,,330,FB,Greenfield,não,760,"27331703519",14.1,25,66.56,2,X,40,29361602519,40,-22.29528,-46.96583,G,9/3/2019,8/14/2012,,5d794227295bf,12/8/2029,,,Estiva Gerbi,,
LIC-LIC-01,TELEFONICA BRASIL S.A.,50409146447,10,97432014,396838871,Rua Porto Velho  Área da Sede da Fazenda Vassoural - Brasil,,SP,3523909,10M0G7W,LTE,,,788,733,220,FB,Greenfield,não,760,"56001603518",13.5,25,63,9,X,59,57731705894,80,-23.24417,-47.28444,G,11/22/2023,12/10/1999,,5d6955658f6c4,12/8/2029,,,Itu,,x
LIC-LIC-01,CLARO S.A.,50409105090,10,97692014,1008955687,RUA VICENTE DE FELICE,,SP,3526902,10M0G7W,LTE,,,798,743,220,FB,Rooftop,sim,760,,13.3,25,60,-1,X,25.3,57731705894,80,-22.5892,-47.42169,G,3/27/2025,9/14/2017,,5d64482f892ea,12/8/2029,,,Limeira,,
LIC-LIC-01,TELEFONICA BRASIL S.A.,50409146447,10,48422023,1003170630,RUA PROFESSORA CÉLIA LURDES VERCELINO  1300,,SP,3507001,5M00G7W,LTE,,,1862.5,1767.5,300,FB,Greenfield,não,760,"56001603518",15.8,25,67,2,X,49,83071803257,40,-23.290806,-47.69,G,8/12/2024,8/23/2016,,5d5db3d9b9139,12/22/2032,,,Boituva,,x
LIC-LIC-01,TELEFONICA BRASIL S.A.,50409146447,10,97432014,1008940914,RUA SEBASTIÃO CARDOSO,RUA JOSE VICENTE DOS SANTOS  4367,SP,3536505,10M0G7W,LTE,,,788,733,130,FB,Greenfield,não,760,"56001603518",14.6,25,68,2,X,50,48811903257,40,-22.796596,-47.135474,G,5/27/2024,8/1/2019,,5d543b8568e12,12/8/2029,,,Paulínia,,x
LIC-LIC-01,TELEFONICA BRASIL S.A.,50409146447,10,48422023,699601410,Rua Verona,,SP,3556503,5M00G7W,LTE,,,1867.5,1772.5,350,FB,Rooftop,não,760,"56001603518",15.8,25,67,5,X,17,12111805894,20,-23.227528,-46.83505,G,9/20/2023,2/12/2014,,5d52f3bde495f,12/22/2032,,,Várzea Paulista,,x
LIC-LIC-01,TELEFONICA BRASIL S.A.,50409146447,10,105802021,699324459,RUA COMENDADOR XISTO ARARIPE PARAÍSO,,SP,3524006,20M0G7W,LTE,,,2370,2370,300,FB,Greenfield,não,760,"1.03E+11",15.9,25,65,0,X,27.5,103000000000,100,-23.155569,-47.059181,G,4/27/2024,10/15/2013,,5d52f3bde2492,12/8/2041,,,Itupeva,,x
LIC-LIC-01,Telefonica Brasil S.a.,50409146447,10,97432014,1000960037,Rua Ursa Menor  1 (Condomínio Fechado Village Haras) São Luiz II,,SP,3545209,10M0G7W,LTE,,,788,733,310,FB,Greenfield,não,760,"56001603518",13.5,25,63,14,X,54.9,56351705894,80,-23.16889,-47.29611,G,3/14/2025,6/12/2015,,5d52f2dd7202c,12/8/2029,,,Salto,,x
LIC-LIC-01,TELEFONICA BRASIL S.A.,50409146447,10,97432014,1000637422,Avenida Gutemberg José Cobucci,,SP,3524006,10M0G7W,LTE,,,788,733,250,FB,Greenfield,não,760,"56001603518",13.5,25,63,9,X,34.7,57731705894,80,-23.151428,-47.037419,G,11/17/2023,11/11/2014,,5d41a0d4cbb4c,12/8/2029,,,Itupeva,,x
LIC-LIC-01,Telefonica Brasil S.a.,50409146447,10,97432014,1003698414,RUA DOUTOR MÁRIO DE TOLEDO MORAES,,SP,3516408,10M0G7W,LTE,,,788,733,240,FB,Greenfield,não,760,"56001603518",14.5,24,62,2,X,42,57731705894,80,-23.308678,-46.756953,G,7/10/2025,1/6/2017,,5d41a0d41b20f,12/8/2029,,,Franco da Rocha,,
LIC-LIC-01,TELEFONICA BRASIL S.A.,50409146447,10,48422023,608238546,RUA MOGEIRO,,SP,3550308,5M00G7W,LTE,,,1862.5,1767.5,310,FB,Greenfield,não,760,"56001603518",14.36,25,69.24,2,X,26,6091702519,79.43,-23.407947,-46.758928,G,1/5/2024,6/7/2001,,5d3b3a1301148,12/22/2032,,,São Paulo,,
LIC-LIC-01,TELEFONICA BRASIL S.A.,50409146447,10,48422023,503851,Rua Professor Celso Gatti Marinho  S/N - Parque Industrial,,SP,3523909,5M00G7W,LTE,,,1867.5,1772.5,260,FB,Greenfield,não,760,"56001603518",16.7,30,64,8,X,58.9,6091702519,80,-23.28222,-47.29111,G,10/3/2023,9/17/1999,,5d3b3a0f82545,12/22/2032,,,Itu,,x
LIC-LIC-01,Telefonica Brasil S.a.,50409146447,10,48422023,1003595305,RUA ANCHIETA  S/N,LOTE 173-P3 - LOTEAMENTO CFB,SP,3516309,5M00G7W,LTE,,,1867.5,1772.5,240,FB,Greenfield,não,760,"56001603518",16.7,30,64,5,X,40,6091702519,80,-23.285112,-46.754056,G,10/15/2024,12/8/2016,,5d3b3a0e6210b,12/22/2032,,,Francisco Morato,,
LIC-LIC-01,CLARO S.A.,50409105090,10,97692014,685020487,R SEBASTIÃO NICOLAU PIRES  253  PQ IND. E EMP. CATARINA OMETTO,,SP,3521408,10M0G7W,LTE,,,798,,280,FB,Greenfield,não,760,"27331703519",14.1,25,66.56,3,X,51.5,57731705894,80,-22.58056,-47.50417,G,6/24/2019,12/30/2004,,5d25f78e51c5d,12/8/2029,,,Iracemápolis,,
LIC-LIC-01,CLARO S.A.,50409105090,10,97692014,684744201,R DOUTOR ALVIM,,SP,3538709,10M0G7W,LTE,,,798,743,180,FB,Greenfield,sim,760,"27331703519",14.1,25,66.56,1,X,32,57731705894,80,-22.7139,-47.63987,G,7/14/2025,3/15/2005,,5d25f78c8f840,12/8/2029,,,Piracicaba,,x
LIC-LIC-01,CLARO S.A.,50409105090,10,97692014,1005864001,R AQUARELA  S/N  CHÁCARAS CAMARGO II,,SP,3550407,10M0G7W,LTE,,,798,,300,FB,Greenfield,sim,760,"27331703519",14.1,25,66.56,0,X,40,29361602519,40,-22.6175,-47.8525,G,6/24/2019,3/26/2018,,5d25f78ad948d,12/8/2029,,,São Pedro,,x
LIC-LIC-01,CLARO S.A.,50409105090,10,97692014,686171110,ESTRADA LAZARO PEDRO DE OLIVEIRA,,SP,3538709,10M0G7W,LTE,,,798,743,220,FB,Greenfield,,760,"27331703519",14.1,25,66.56,0,X,60,57731705894,80,-22.67218,-47.62073,G,6/4/2024,2/25/2005,,5d25f7899134e,12/8/2029,,,Piracicaba,,x
LIC-LIC-01,CLARO S.A.,50409105090,10,97692014,1005863960,R 2,,SP,3543907,10M0G7W,LTE,,,798,743,250,FB,Greenfield,sim,760,,13.4,21,68,1,X,39,29361602519,40,-22.36966,-47.53002,G,7/14/2025,3/26/2018,,5d25f7888dd34,12/8/2029,,,Rio Claro,,
LIC-LIC-01,CLARO S.A.,50409105090,10,97692014,1005501812,R ERMELINDO BATISTA  12  PQ. RES.STA ROSA II,,SP,3545803,10M0G7W,LTE,,,798,,250,FB,Greenfield,sim,760,"27331703519",14.1,25,66.56,2,X,42,57731705894,80,-22.72333,-47.37806,G,6/24/2019,12/26/2017,,5d25f786db2c2,12/8/2029,,,Santa Bárbara d'Oeste,,x
LIC-LIC-01,CLARO S.A.,50409105090,10,97692014,1005863951,AVENIDA 2  175  CENTRO,,SP,3546702,10M0G7W,LTE,,,798,,260,FB,Greenfield,sim,760,"27331703519",14.1,25,66.56,0,X,43,29361602519,40,-22.455,-47.53,G,6/13/2019,3/26/2018,,5d25f7825bfa1,12/8/2029,,,Santa Gertrudes,,
LIC-LIC-01,CLARO S.A.,50409105090,10,97692014,1350161,R DAS VIOLETAS,QUADRA K,SP,3504107,10M0G7W,LTE,,,798,743,240,FB,Greenfield,,760,"27331703519",14.1,25,66.56,-2,X,69,29361602519,40,-23.0323,-46.5376,G,11/21/2023,2/26/2002,,5d25f76f7af07,12/8/2029,,,Atibaia,,
LIC-LIC-01,CLARO S.A.,50409105090,10,97692014,1350188,ROD DOM PEDRO I  KM 79  JARDIM BROGOTÁ,,SP,3504107,10M0G7W,LTE,,,798,,340,FB,Greenfield,não,760,"27331703519",14.1,25,66.56,3,X,36.6,29361602519,40,-23.09194,-46.625,G,6/13/2019,2/26/2002,,5d25f76f4d09e,12/8/2029,,,Atibaia,,
LIC-LIC-01,CLARO S.A.,50409105090,10,97692014,1006024244,R BOFETE  S/N  JD SAO JORGE,,SP,3538709,10M0G7W,LTE,,,798,,280,FB,Greenfield,sim,760,"27331703519",14.1,25,66.56,1,X,41,29361602519,40,-22.7475,-47.68222,G,6/11/2019,5/2/2018,,5d1df366c386c,12/8/2029,,,Piracicaba,,x
LIC-LIC-01,CLARO S.A.,50409105090,10,97692014,1007219979,R 1 S/N  S/N  ZONA RURAL,,SP,3546702,10M0G7W,LTE,,,798,,260,FB,Greenfield,sim,760,"27331703519",14.1,25,66.56,1,X,46.8,57731705894,80,-22.44778,-47.53833,G,6/11/2019,10/16/2018,,5d1df36506e83,12/8/2029,,,Santa Gertrudes,,
LIC-LIC-01,CLARO S.A.,50409105090,10,97692014,1007836811,R ALCINDO BERTOLI  1025  NOVA JAVA,,SP,3544004,10M0G7W,LTE,,,798,,310,FB,Greenfield,sim,760,"27331703519",14.1,25,66.56,0,X,60,57731705894,80,-22.85972,-47.60639,G,6/11/2019,12/20/2018,,5d1df360bc120,12/8/2029,,,Rio das Pedras,,x
LIC-LIC-01,CLARO S.A.,50409105090,10,97692014,684822962,EST MUNICIPAL LUIZ LUCONI   S/N,ACESSO PELO ROD. FERNÃO DIAS  KM 21.5,SP,3507605,10M0G7W,LTE,,,798,743,300,FB,Greenfield,,760,"27331703519",14.1,25,66.56,-6,X,30,57731705894,80,-22.9891,-46.5122,G,11/21/2023,12/15/2004,,5d1df3465ab60,12/8/2029,,,Bragança Paulista,,
LIC-LIC-01,CLARO S.A.,50409105090,10,97692014,684874288,ROD ALKINDAR MONTEIRO JUNQUEIRA,KM 49 - ACESSO PELA ESTRADA MUNICIPAL ALVARO ALESSANDRI,SP,3507605,10M0G7W,LTE,,,798,743,130,FB,Greenfield,não,760,"27331703519",14.1,25,66.56,-1,X,80,29361602519,40,-22.94852,-46.59382,G,11/21/2023,12/15/2004,,5d1df3459f4d0,12/8/2029,,,Bragança Paulista,,
LIC-LIC-01,CLARO S.A.,50409105090,10,97692014,1007106821,R LUIZ CESAR BRIGANTE,,SP,3538709,10M0G7W,LTE,,,798,743,50,FB,Greenfield,sim,760,,13.4,21,68,-2,X,40,29361602519,40,-22.71179,-47.68483,G,2/25/2025,9/21/2018,,5d1df33e61caf,12/8/2029,,,Piracicaba,,x
LIC-LIC-01,CLARO S.A.,50409105090,10,97692014,686138481,R REGINA VICENTINI DIEHL  315  STA. LUZIA,,SP,3511706,10M0G7W,LTE,,,798,,160,FB,Greenfield,não,760,"27331703519",14.1,25,66.56,0,X,60,57731705894,80,-22.58333,-47.71333,G,6/11/2019,3/15/2005,,5d1df33c24254,12/8/2029,,,Charqueada,,x
LIC-LIC-01,CLARO S.A.,50409105090,10,97692014,1006922242,AV SANTA CRUZ DO PIO PARDO  4600  CENTRO COMERCIAL AGRÍCOLA TAQUARAL,,SP,3538709,10M0G7W,LTE,,,798,,290,FB,Greenfield,sim,760,"27331703519",14.1,25,66.56,1,X,54,57731705894,80,-22.79583,-47.61389,G,6/11/2019,7/2/2018,,5d1df33b663d4,12/8/2029,,,Piracicaba,,x
LIC-LIC-01,CLARO S.A.,50409105090,10,97692014,699197848,R MARIA RITA ARAÚJO COSTA,,SP,3538709,10M0G7W,LTE,,,798,743,250,FB,Greenfield,não,760,"27331703519",14.1,25,66.56,-2,X,40,57731705894,80,-22.67451,-47.65876,G,11/27/2025,8/16/2013,,5d1df3390da61,12/8/2029,,,Piracicaba,,x
LIC-LIC-01,CLARO S.A.,50409105090,10,97692014,442517173,R BENJAMIM CONSTANT,,SP,3544004,10M0G7W,LTE,,,798,743,210,FB,Greenfield,não,760,"27331703519",14.1,25,66.56,0,X,50,57731705894,80,-22.84663,-47.60567,G,11/21/2023,7/3/2000,,5d1df3369c00a,12/8/2029,,,Rio das Pedras,,x
LIC-LIC-01,CLARO S.A.,50409105090,10,97692014,687213789,AV NARCISO PIERONI  1200  VILA GUTIERREZ,,SP,3540507,10M0G7W,LTE,,,798,,285,FB,Greenfield,não,760,"27331703519",14.1,25,66.56,1,X,60,57731705894,80,-23.17833,-48.11361,G,6/28/2022,6/28/2005,,5d1df3355c185,12/8/2029,,,Porangaba,,
LIC-LIC-01,CLARO S.A.,50409105090,10,97692014,1005922702,R GERALDO BIZUTI,,SP,3538709,10M0G7W,LTE,,,798,743,240,FB,Greenfield,sim,760,,13.4,21,68,1,X,33,57731705894,80,-22.66206,-47.60717,G,6/5/2025,4/16/2018,,5d1df334d6fe7,12/8/2029,,,Piracicaba,,x
LIC-LIC-01,CLARO S.A.,50409105090,10,97692014,687289165,AV HUM  50  ALTOS DE IPEÚNA,,SP,3521101,10M0G7W,LTE,,,798,,280,FB,Greenfield,não,760,"27331703519",14.1,25,66.56,0,X,40,57731705894,80,-22.43639,-47.71222,G,6/11/2019,8/18/2005,,5d1df319758a9,12/8/2029,,,Ipeúna,,
LIC-LIC-01,CLARO S.A.,50409105090,10,97692014,682597279,AL ORQUIDEA,ALAMEDA OURO 0 LOTE 125,SP,3504107,10M0G7W,LTE,,,798,743,0,FB,Greenfield,não,760,"27331703519",14.1,25,66.56,0,X,40,57731705894,80,-23.1659,-46.5967,G,6/3/2025,8/15/2002,,5d1df313b0c71,12/8/2029,,,Atibaia,,
LIC-LIC-01,CLARO S.A.,50409105090,10,97692014,1007136348,R GUILHERME KRAUTER  517  CENTRO,,SP,3512407,10M0G7W,LTE,,,798,,240,FB,Greenfield,sim,760,"27331703519",14.1,25,66.56,0,X,34,57731705894,80,-22.48194,-47.46,G,6/4/2019,9/3/2018,,5d128203c07f9,12/8/2029,,,Cordeirópolis,,
LIC-LIC-01,CLARO S.A.,50409105090,10,97692014,441163734,ROD SP 304  KM 146 5  TUPI,,SP,3538709,10M0G7W,LTE,,,798,,210,FB,Greenfield,não,760,"27331703519",14.1,25,66.56,1,X,53,29361602519,40,-22.74472,-47.50889,G,6/5/2019,12/10/1999,,5d1281fb744dd,12/8/2029,,,Piracicaba,,x
LIC-LIC-01,CLARO S.A.,50409105090,10,97692014,696215527,R 15 DE NOVEMBRO,EDIFICIO PETINELLI,SP,3538709,10M0G7W,LTE,,,798,743,260,FB,Rooftop,não,760,,13.4,21,68,-3,X,45,33782402519,79.43,-22.72828,-47.64441,G,12/23/2024,11/3/2011,,5d1281faeb008,12/8/2029,,,Piracicaba,,x
LIC-LIC-01,TELEFONICA BRASIL S.A.,50409146447,10,59072012,1000658888,Rodovia dos Bandeirantes,Km 45 SP 348,SP,3509205,20M0G7W,LTE,,,2680,2560,240,FB,Greenfield,não,760,"56001603518",17.5,30,57,7,X,52,45621602519,40,-23.291737,-46.846912,G,9/20/2023,11/24/2014,,5d094b5b56793,10/18/2027,,,Cajamar,,
LIC-LIC-01,Telefonica Brasil S.a.,50409146447,10,97432014,399655190,RUA XAVANTES  S/N,ACESSO PELA RUA 21 DE MARÇO,SP,3516309,10M0G7W,LTE,,,788,733,240,FB,Greenfield,não,760,"56001603518",13.5,25,63,8,X,47,57731705894,80,-23.284592,-46.747114,G,10/15/2024,12/10/1999,,5d094b5b4787d,12/8/2029,,,Francisco Morato,,
LIC-LIC-01,CLARO S.A.,50409105090,10,97692014,1007334115,RUA REINALDO CAVENAGHI  192  CENTRO,,SP,3503307,10M0G7W,LTE,,,798,,300,FB,Greenfield,sim,760,"27331703519",14.1,25,66.56,0,X,45,57731705894,80,-22.35306,-47.32444,G,6/4/2019,10/22/2018,,5d094b34d7736,12/8/2029,,,Araras,,
LIC-LIC-01,CLARO S.A.,50409105090,10,97692014,692883240,AV JOSE ANNICHINO,,SP,3510401,10M0G7W,LTE,,,798,743,240,FB,Greenfield,não,760,"27331703519",14.1,25,66.56,-1,X,40,57731705894,80,-23.00379,-47.51248,G,11/21/2023,10/27/2010,,5d094b33f065d,12/8/2029,,,Capivari,,x
LIC-LIC-01,CLARO S.A.,50409105090,10,97692014,696581973,RUA PRAGA,EM FRENTE AO Nº 41,SP,3538709,10M0G7W,LTE,,,798,743,240,FB,Greenfield,não,760,,13.3,25,60,0,X,41,57731705894,80,-22.66325,-47.68852,G,9/19/2025,3/8/2012,,5d094b30079a2,12/8/2029,,,Piracicaba,,x
LIC-LIC-01,CLARO S.A.,50409105090,10,97692014,1005808683,R LUIZ RAZERA,,SP,3538709,10M0G7W,LTE,,,798,743,240,FB,Greenfield,sim,760,,13.4,21,68,0,X,25,57731705894,80,-22.74245,-47.63714,G,6/25/2025,3/7/2018,,5d094b2f8a951,12/8/2029,,,Piracicaba,,x
LIC-LIC-01,CLARO S.A.,50409105090,10,97692014,665606621,AV HOLLINGSWORTH,,SP,3552205,10M0G7W,LTE,,,798,743,270,FB,Greenfield,não,760,,13.3,25,60,-1,X,50,57731705894,80,-23.45648,-47.41744,G,6/15/2023,10/1/2002,,5d094b2d8de68,12/8/2041,,,Sorocaba,,
LIC-LIC-01,CLARO S.A.,50409105090,10,97692014,1005501839,R PRINCESA AMELIA,,SP,3538709,10M0G7W,LTE,,,798,743,300,FB,Greenfield,sim,760,,13.4,21,68,0,X,32,57731705894,80,-22.7536,-47.6562,G,2/21/2025,12/26/2017,,5d094b2a6b57f,12/8/2029,,,Piracicaba,,x
LIC-LIC-01,CLARO S.A.,50409105090,10,97692014,1006617121,RUA JOSÉ COELHO  84  VILA SÃO LAZARO,,SP,3554003,10M0G7W,LTE,,,798,,250,FB,Greenfield,sim,760,"27331703519",14.1,25,66.56,1,X,40,57731705894,80,-23.36361,-47.84722,G,6/29/2022,6/18/2018,,5d094b29d1a31,12/8/2029,,,Tatuí,,
LIC-LIC-01,CLARO S.A.,50409105090,10,97692014,1006986143,RUA ANTÔNIO FRANCO DE CAMPOS  110  JARDIM RESIDENCIAL FLÓRIDA,,SP,3521408,10M0G7W,LTE,,,798,,230,FB,Greenfield,sim,760,"27331703519",14.1,25,66.56,0,X,40,57731705894,80,-22.59194,-47.50389,G,6/4/2019,7/17/2018,,5d094b282f9a0,12/8/2029,,,Iracemápolis,,
LIC-LIC-01,CLARO S.A.,50409105090,10,97692014,1007831097,RUA ANGELO DE NADAI  S/N  CASCALHO,,SP,3512407,10M0G7W,LTE,,,798,,220,FB,Greenfield,sim,760,"27331703519",14.1,25,66.56,0,X,50,57731705894,80,-22.46944,-47.42639,G,6/4/2019,12/17/2018,,5d094b27ddf0a,12/8/2029,,,Cordeirópolis,,
LIC-LIC-01,CLARO S.A.,50409105090,10,97692014,1007842374,R BENEDITO FAUSTINO DA ROSA  S/N  JARDIM WANDERLEY,,SP,3554003,10M0G7W,LTE,,,798,,190,FB,Greenfield,sim,760,"27331703519",14.1,25,66.56,1,X,30,57731705894,80,-23.34306,-47.87139,G,6/29/2022,12/20/2018,,5d094b1db788b,12/8/2029,,,Tatuí,,
LIC-LIC-01,CLARO S.A.,50409105090,10,97692014,698268172,R DOMINGOS SILVESTRE,,SP,3552205,10M0G7W,LTE,,,798,743,180,FB,Greenfield,sim,760,"27331703519",14.1,25,66.56,0,X,40,29361602519,40,-23.39846,-47.37499,G,3/12/2024,11/28/2012,,5d094b1cd6d23,12/8/2029,,,Sorocaba,,
LIC-LIC-01,CLARO S.A.,50409105090,10,97692014,1006519332,EST 08,,SP,3544004,10M0G7W,LTE,,,798,743,220,FB,Greenfield,sim,760,"27331703519",14.1,25,66.56,0,X,40,29361602519,40,-22.77282,-47.53761,G,1/4/2022,6/8/2018,,5d094b198185c,12/8/2029,,,Rio das Pedras,,x
LIC-LIC-01,TELEFONICA BRASIL S.A.,50409146447,10,97432014,1001331106,Rua Santo Antônio X Avenida Alessander Luciano Ricardo Liporoni,,SP,3523404,10M0G7W,LTE,,,788,733,240,FB,Greenfield,não,760,"56001603518",13.5,25,63,9,X,45,57731705894,80,-22.996919,-46.810911,G,11/21/2023,7/29/2016,,5d07fbfd4efa8,12/8/2029,,,Itatiba,,x
LIC-LIC-01,TELEFONICA BRASIL S.A.,50409146447,10,48422023,1000962676,RUA DAS PALMAS,,SP,3504107,5M00G7W,LTE,,,1867.5,1772.5,320,FB,Greenfield,não,760,"56001603518",16.7,30,64,5,X,36,6091702519,80,-23.113528,-46.510444,G,9/20/2023,5/2/2016,,5d07fbfd47414,12/22/2032,,,Atibaia,,
LIC-LIC-01,TELEFONICA BRASIL S.A.,50409146447,10,48422023,441994547,ALAMEDA PAU-BRASIL,CONDOMÍNIO RESIDENCIAL REC,SP,3504107,5M00G7W,LTE,,,1862.5,1767.5,300,FB,Greenfield,não,760,"56001603518",16.7,30,64,5,X,61.8,6091702519,80,-23.160997,-46.605781,G,9/20/2023,12/15/1999,,5d07fbfd40aaa,12/22/2032,,,Atibaia,,
LIC-LIC-01,TELEFONICA BRASIL S.A.,50409146447,10,48422023,379981491,RUA DOS CEDROS X RUA MANACÁS - JARDIM ÁGUAS CLARAS,,SP,3507605,5M00G7W,LTE,,,1862.5,1767.5,220,FB,Greenfield,não,760,"56001603518",16.7,30,64,6,X,33,6091702519,80,-22.92972,-46.52722,G,11/22/2023,12/10/1999,,5d07fbfd3ead3,12/22/2032,,,Bragança Paulista,,
LIC-LIC-01,TELEFONICA BRASIL S.A.,50409146447,10,97432014,396843000,RODOVIA FERNÃO DIAS,KM 49 5 BR 381,SP,3504107,10M0G7W,LTE,,,788,733,280,FB,Greenfield,não,760,"56001603518",13.5,25,63,11,X,42,57731705894,40,-23.207056,-46.592083,G,9/20/2023,4/29/1999,,5d07fbfc63115,12/8/2029,,,Atibaia,,
LIC-LIC-01,TELEFONICA BRASIL S.A.,50409146447,10,97432014,1002541732,ESTRADA VARIANTE DOS CARDOSOS,,SP,3507605,10M0G7W,LTE,,,788,733,289,FB,Greenfield,não,760,"56001603518",13.5,25,63,11,X,50,57731705894,40,-22.893738,-46.54534,G,9/20/2023,2/4/2016,,5d07fbfc2b39d,12/8/2029,,,Bragança Paulista,,
LIC-LIC-01,TELEFONICA BRASIL S.A.,50409146447,10,97432014,1007178156,RUA JOSÉ VALCANO,,SP,3507605,10M0G7W,LTE,,,788,733,205,FB,Greenfield,não,760,"56001603518",13.5,25,63,6,X,21.2,57731705894,40,-22.910339,-46.555189,G,9/20/2023,6/17/2019,,5d07fbfbe9496,12/8/2029,,,Bragança Paulista,,
LIC-LIC-01,TELEFONICA BRASIL S.A.,50409146447,10,97432014,379981548,RUA SÃO ROQUE,,SP,3504107,10M0G7W,LTE,,,788,733,230,FB,Greenfield,não,760,"56001603518",13.5,25,63,12,X,37,57731705894,40,-23.1508,-46.559267,G,9/20/2023,12/10/1999,,5d07fbfbb27df,12/8/2029,,,Atibaia,,
LIC-LIC-01,TELEFONICA BRASIL S.A.,50409146447,10,97432014,1006964565,RUA CAPITÃO BASÍLIO RIBEIRO DA COSTA,,SP,3507605,10M0G7W,LTE,,,788,733,270,FB,Rooftop,não,760,"56001603518",13.5,25,63,8,X,19.8,57731705894,40,-22.938611,-46.527469,G,9/20/2023,6/17/2019,,5d07fbfb937c6,12/8/2029,,,Bragança Paulista,,
LIC-LIC-01,TELEFONICA BRASIL S.A.,50409146447,10,48422023,693060514,AVENIDA FRANCISCO SAMUEL LUCCHESI,,SP,3507605,5M00G7W,LTE,,,1867.5,1772.5,350,FB,Greenfield,não,760,"56001603518",15,25,56,2,X,34,40952002519,40,-22.942314,-46.530122,G,12/28/2023,12/30/2010,,5d07fbfa53cee,12/22/2032,,,Bragança Paulista,,
LIC-LIC-01,TELEFONICA BRASIL S.A.,50409146447,10,97432014,1008100444,Rua dos Girassóis,Em Frente Ao 171,SP,3538709,10M0G7W,LTE,,,788,733,230,FB,Rooftop,não,760,"56001603518",14.5,24,62,10,X,22.5,57731705894,40,-22.69931,-47.679211,G,11/27/2023,2/11/2019,,5cf9673beb5ab,12/8/2029,,,Piracicaba,,x
LIC-LIC-01,TELEFÔNICA BRASIL S.A.,50409146447,10,59072012,1002131615,RUA GOVERNADOR PEDRO DE TOLEDO,PRÓXIMO AO 1327,SP,3538709,5M00G7W,LTE,,,2680,2560,0,FB,Greenfield,não,840,"0",5,0,0,0,V,4.2,26021501882,11,-22.728797,-47.649461,G,8/18/2023,11/9/2015,,5cf01d9382288,10/18/2027,,,Piracicaba,,x
LIC-LIC-01,TELEFONICA BRASIL S.A.,50409146447,10,59072012,1002131674,PRAÇA DA CATEDRAL DOM ERNESTO DE PAULA,PRÓXIMO AO 1055,SP,3538709,20M0G7W,LTE,,,2680,2560,360,FB,Greenfield,não,760,"4741600762",10.74,0,80.1,0,X,4,58221803257,5.2,-22.726039,-47.649472,F,8/18/2023,11/9/2015,,5cf01d7a0b0dc,10/18/2027,,,Piracicaba,,x
LIC-LIC-01,TELEFONICA BRASIL S.A.,50409146447,10,48422023,379975629,Rua Campos Salles,,SP,3509601,5M00G7W,LTE,,,1867.5,1772.5,260,FB,Greenfield,não,760,"44181403519",15.1,29,62,7,X,45,6091702519,40,-23.206469,-46.789564,G,9/20/2023,12/10/1999,,5ce6f1a84f5e8,12/22/2032,,,Campo Limpo Paulista,,x
LIC-LIC-01,TELEFONICA BRASIL S.A.,50409146447,10,48422023,1004619585,Rua Príncipe Regente,x Rua Santa Cruz,SP,3502754,5M00G7W,LTE,,,1862.5,1767.5,290,FB,Rooftop,não,760,"1.29E+11",14.3,31,63,2,X,20,6091702519,80,-23.436397,-47.063514,G,11/23/2023,5/23/2019,,5ce6f1a784437,12/22/2032,,,Araçariguama,,
LIC-LIC-01,Telefonica Brasil S.a.,50409146447,10,97432014,1000317525,Avenida Mário Mazzola,,SP,3525904,10M0G7W,LTE,,,788,733,170,FB,Greenfield,não,760,"56001603518",13.5,25,63,12,X,58.5,57731705894,80,-23.26583,-46.87611,G,3/14/2025,5/2/2016,,5ce6f14c11c3e,12/8/2029,,,Jundiaí,,x
LIC-LIC-01,TELEFONICA BRASIL S.A.,50409146447,10,97432014,1698613,Rodovia Via Anhanguera,Km 48 7 Sp 330,SP,3525904,10M0G7W,LTE,,,788,733,280,FB,Greenfield,não,760,"56001603518",13.5,25,63,12,X,36,57731705894,80,-23.267792,-46.864994,G,9/20/2023,12/10/1999,,5ce6f14ba558a,12/8/2029,,,Jundiaí,,x
LIC-LIC-01,TELEFONICA BRASIL S.A.,50409146447,10,59072012,1005314150,RUA IRMÃ DULCE,EM FRENTE AO 126,SP,3551603,20M0G7W,LTE,,,2680,2560,0,FB,Greenfield,não,167,"80010126",5,0,0,0,X,3.4,26021501882,11,-22.614064,-46.697556,G,10/3/2023,11/22/2017,,5cd58ffea3196,10/18/2027,,,Serra Negra,,x
LIC-LIC-01,CLARO S.A.,50409105090,10,46622011,1000109396,AV JOHN BOYD DUNLOP,,SP,3509502,10M0G7W,LTE,,,1875,1780,0,FB,COW,não,168,,4,0,360,0,V,3,7591301882,60,-22.91122,-47.09668,G,11/21/2023,5/20/2014,,5cd58fe5af98b,3/31/2028,,,Campinas,,x
LIC-LIC-01,CLARO S.A.,50409105090,10,59592012,685085511,ROD SENADOR LAURINDO DIAS MINHOTO  KM 18 5  QUADRINHA OU DOS MIRANDAS,,SP,3554003,20M0G7W,LTE,,,2640,,220,FB,Greenfield,não,760,"27331703519",17.05,28,65.49,1,X,61,56351705894,40,-23.39333,-47.76889,G,6/29/2022,3/15/2005,,5cd58fae678b3,10/18/2027,,,Tatuí,,
LIC-LIC-01,CLARO S.A.,50409105090,10,59592012,1007838024,RODOVIA PRESIDENTE CASTELO BRANCO,,SP,3541653,20M0G7W,LTE,,,2640,2520,180,FB,Greenfield,sim,760,"8541105344",16.85,33.74,67.81,0,X,41,56351705894,40,-23.24538,-48.05495,G,10/28/2022,12/24/2018,,5cd58faa86af1,10/18/2027,,,Quadra,,
LIC-LIC-01,TELEFONICA BRASIL S.A.,50409146447,10,59072012,1008033011,Avenida Nicolau Vinicius Parodi,Bloco B,SP,3523404,20M0G7W,LTE,,,2680,2560,240,FB,Rooftop,não,760,"56001603518",17.5,30,57,6,X,21.2,45621602519,40,-23.023319,-46.84735,G,10/3/2023,4/26/2019,,5cd359a314b70,10/18/2027,,,Itatiba,,x
LIC-LIC-01,CLARO S.A.,50409105090,10,59592012,1007831178,R DO RAMAL VELHO  270  TAQUARAL CERQUILHO,,SP,3511508,20M0G7W,LTE,,,2640,,240,FB,Greenfield,sim,760,"8541105344",16.85,33.74,67.81,1,X,43,56351705894,40,-23.15028,-47.74139,G,6/28/2022,12/17/2018,,5cd1c8335ab65,10/18/2027,,,Cerquilho,,
LIC-LIC-01,CLARO S.A.,50409105090,10,59592012,1007831186,ROD MOGI GUACU  S/N  ESTRADA GRANDE,,SP,3500303,20M0G7W,LTE,,,2640,,270,FB,Greenfield,sim,760,"8541105344",16.85,33.74,67.81,2,X,55,56351705894,40,-22.03639,-47.03083,G,4/18/2019,12/17/2018,,5cd1c832e4272,10/18/2027,,,Aguaí,,
LIC-LIC-01,CLARO S.A.,50409105090,10,59592012,1007836676,ROD ANHANGUERA  S/N  JARDIM NOVA LIMEIRA,,SP,3526902,20M0G7W,LTE,,,2640,,170,FB,Greenfield,sim,760,"8541105344",16.85,33.74,67.81,2,X,60,56351705894,40,-22.6325,-47.32861,G,4/18/2019,12/20/2018,,5cd1c82701f9f,10/18/2027,,,Limeira,,
LIC-LIC-01,CLARO S.A.,50409105090,10,59592012,1007831100,ROD CASTELO BRANCO  KM 146  ZONA RURAL,,SP,3511607,20M0G7W,LTE,,,2640,,190,FB,Greenfield,sim,760,"8541105344",16.85,33.74,67.81,0,X,60,56351705894,40,-23.25111,-47.96361,G,6/28/2022,12/17/2018,,5cd1c823ec859,10/18/2027,,,Cesário Lange,,
LIC-LIC-01,CLARO S.A.,50409105090,10,59592012,1007830996,R AMADEU GUARIZZO  S/N  CHACARA ANCONA,,SP,3501905,20M0G7W,LTE,,,2640,,210,FB,Greenfield,sim,760,"8541105344",16.85,33.74,67.81,0,X,50,56351705894,40,-22.73,-46.85722,G,4/18/2019,12/17/2018,,5cd1c822a68e3,10/18/2027,,,Amparo,,x
LIC-LIC-01,CLARO S.A.,50409105090,10,59592012,1007831887,R JABOTICABAL  S/N  BAIRRO PIMENTEIS,,SP,3500501,20M0G7W,LTE,,,2640,,260,FB,Greenfield,sim,760,"8541105344",16.85,33.74,67.81,0,X,60,56351705894,40,-22.44861,-46.58667,G,4/18/2019,12/17/2018,,5cd1c8202adea,10/18/2027,,,Águas de Lindóia,,x
LIC-LIC-01,CLARO S.A.,50409105090,10,59592012,686171225,EST VEREADOR SAULO WALDEMAR FORNAZIN  S/N  SANTO ANTONIO SAPEZEIRO,,SP,3545803,20M0G7W,LTE,,,2640,,190,FB,Greenfield,não,760,"27331703519",17.05,28,65.49,1,X,60,56351705894,40,-22.81583,-47.45,G,4/18/2019,2/25/2005,,5cd1c81f5cfb7,10/18/2027,,,Santa Bárbara d'Oeste,,x
LIC-LIC-01,CLARO S.A.,50409105090,10,59592012,1007836790,ROD PRES CASTELLO BRANCO,TRAVESSA UM,SP,3540606,20M0G7W,LTE,,,2640,2520,200,FB,Greenfield,sim,760,,17.6,21,51,0,X,41.5,56351705894,40,-23.33454,-47.54574,G,10/14/2025,12/20/2018,,5cd1c81dd02ce,10/18/2027,,,Porto Feliz,,x
LIC-LIC-01,CLARO S.A.,50409105090,10,59592012,1007831054,AV BOITUVA,,SP,3507001,20M0G7W,LTE,,,2640,2520,275,FB,Greenfield,sim,760,"8541105344",16.85,33.74,67.81,-1,X,35,56351705894,40,-23.2953,-47.7236,G,7/7/2023,12/17/2018,,5cd1c81b64537,3/31/2028,,,Boituva,,x
LIC-LIC-01,CLARO S.A.,50409105090,10,97692014,1008363518,RUA ANTONIO CELSO FORMAGIO,,SP,3552403,10M0G7W,LTE,,,798,743,240,FB,Greenfield,sim,760,,13.4,21,68,-1,X,50.3,57731705894,80,-22.82072,-47.29145,G,3/14/2025,5/7/2019,,5cd1c74304e08,12/8/2029,,,Sumaré,,x
LIC-LIC-01,CLARO S.A.,50409105090,10,59592012,684939266,ROD SP 308  KM 137  SITIO BARROQUINHA,,SP,3510401,20M0G7W,LTE,,,2640,,150,FB,Greenfield,não,760,"27331703519",17.05,28,65.49,0,X,60,56351705894,40,-22.915,-47.50389,G,4/15/2019,12/9/2004,,5ccc54a5c645c,10/18/2027,,,Capivari,,x
LIC-LIC-01,Telefonica Brasil S.a.,50409146447,10,48422023,1008458098,BAIRRO SERTÃOZINHO,SÍTIO SANTO ANTÔNIO,SP,3552106,5M00G7W,LTE,,,1867.5,1772.5,160,FB,Greenfield,não,760,"56001603518",17.5,30,57,9,X,34.5,6091702519,40,-22.646139,-46.582467,G,3/14/2025,4/30/2019,,5cc8579c7deb0,12/22/2032,,,Socorro,,x
LIC-LIC-01,TELEFONICA BRASIL S.A.,50409146447,10,48422023,396843077,Rua Francisco Brenha Ribeiro  20 - Jardim Santa Tereza,,SP,3523909,5M00G7W,LTE,,,1867.5,1772.5,360,FB,Greenfield,não,760,"56001603518",16.7,30,64,4,X,32,6091702519,79.43,-23.26472,-47.30667,G,11/22/2023,4/29/1999,,5cc316f8e5bb0,12/22/2032,,,Itu,,x
LIC-LIC-01,TELEFONICA BRASIL S.A.,50409146447,10,59072012,1002134258,AVENIDA ARMANDO SALLES DE OLIVEIRA,PRÓXIMO AO 1938,SP,3538709,20M0G7W,LTE,,,2680,2560,360,FB,SmallCell,não,760,"4741600762",10.74,0,80.1,0,X,4,58221803257,5.2,-22.728242,-47.647336,F,8/18/2023,11/9/2015,,5cc1e355dd85b,10/18/2027,,,Piracicaba,,x
LIC-LIC-01,Telefonica Brasil S.a.,50409146447,10,97432014,534855563,RODOVIA DEPUTADO LAÉRCIO CORTE,KM 120 8 SP 147,SP,3526902,10M0G7W,LTE,,,788,733,240,FB,Greenfield,não,760,"56001603518",14.6,25,68,0,X,61,48811903257,40,-22.620625,-47.484217,G,4/10/2025,9/27/2000,,5cc1e3552b6bf,12/8/2029,,,Limeira,,
LIC-LIC-01,TELEFONICA BRASIL S.A.,50409146447,10,166262022,699885841,RODOVIA GOVERNADOR DOUTOR ADHEMAR PEREIRA DE BARROS,KM 182 SP 342,SP,3530706,10M0G7W,LTE,,,1855,1760,250,FB,Greenfield,não,760,"56001603518",17.4,25,68,2,X,58,83071803257,40,-22.284636,-46.889439,G,3/11/2024,7/29/2016,,5ca799635793b,12/22/2032,,,Mogi Guaçu,,
LIC-LIC-01,Telefonica Brasil S.a.,50409146447,10,97432014,695642073,AVENIDA ITARARÉ  S/N,PRÓXIMO AO 190,SP,3516408,10M0G7W,LTE,,,788,733,210,FB,Greenfield,não,760,"44181403519",14.2,32,58,10,X,47,57731705894,80,-23.304972,-46.737722,G,10/15/2024,9/23/2011,,5ca49b454ba74,12/8/2029,,,Franco da Rocha,,
LIC-LIC-01,CLARO S.A.,50409105090,10,97692014,684761017,ROD SP 107,KM 35 5,SP,3503802,10M0G7W,LTE,,,798,743,120,FB,Greenfield,não,760,"27331703519",14.1,25,66.56,0,X,60,57731705894,80,-22.61197,-47.08729,G,1/4/2022,9/14/2004,,5ca24de010a1a,12/8/2029,,,Artur Nogueira,,
LIC-LIC-01,CLARO S.A.,50409105090,10,97692014,1007372874,AL DOS MANACÁS  682  RURAL,,SP,3519055,10M0G7W,LTE,,,798,,210,FB,Greenfield,sim,760,"27331703519",14.1,25,66.56,0,X,28.5,57731705894,80,-22.65333,-47.06278,G,10/24/2018,10/24/2018,,5c9bd9493f4cc,12/8/2029,,,Holambra,,
LIC-LIC-01,CLARO S.A.,50409105090,10,46622011,686136853,AV GOVERNADOR DOUTOR PAULO SALIN MALUF  S/N  CENTRO,,SP,3554706,10M0G7W,LTE,,,1875,,280,FB,Greenfield,não,760,"27331703519",16.16,27,66.76,2,X,62,12111805894,40,-22.43583,-48.17194,G,6/29/2022,3/15/2005,,5c9bd9425390a,3/31/2028,,,Torrinha,,
LIC-LIC-01,CLARO S.A.,50409105090,10,46622011,683898850,EST MUNICIPAL OLINDO BIONDO,GLEBA A QUE FICA DENOMINADA SÍTIO MARACANÃ  ESTRADA DA ÁRVORE DA VIDA  NO BAIRRO SIMÃO-SUMARÉ 1,SP,3552403,10M0G7W,LTE,,,1875,1780,90,FB,Greenfield,não,760,"27331703519",16.16,27,66.76,0,X,60,12111805894,40,-22.8563,-47.31132,G,11/21/2023,9/14/2004,,5c8fa7d0e614a,3/31/2028,,,Sumaré,,x
LIC-LIC-01,CLARO S.A.,50409105090,10,97692014,1007190130,R NAVARRO DE ANDRADE,N° 601,SP,3525904,10M0G7W,LTE,,,798,743,200,FB,Greenfield,sim,760,,13.4,21,68,0,X,35,57731705894,80,-23.13851,-46.91095,G,1/7/2026,10/18/2018,,5c8a5ec40f6f1,12/8/2029,,,Jundiaí,,x
LIC-LIC-01,CLARO S.A.,50409105090,10,97692014,1007831143,SÍTIO SANTA RITA  S/N  CENTRO,,SP,3512803,10M0G7W,LTE,,,798,,260,FB,Greenfield,sim,760,"27331703519",14.1,25,66.56,0,X,60,57731705894,80,-22.68583,-47.13139,G,12/17/2018,12/17/2018,,5c798952ab786,12/8/2029,,,Cosmópolis,,x
LIC-LIC-01,CLARO S.A.,50409105090,10,59592012,687381070,ROD SP 147  KM 34  PONTE PRETA,,SP,3522604,20M0G7W,LTE,,,2640,,90,FB,Greenfield,não,760,"27331703519",17.05,28,65.49,0,X,70,56351705894,40,-22.45917,-46.73944,G,5/3/2006,5/3/2006,,5c79894ded559,10/18/2027,,,Itapira,,x
LIC-LIC-01,CLARO S.A.,50409105090,10,59592012,684938049,ROD SP 352  KM 159 3  JARDIM ITAPEMA,,SP,3522604,20M0G7W,LTE,,,2640,,180,FB,Greenfield,não,760,"27331703519",17.05,28,65.49,0,X,70,56351705894,40,-22.50083,-46.81083,G,4/4/2013,12/9/2004,,5c79894dcc3e9,10/18/2027,,,Itapira,,x
LIC-LIC-01,CLARO S.A.,50409105090,10,46622011,800000161,ROD SP 342,,SP,3530706,10M0G7W,LTE,,,1875,1780,40,FB,Greenfield,não,760,"27331703519",16.16,27,66.76,0,X,70,12111805894,40,-22.29047,-46.89714,G,12/6/2023,12/9/2004,,5c7989436435c,3/31/2028,,,Mogi Guaçu,,
LIC-LIC-01,TELEFONICA BRASIL S.A.,50409146447,10,59072012,1008208105,AVENIDA NOVE DE JULHO,,SP,3525904,20M0G7W,LTE,,,2680,2560,0,FB,Greenfield,não,760,"4741600762",10.74,0,80.1,0,X,3.4,45621602519,40,-23.2063,-46.894353,G,10/3/2023,3/1/2019,,5c7982e9736f3,10/18/2027,,,Jundiaí,,x
LIC-LIC-01,CLARO S.A.,50409105090,10,59592012,1008204924,ROD BANDEIRANTES,GRAAL JUNDIAÍ 56 SUL,SP,3525904,20M0G7W,LTE,,,2640,2520,0,FB,Indoor,não,168,,4,0,360,0,V,3,13681501882,5,-23.20512,-46.92746,F,11/21/2023,3/1/2019,,5c7982e8d2da6,10/18/2027,,,Jundiaí,,x
LIC-LIC-01,TELEFONICA BRASIL S.A.,50409146447,10,48422023,379962942,RUA PEDRO MIGUEL,AO LADO DA ENTRADA DO PARQUE ECOLÓGICO,SP,3532009,5M00G7W,LTE,,,1867.5,1772.5,260,FB,Greenfield,não,760,"56001603518",16.7,30,64,1,X,54,7591301882,40,-22.882222,-46.804444,G,1/30/2024,12/10/1999,,5c76d071f0117,12/22/2032,,,Morungaba,,x
LIC-LIC-01,TELEFONICA BRASIL S.A.,50409146447,10,166262022,1008216710,RUA FRANCISCO FRANCO DE GODOY BUENO,,SP,3530706,10M0G7W,LTE,,,2150,1960,0.001,FB,Indoor,não,760,"0",0,0,0,0,X,13,83071803257,40,-22.368219,-46.953289,G,3/11/2024,2/27/2019,,5c76d07030fa2,12/22/2032,,,Mogi Guaçu,,
LIC-LIC-01,TELEFONICA BRASIL S.A.,50409146447,10,48422023,1008197090,Rua Antonio Belucci,Lt 29 Qd 2,SP,3511508,5M00G7W,LTE,,,1867.5,1772.5,260,FB,Greenfield,não,760,"56001603518",15.4,25,68,6,X,59,6091702519,40,-23.172194,-47.730328,G,11/27/2023,2/26/2019,,5c755845463c2,12/22/2032,,,Cerquilho,,
LIC-LIC-01,CLARO S.A.,50409105090,10,97692014,689028873,AV JOHN BOYD DUNLOP,,SP,3509502,10M0G7W,LTE,,,798,743,240,FB,COW,não,760,"11471500324",12.85,28,65,0,X,18,57731705894,80,-22.91122,-47.09668,G,11/21/2023,3/26/2007,,5c6abe03d8da2,12/8/2029,,,Campinas,,x
LIC-LIC-01,CLARO S.A.,50409105090,10,29332016,696210533,R AMBROSIO COLNAGHI,,SP,3514908,10M0G7W,LTE,,,2625,2505,230,FB,Greenfield,não,760,"8541105344",16.85,33.74,67.81,-2,X,37.5,43341501882,40,-23.04314,-47.36528,G,11/21/2023,10/28/2011,,5c66c4a88e693,8/29/2031,,,Elias Fausto,,x
LIC-LIC-01,CLARO S.A.,50409105090,10,59592012,641205104,R RIO DE JANEIRO,FAZENDA BODEPAN,SP,3507001,10M0G7W,LTE,,,2625,2505,240,FB,Greenfield,não,760,"8541105344",16.85,33.74,67.81,0,X,19,43341501882,40,-23.29275,-47.70236,G,6/27/2023,3/14/2002,,5c66c2d698422,4/30/2038,,,Boituva,,x
LIC-LIC-01,TELEFONICA BRASIL S.A.,50409146447,10,48422023,1008100398,RUA SANTA TEREZINHA  540,,SP,3522604,5M00G7W,LTE,,,1867.5,1772.5,280,FB,Greenfield,não,760,"56001603518",17.7,28,58,2,X,30,6091702519,40,-22.451417,-46.80664,G,8/12/2024,2/11/2019,,5c61a30e58a11,12/22/2032,,,Itapira,,x
LIC-LIC-01,TELEFONICA BRASIL S.A.,50409146447,10,59072012,1007092715,Rua Vale Do Sol,Sitio Alto,SP,3507100,20M0G7W,LTE,,,2680,2560,200,FB,Greenfield,não,760,"56001603518",17.5,30,57,8,X,49,45621602519,40,-23.1301,-46.4516,G,11/24/2023,8/8/2018,,5c61a303822f4,10/18/2027,,,Bom Jesus dos Perdões,,
LIC-LIC-01,CLARO S.A.,50409105090,10,97692014,1007334123,AVENIDA ANTONIO CENTURIONE BOER,,SP,3501608,10M0G7W,LTE,,,798,743,290,FB,Greenfield,sim,760,,13.4,21,68,1,X,35,57731705894,80,-22.70996,-47.28579,G,8/19/2025,10/22/2018,,5c5841386445c,12/8/2029,,,Americana,,x
LIC-LIC-01,CLARO S.A.,50409105090,10,97692014,1007219928,RODOVIA ANHANGUERA,,SP,3501608,10M0G7W,LTE,,,798,743,290,FB,Greenfield,sim,760,,13.4,21,68,1,X,34,57731705894,80,-22.74958,-47.26248,G,8/19/2025,10/16/2018,,5c58413805bc9,12/8/2029,,,Americana,,x
LIC-LIC-01,CLARO S.A.,50409105090,10,97692014,1005779420,R FRANCISCO CAMPOS FILHO,,SP,3501608,10M0G7W,LTE,,,798,743,80,FB,Greenfield,sim,760,,13.4,21,68,-2,X,43,57731705894,80,-22.74028,-47.2956,G,6/5/2024,2/27/2018,,5c5841379ae2a,12/8/2029,,,Americana,,x
LIC-LIC-01,CLARO S.A.,50409105090,10,97692014,1005922729,RUA SEBASTIÃO DARCY SANTOS  S/N  RESERVA DA BARRA,,SP,3524709,10M0G7W,LTE,,,798,,260,FB,Greenfield,sim,760,"27331703519",14.1,25,66.56,0,X,40,57731705894,80,-22.66528,-46.95194,G,3/16/2018,3/16/2018,,5c58412da3c9d,12/8/2029,,,Jaguariúna,,x
LIC-LIC-01,CLARO S.A.,50409105090,10,97692014,1007334166,R MARCELO MACHADO DE ARAUJO,,SP,3526902,10M0G7W,LTE,,,798,743,340,FB,Greenfield,sim,760,,13.4,21,68,0,X,40,57731705894,80,-22.57444,-47.42528,G,2/21/2025,10/22/2018,,5c58412579fe9,12/8/2029,,,Limeira,,
LIC-LIC-01,CLARO S.A.,50409105090,10,97692014,1007163426,EST HELENA CARRIEIRO BIAGGIO  247  RURAL,,SP,3527306,10M0G7W,LTE,,,798,,270,FB,Greenfield,sim,760,"27331703519",14.1,25,66.56,1,X,37,57731705894,80,-23.08917,-46.92306,G,9/11/2018,9/11/2018,,5c584125195d9,12/8/2029,,,Louveira,,x
LIC-LIC-01,CLARO S.A.,50409105090,10,97692014,1006616729,ESTRADA PARTICULAR,ACESSO P/ RUA BLUMENAU,SP,3525904,10M0G7W,LTE,,,798,743,250,FB,Greenfield,sim,760,,13.4,21,68,2,X,50,57731705894,80,-23.15547,-46.92427,G,4/14/2025,5/14/2018,,5c4f4f9a3e030,12/8/2029,,,Jundiaí,,x
LIC-LIC-01,CLARO S.A.,50409105090,10,97692014,1006622907,AV ANTONIETA PIVA BARRANQUEIROS,ESQUINA COM A RUA GREGÓRIO MACHADO,SP,3525904,10M0G7W,LTE,,,798,743,240,FB,Greenfield,sim,760,,13.4,21,68,-1,X,50.5,57731705894,80,-23.16955,-46.92786,G,12/23/2024,5/14/2018,,5c4f4f99f1685,12/8/2029,,,Jundiaí,,x
LIC-LIC-01,CLARO S.A.,50409105090,10,97692014,1005863269,RUA DO LIMOEIRO  75  RECANTO DA PRATA,,SP,3525904,10M0G7W,LTE,,,798,,200,FB,Greenfield,sim,760,"27331703519",14.1,25,66.56,2,X,40,57731705894,80,-23.17972,-46.79861,G,3/23/2018,3/23/2018,,5c4f4f97a67d1,12/8/2029,,,Jundiaí,,x
LIC-LIC-01,CLARO S.A.,50409105090,10,97692014,1006948659,ROD PROF. ZEFERINO VAZ  SN  ITAPAVUSSU,,SP,3512803,10M0G7W,LTE,,,798,,190,FB,Greenfield,sim,760,"27331703519",14.1,25,66.56,1,X,43,57731705894,80,-22.66833,-47.16333,G,7/17/2018,7/17/2018,,5c4f4f8cc5381,12/8/2029,,,Cosmópolis,,x
LIC-LIC-01,CLARO S.A.,50409105090,10,97692014,1005863250,R ROBERTO CARBONARI,ACESSO RUA AO LADO EE JURANDIR DE SOUZA LIMA,SP,3525904,10M0G7W,LTE,,,798,743,50,FB,Greenfield,sim,760,"27331703519",14.1,25,66.56,0,X,60,29361602519,40,-23.12032,-46.96635,G,1/7/2026,3/23/2018,,5c4f4f88cbaf8,12/8/2029,,,Jundiaí,,x
LIC-LIC-01,CLARO S.A.,50409105090,10,97692014,1006616702,R ANTONIO ALVES DE CAMPOS,ACESSO PELA RUA PEDRO KRAMER - EM FRENTE AO 288,SP,3525904,10M0G7W,LTE,,,798,743,280,FB,Greenfield,sim,760,"27331703519",14.1,25,66.56,-1,X,50,57731705894,80,-23.22484,-46.85981,G,11/27/2025,5/14/2018,,5c4f4f8823385,12/8/2029,,,Jundiaí,,x
LIC-LIC-01,CLARO S.A.,50409105090,10,59592012,1008033020,R VALENTIN RAGASSO  S/N  CENTRO,,SP,3512407,20M0G7W,LTE,,,2640,,260,FB,Greenfield,sim,760,"8541105344",16.85,33.74,67.81,0,X,40,56351705894,40,-22.48611,-47.44833,G,4/26/2019,1/28/2019,,5c4f38d98a4c3,10/18/2027,,,Cordeirópolis,,
LIC-LIC-01,CLARO S.A.,50409105090,10,29332016,534807917,R DOS IPES,,SP,3510401,10M0G7W,LTE,,,2625,2505,240,FB,Greenfield,não,760,"8541105344",16.85,33.74,67.81,-2,X,50,43341501882,40,-22.9906,-47.39855,G,11/21/2023,5/2/2001,,5c476e65785b5,8/29/2031,,,Capivari,,x
LIC-LIC-01,CLARO S.A.,50409105090,10,59592012,686927699,ROD ENG CONSTANCIO CINTRA,EST MUN AREIA BRANCA,SP,3501905,20M0G7W,LTE,,,2640,2520,300,FB,Greenfield,não,760,"8541105344",16.85,33.74,67.81,-4,X,70,24251201882,30,-22.78678,-46.75602,G,11/21/2023,6/28/2005,,5c2fac45e781f,10/18/2027,,,Amparo,,x
LIC-LIC-01,CLARO S.A.,50409105090,10,29332016,442517661,R B,LOTE 02 QUADRA B,SP,3501905,10M0G7W,LTE,,,2625,2505,290,FB,Greenfield,não,760,"8541105344",16.85,33.74,67.81,-2,X,60,24251201882,30,-22.71114,-46.83705,G,11/21/2023,9/15/2004,,5c2fac45398e6,8/29/2031,,,Amparo,,x
LIC-LIC-01,CLARO S.A.,50409105090,10,29332016,1000643406,RODOVIA JOAO BEIRA,,SP,3501905,10M0G7W,LTE,,,2625,2505,170,FB,Greenfield,sim,760,,17.6,21,51,-5,X,32.1,43341501882,40,-22.71796,-46.81217,G,3/4/2026,10/20/2014,,5c2fac443e943,8/29/2031,,,Amparo,,x
LIC-LIC-01,CLARO S.A.,50409105090,10,29332016,698865766,R ALBÂNIA,,SP,3501905,10M0G7W,LTE,,,2625,2505,240,FB,Greenfield,não,760,"8541105344",16.85,33.74,67.81,-2,X,40,24251201882,30,-22.70811,-46.78173,G,11/21/2023,2/26/2014,,5c2fac42804d5,8/29/2031,,,Amparo,,x
LIC-LIC-01,CLARO S.A.,50409105090,10,59592012,1002398891,EST SITIO SAO JOAO,ACESSO  AV JOAO MIRANDA,SP,3503802,20M0G7W,LTE,,,2640,2520,230,FB,Greenfield,sim,760,"8541105344",16.85,33.74,67.81,0,X,36,43341501882,40,-22.55599,-47.15492,G,11/21/2023,1/5/2016,,5c2fac3be48ac,10/18/2027,,,Artur Nogueira,,
LIC-LIC-01,CLARO S.A.,50409105090,10,29332016,692642072,R ANTONIO S IA,SÍTIO SÃO JOÃO,SP,3503802,10M0G7W,LTE,,,2625,2505,300,FB,Greenfield,não,760,"8541105344",16.85,33.74,67.81,0,X,40,43341501882,40,-22.57107,-47.15275,G,11/21/2023,8/13/2010,,5c2fac3b6ea83,8/29/2031,,,Artur Nogueira,,
LIC-LIC-01,CLARO S.A.,50409105090,10,29332016,442517505,R EXPEDICIONÁRIO,,SP,3503802,10M0G7W,LTE,,,2625,2505,210,FB,Greenfield,não,760,"8541105344",16.85,33.74,67.81,0,X,40,43341501882,40,-22.57199,-47.17067,G,11/21/2023,4/10/2000,,5c2fac39caafd,8/29/2031,,,Artur Nogueira,,
LIC-LIC-01,TELEFONICA BRASIL S.A.,50409146447,10,97432014,697683478,Rua Rouxinol,Condomínio Parque Dos Cafezais Vi,SP,3524006,10M0G7W,LTE,,,788,733,220,FB,Greenfield,não,760,"56001603518",13.5,25,63,11,X,40,57731705894,40,-23.181789,-47.09405,G,9/20/2023,11/12/2012,,5c2cfdd5319a4,12/8/2029,,,Itupeva,,x
LIC-LIC-01,TELEFONICA BRASIL S.A.,50409146447,10,97432014,1517899,Rua Alfredo do Vaz Cerquilho,CONDOMINIO PARQUE DOS CAFEZAIS,SP,3524006,10M0G7W,LTE,,,788,733,260,FB,Greenfield,não,760,"56001603518",13.5,25,63,12,X,34,57731705894,40,-23.165047,-47.075061,G,9/20/2023,12/10/1999,,5c2cfdd52f3e6,12/8/2029,,,Itupeva,,x
LIC-LIC-01,Telefonica Brasil S.a.,50409146447,10,97432014,699851319,Rua Alfredo do Vaz Cerquilho  Quadra 42,CONDOMINIO PARQUE DOS CAFEZAIS,SP,3524006,10M0G7W,LTE,,,788,733,280,FB,Greenfield,não,760,"56001603518",13.5,25,63,11,X,55,57731705894,40,-23.16611,-47.08444,G,3/14/2025,11/24/2014,,5c2cfdd52d09e,12/8/2029,,,Itupeva,,x
LIC-LIC-01,TELEFONICA BRASIL S.A.,50409146447,10,97432014,379980746,Rua Eugênio Sesti  305 - JARDIM DO LESTE,,SP,3523404,10M0G7W,LTE,,,788,733,200,FB,Greenfield,não,760,"56001603518",13.5,25,63,11,X,34,57731705894,40,-23.02361,-46.81889,G,11/22/2023,12/10/1999,,5c2cfdd461efb,12/8/2029,,,Itatiba,,x
LIC-LIC-01,TELEFONICA BRASIL S.A.,50409146447,10,97432014,695641743,ESTRADA SÃO GONÇALO,SÍTIO SÃO GONÇALO,SP,3533403,10M0G7W,LTE,,,788,733,290,FB,Greenfield,não,760,"56001603518",13.5,25,63,2,X,37,48811903257,40,-22.806472,-47.295925,G,8/20/2024,8/13/2012,,5c2cfdd42d5d5,12/8/2029,,,Nova Odessa,,x
LIC-LIC-01,TELEFÔNICA BRASIL S.A.,50409146447,10,97432014,410917370,Rua Pará  375 - VILA CRISTÓVAM,,SP,3526902,10M0G7W,LTE,,,788,,220,FB,Greenfield,não,760,"56001603518",13.5,25,63,8,X,41.7,29361602519,40,-22.57556,-47.40556,G,11/28/2000,12/13/1999,,5c2cfdd429a68,12/8/2029,,,Limeira,,
LIC-LIC-01,TELEFONICA BRASIL S.A.,50409146447,10,97432014,441994695,Rua Quatro,,SP,3509601,10M0G7W,LTE,,,788,733,310,FB,Greenfield,não,760,"56001603518",13.5,25,63,10,X,58,57731705894,40,-23.176303,-46.779174,G,9/20/2023,12/15/1999,,5c2cfdd4197bf,12/8/2029,,,Campo Limpo Paulista,,x
LIC-LIC-01,TELEFONICA BRASIL S.A.,50409146447,10,97432014,695642103,RUA SANTO BAPTISTELLA,,SP,3523404,10M0G7W,LTE,,,788,733,360,FB,Greenfield,não,760,"56001603518",13.5,25,63,4,X,58,57731705894,40,-23.009961,-46.817506,G,1/2/2024,9/23/2011,,5c2cfdd416349,12/8/2029,,,Itatiba,,x
LIC-LIC-01,TELEFONICA BRASIL S.A.,50409146447,10,155832022,1008005085,Avenida Antonio Frederico Ozanan,,SP,3525904,5M00G7W,LTE,,,874.5,829.5,220,FB,Greenfield,não,760,"56001603518",14.1,25,59,8,X,33,39721705894,40,-23.164319,-46.936989,G,9/20/2023,1/2/2019,,5c2cfdaebe136,11/29/2028,,,Jundiaí,,x
LIC-LIC-01,TELEFONICA BRASIL S.A.,50409146447,10,97432014,379981394,RUA PAULISTA,FRENTE E FUNDOS,SP,3525904,10M0G7W,LTE,,,788,733,250,FB,Greenfield,não,760,"56001603518",13.5,25,63,4,X,27,57731705894,40,-23.175972,-46.888219,G,1/30/2024,12/10/1999,,5c2cfdaead0ff,12/8/2029,,,Jundiaí,,x
LIC-LIC-01,TELEFONICA BRASIL S.A.,50409146447,10,97432014,379981050,RUA DOS PINHEIROS,,SP,3525904,10M0G7W,LTE,,,788,733,160,FB,Greenfield,não,760,"56001603518",15.4,25,68,2,X,33,57731705894,40,-23.195994,-46.919797,G,6/12/2024,12/10/1999,,5c2cfdaea2cc1,12/8/2029,,,Jundiaí,,x
LIC-LIC-01,Telefonica Brasil S.a.,50409146447,10,97432014,699789621,Avenida Navarro de Andrade,,SP,3525904,10M0G7W,LTE,,,788,733,300,FB,Greenfield,não,760,"56001603518",15.4,30,74,4,X,17,57731705894,40,-23.14528,-46.90889,G,3/14/2025,3/31/2014,,5c2cfdaea1173,12/8/2029,,,Jundiaí,,x
LIC-LIC-01,TELEFONICA BRASIL S.A.,50409146447,10,48412023,379962900,RUA SÃO CAETANO,AO LADO DO 13 LOTE 1 QUADRA D,SP,3525904,10M0G7W,LTE,,,2160,1970,230,FB,Greenfield,não,760,"44181403519",16.4,32,57,2,X,32,83192102519,40,-23.200336,-46.888694,G,1/30/2024,12/10/1999,,5c2cfdae9ea81,4/29/2038,,,Jundiaí,,x
LIC-LIC-01,TELEFONICA BRASIL S.A.,50409146447,10,48422023,441995055,RUA OSVALDO DE ALMEIDA LEITE,LOTE 5 QUADRA L,SP,3525904,5M00G7W,LTE,,,1862.5,1767.5,340,FB,Greenfield,não,760,"44181403519",15.1,29,62,2,X,40,40952002519,40,-23.139733,-46.916225,G,1/5/2024,12/15/1999,,5c2cfdae9bc74,12/22/2032,,,Jundiaí,,x
LIC-LIC-01,TELEFONICA BRASIL S.A.,50409146447,10,97432014,1002514778,Rua Tashin Asad Raschid Shahrouri,,SP,3525904,10M0G7W,LTE,,,788,733,190,FB,Greenfield,não,760,"56001603518",13.5,25,63,11,X,40,57731705894,40,-23.1815,-46.977861,G,9/20/2023,2/4/2016,,5c2cfdae8d68e,12/8/2029,,,Jundiaí,,x
LIC-LIC-01,TELEFONICA BRASIL S.A.,50409146447,10,97432014,659026384,Rodovia dos Bandeirantes,Km 56 SP 348,SP,3525904,10M0G7W,LTE,,,788,733,140,FB,Greenfield,não,760,"56001603518",13.5,25,63,10,X,32,57731705894,40,-23.208772,-46.926653,G,9/20/2023,5/23/2003,,5c2cfdae87b99,12/8/2029,,,Jundiaí,,x
LIC-LIC-01,TELEFONICA BRASIL S.A.,50409146447,10,97432014,441995012,RUA GUMERCINDO BARDI DA FONSECA,,SP,3525904,10M0G7W,LTE,,,788,733,240,FB,Greenfield,não,760,"56001603518",13.5,25,63,11,X,59,57731705894,40,-23.120578,-46.850297,G,1/2/2024,12/15/1999,,5c2cfdae7dcbb,12/8/2029,,,Jundiaí,,x
LIC-LIC-01,TELEFONICA BRASIL S.A.,50409146447,10,166262022,6562434,RUA GENERAL CARNEIRO,,SP,3525904,10M0G7W,LTE,,,2150,1960,210,FB,Rooftop,não,760,"56001603518",17.4,25,62,2,X,36,83192102519,40,-23.198361,-46.876067,G,1/30/2024,3/11/2003,,5c2cfdae7742b,12/22/2032,,,Jundiaí,,x
LIC-LIC-01,TELEFONICA BRASIL S.A.,50409146447,10,97432014,379980762,Rua Ângelo Riveli,,SP,3525904,10M0G7W,LTE,,,788,733,185,FB,Greenfield,não,760,"56001603518",13.5,25,63,11,X,27,57731705894,40,-23.177636,-46.871253,G,9/20/2023,12/10/1999,,5c2cfdae72469,12/8/2029,,,Jundiaí,,x
LIC-LIC-01,CLARO S.A.,50409105090,10,59592012,1007842315,EST VICINAL  S/N  RAMALHADA ZONA RURAL,,SP,3551603,20M0G7W,LTE,,,2640,,260,FB,Greenfield,sim,760,"8541105344",16.85,33.74,67.81,3,X,50,56351705894,40,-22.57806,-46.66278,G,12/20/2018,12/20/2018,,5c1b999602e94,10/18/2027,,,Serra Negra,,x
LIC-LIC-01,CLARO S.A.,50409105090,10,59592012,1007842307,ROD SP 342  KM 230  JARDIM NOVA REPÚBLICA,,SP,3549102,20M0G7W,LTE,,,2640,,290,FB,Greenfield,sim,760,"8541105344",16.85,33.74,67.81,0,X,45,56351705894,40,-21.97861,-46.76139,G,4/18/2019,12/20/2018,,5c1b9995ef323,10/18/2027,,,São João da Boa Vista,,
LIC-LIC-01,CLARO S.A.,50409105090,10,46622011,1007836714,ESTRADA SUMARÉ A MONTE MOR KM 9,FAZ SANTO ANTONIO,SP,3531803,10M0G7W,LTE,,,1875,1780,220,FB,Greenfield,sim,760,"9371303519",17.08,30,72.66,1,X,54,12111805894,40,-22.91028,-47.31611,G,1/4/2022,12/20/2018,,5c1b997238233,3/31/2028,,,Monte Mor,,x
LIC-LIC-01,CLARO S.A.,50409105090,10,97692014,684914077,ROD MARECHAL RONDON  KM 117  ITAIM,,SP,3523909,10M0G7W,LTE,,,798,,300,FB,Greenfield,não,760,"44181403519",12.76,24,68.43,5,X,60.5,29361602519,40,-23.23917,-47.39361,G,4/29/2014,12/3/2004,,5c179e2504aac,12/8/2029,,,Itu,,x
LIC-LIC-01,TELEFONICA BRASIL S.A.,50409146447,10,97432014,403092663,RODOVIA PRESIDENTE CASTELLO BRANCO,KM 72 5 SP 280,SP,3523909,10M0G7W,LTE,,,788,733,360,FB,Greenfield,não,760,"56001603518",13.5,25,63,7,X,67.5,57731705894,80,-23.406589,-47.276628,G,12/4/2023,12/10/1999,,5c179e0177584,12/8/2029,,,Itu,,x
LIC-LIC-01,TELEFONICA BRASIL S.A.,50409146447,10,59072012,1007714082,RUA JOSE BONIFACIO,TUP PRÓXIMO AO SUPERMERCADO PORTUGUÊS,SP,3554003,20M0G7W,LTE,,,2680,2560,360,FB,Greenfield,não,817,"80010126",5,0,0,0,X,3.4,26021501882,11,-23.347673,-47.847908,G,9/20/2023,11/27/2018,,5bfd48dca97f1,10/18/2027,,,Tatuí,,
LIC-LIC-01,TELEFONICA BRASIL S.A.,50409146447,10,59072012,1002169477,ESTRADA MUNICIPAL DE TAPERINHA,,SP,3523909,20M0G7W,LTE,,,2680,2560,290,FB,Greenfield,não,760,"56001603518",17.5,30,57,8,X,53,6091702519,40,-23.320217,-47.330589,G,9/20/2023,11/9/2015,,5bf7eec1492d8,10/18/2027,,,Itu,,x
LIC-LIC-01,CLARO S.A.,50409105090,10,97692014,1006803200,R ANDRÉ TELHA  S/N  JD SALTENSE,,SP,3545209,10M0G7W,LTE,,,798,,220,FB,Greenfield,sim,760,"27331703519",14.1,25,66.56,2,X,26,57731705894,80,-23.17944,-47.31806,G,6/7/2018,6/7/2018,,5beed29857390,12/8/2029,,,Salto,,x
LIC-LIC-01,TELEFONICA BRASIL S.A.,50409146447,10,59072012,699324246,RUA SEIS,,SP,3523909,20M0G7W,LTE,,,2680,2560,230,FB,Greenfield,não,760,"56001603518",17.5,30,57,7,X,49,6091702519,40,-23.431675,-47.339678,G,1/9/2024,10/15/2013,,5bec1c7e159d7,10/18/2027,,,Itu,,x
LIC-LIC-01,TELEFONICA BRASIL S.A.,50409146447,10,97432014,699354706,ESTRADAS DAS MARGARIDAS,LOTE B QUADRA E SÍTIO SANTO ANTÔNIO,SP,3525201,10M0G7W,LTE,,,788,733,320,FB,Greenfield,não,760,"56001603518",13.5,25,63,3,X,59,57731705894,40,-23.181572,-46.693519,G,1/3/2024,7/8/2015,,5bec1c7ccc74a,12/8/2029,,,Jarinu,,
LIC-LIC-01,TELEFONICA BRASIL S.A.,50409146447,10,59072012,1007624334,AVENIDA CAMPOS SALLES,EM FRENTE AO 587,SP,3509502,20M0G7W,LTE,,,2680,2560,0,FB,Greenfield,não,760,"4741600762",10.74,0,80.1,0,X,3,58221803257,34.7,-22.905767,-47.062828,G,8/22/2023,11/7/2018,,5be355bc4b09f,10/18/2027,,,Campinas,,x
LIC-LIC-01,TELEFONICA BRASIL S.A.,50409146447,10,59072012,1007624326,RUA GENERAL OSORIO,FRENTE PALÁCIO DA JUSTIÇA,SP,3509502,20M0G7W,LTE,,,2680,2560,0,FB,Greenfield,não,760,"4741600762",10.74,0,80.1,0,X,3,58221803257,34.7,-22.904427,-47.060708,G,8/22/2023,11/7/2018,,5be355bc49c47,10/18/2027,,,Campinas,,x
LIC-LIC-01,TELEFONICA BRASIL S.A.,50409146447,10,59072012,1007624318,RUA BARÃO DE JAGUARA,PRAÇA BENTO QUIRINO,SP,3509502,20M0G7W,LTE,,,2680,2560,0,FB,Greenfield,não,760,"4741600762",10.74,0,80.1,0,X,3,58221803257,34.7,-22.902394,-47.059961,G,8/22/2023,11/7/2018,,5be355bc4860a,10/18/2027,,,Campinas,,x
LIC-LIC-01,TELEFONICA BRASIL S.A.,50409146447,10,97432014,699067693,RUA PALMA DE OURO,,SP,3545209,10M0G7W,LTE,,,788,733,270,FB,Greenfield,não,760,"56001603518",13.5,25,63,11,X,26,57731705894,40,-23.195722,-47.295333,G,9/20/2023,10/15/2013,,5bd8b036f3a51,12/8/2029,,,Salto,,x
LIC-LIC-01,TELEFONICA BRASIL S.A.,50409146447,10,48422023,700032754,RODOVIA WALDOMIRO CORRÊA DE CAMARGO,,SP,3523909,5M00G7W,LTE,,,1862.5,1767.5,360,FB,Greenfield,não,760,"44181403519",15.1,29,62,2,X,34,6091702519,40,-23.395008,-47.34536,G,1/3/2024,6/12/2015,,5bd8b036d24db,12/22/2032,,,Itu,,x
LIC-LIC-01,TELEFONICA BRASIL S.A.,50409146447,10,97432014,1005312955,RUA ITAPIRU,CONDOMINIO EDIFICIO DONA ISAURA,SP,3545209,10M0G7W,LTE,,,788,733,279,FB,Rooftop,não,760,"56001603518",13.6,25,74,11,X,53.5,29361602519,40,-23.199411,-47.290756,G,9/20/2023,11/22/2017,,5bd8b036bc509,12/8/2029,,,Salto,,x
LIC-LIC-01,CLARO S.A.,50409105090,10,46622011,685052818,RODOVIA FAUSTO SANTOMAURO  KM 15  PARQUE SÃO JORGE,,SP,3538709,10M0G7W,LTE,,,1875,,190,FB,Greenfield,não,760,"27331703519",16.16,27,66.76,1,X,80,6091702519,79.43,-22.57556,-47.58667,G,12/19/2006,3/15/2005,,5bd353c5d5d62,3/31/2028,,,Piracicaba,,x
LIC-LIC-01,CLARO S.A.,50409105090,10,59592012,685020690,ROD SP 308  KM 147  CENTRO,,SP,3544004,20M0G7W,LTE,,,2640,,140,FB,Greenfield,não,760,"27331703519",17.05,28,65.49,2,X,60,56351705894,40,-22.84583,-47.55944,G,11/12/2014,12/30/2004,,5bd0cba349e7b,10/18/2027,,,Rio das Pedras,,x
LIC-LIC-01,CLARO S.A.,50409105090,10,59592012,1007334174,GLB LETRA  B   S/N  CAMPO GRANDE,,SP,3531803,20M0G7W,LTE,,,2640,,170,FB,Greenfield,sim,760,"8541105344",16.85,33.74,67.81,0,X,50,56351705894,40,-22.935,-47.20944,G,10/22/2018,10/22/2018,,5bce162a21e69,10/18/2027,,,Monte Mor,,x
LIC-LIC-01,CLARO S.A.,50409105090,10,29332016,699071038,AL DAS PALMEIRAS  S/N  LESTE,,SP,3550407,10M0G7W,LTE,,,2625,,220,FB,Greenfield,sim,760,"8541105344",16.85,33.74,67.81,2,X,33,45621602519,40,-22.55194,-47.89944,G,5/12/2017,7/29/2013,,5bc5dff146740,10/18/2027,,,São Pedro,,x
LIC-LIC-01,TELEFÔNICA BRASIL S.A.,50409146447,10,97432014,1006964646,RUA TOCANTINS  330 CIDADE SAO PEDRO - GLEBA A,,SP,3547304,10M0G7W,LTE,,,788,,220,FB,Greenfield,não,760,"56001603518",16.7,30,64,6,X,54,57731705894,40,-23.42639,-46.85861,G,7/16/2018,7/16/2018,,5bb66b69d532a,12/8/2029,,,Santana de Parnaíba,,
LIC-LIC-01,TELEFÔNICA BRASIL S.A.,50409146447,10,97432014,1007453211,RUA LAURINDO FÉLIX DA SILVA  500 - RESIDENCIAL NOVA MAIRIPORÃ,,SP,3528502,10M0G7W,LTE,,,788,,310,FB,Greenfield,não,760,"56001603518",16.7,30,64,11,X,19,57731705894,40,-23.33056,-46.58333,G,10/2/2018,10/2/2018,,5bb2e072dd00b,12/8/2029,,,Mairiporã,,
LIC-LIC-01,TELEFONICA BRASIL S.A.,50409146447,10,97432014,1002040130,Estrada Prefeito Juvenal Ferreira dos Santos,,SP,3509205,10M0G7W,LTE,,,788,733,220,FB,Greenfield,não,760,"56001603518",16.7,30,64,13,X,40,57731705894,40,-23.3691,-46.8613,G,9/20/2023,11/9/2015,,5bb2e072d6ffb,12/8/2029,,,Cajamar,,
LIC-LIC-01,TELEFONICA BRASIL S.A.,50409146447,10,48422023,689718268,ESTRADA DOS ROMEIROS,KM 46 SP 312 REFÚGIO DO PESCADOR,SP,3547304,5M00G7W,LTE,,,1867.5,1772.5,260,FB,Greenfield,não,760,"56001603518",16.7,30,64,2,X,54,6091702519,40,-23.417997,-46.950539,G,12/27/2023,10/30/2007,,5bb2e070722ee,12/22/2032,,,Santana de Parnaíba,,
LIC-LIC-01,CLARO S.A.,50409105090,10,46622011,535812256,ROD SP 340  KM 186  CENTRO,,SP,3557303,10M0G7W,LTE,,,1875,,250,FB,Greenfield,não,760,"9371303519",17.08,30,72.66,2,X,71,6091702519,79.43,-22.22222,-46.97806,G,3/20/2015,6/20/2001,,5b9677e87ddfd,3/31/2028,,,Estiva Gerbi,,
LIC-LIC-01,TELEFÔNICA BRASIL S.A.,50409146447,10,97432014,1006964581,AVENIDA CORONEL. SEZEFREDO FAGUNDES  15530 - CACHOEIRA,,SP,3550308,10M0G7W,LTE,,,788,,230,FB,Greenfield,não,760,"56001603518",13.5,25,63,11,X,60,57731705894,40,-23.40972,-46.58056,G,7/16/2018,7/16/2018,,5b5f1c8634289,12/8/2029,,,São Paulo,,
LIC-LIC-01,CLARO S.A.,50409105090,10,46622011,641098880,RODOVIA CASTELO BRANCO  KM 132  ZONA RURAL,,SP,3554003,10M0G7W,LTE,,,1875,,160,FB,Greenfield,não,760,"9371303519",17.08,30,72.66,2,X,68,6091702519,79.43,-23.27417,-47.825,G,6/29/2022,3/14/2002,,5b4e4d624fa42,3/31/2028,,,Tatuí,,
LIC-LIC-01,CLARO S.A.,50409105090,10,59592012,1006986135,AV JOHN BOYD DUNLOP,,SP,3509502,20M0G7W,LTE,,,2640,2520,240,FB,Indoor,não,760,"8541105344",16.85,33.74,67.81,-2,X,42,24251201882,30,-22.9112,-47.0966,G,11/21/2023,7/17/2018,,5b4e4d4eee69c,10/18/2027,,,Campinas,,x
LIC-LIC-01,TELEFONICA BRASIL S.A.,50409146447,10,97432014,1006813826,Rua Alessandro Bandettini,Condominio Residencial Manaca,SP,3523909,10M0G7W,LTE,,,788,733,240,FB,Greenfield,não,760,"56001603518",13.5,25,63,5,X,27,57731705894,40,-23.283389,-47.27825,G,11/24/2023,6/5/2018,,5b16821cd73a8,12/8/2029,,,Itu,,x
LIC-LIC-01,TELEFÔNICA BRASIL S.A.,50409146447,10,59072012,1006712329,ESTRADA MARICÁ MARQUES  282 - VAU NOVO,,SP,3547304,20M0G7W,LTE,,,2680,,250,FB,Greenfield,não,760,"56001603518",17,25,65,5,X,22,45621602519,40,-23.40444,-46.88278,G,5/28/2018,5/28/2018,,5b0c574a6031e,10/18/2027,,,Santana de Parnaíba,,
LIC-LIC-01,CLARO S.A.,50409105090,10,59592012,1006617024,RUA LAURO RIBEIRO DE AZEVEDO  S/N  SITIO CHÁCARA SANTA MARIA,,SP,3515186,20M0G7W,LTE,,,2640,,240,FB,Greenfield,sim,760,"8541105344",16.85,33.74,67.81,0,X,50,56351705894,40,-22.18917,-46.73528,G,5/14/2018,5/14/2018,,5af9beae3ff34,10/18/2027,,,Espírito Santo do Pinhal,,x
LIC-LIC-01,CLARO S.A.,50409105090,10,46622011,399687777,RODOVIA ANHANGUERA  KM 132  JARDIM NOVA LIMEIRA,,SP,3526902,10M0G7W,LTE,,,1875,,175,FB,Greenfield,não,760,"9371303519",17.08,30,72.66,1,X,55,6091702519,79.43,-22.66694,-47.31528,G,3/31/2015,5/14/2003,,5af9bea33795a,3/31/2028,,,Limeira,,
LIC-LIC-01,CLARO S.A.,50409105090,10,97692014,1006616397,AVENIDA PRESIDENTE VARGAS  ENTRE 812 E 836  JD DAS CEREJEIRAS,,SP,3504107,10M0G7W,LTE,,,798,,160,FB,Greenfield,sim,760,"27331703519",14.1,25,66.56,2,X,50,57731705894,80,-23.12556,-46.58306,G,2/14/2020,5/14/2018,,5af9be80d71b3,12/8/2029,,,Atibaia,,
LIC-LIC-01,CLARO S.A.,50409105090,10,97692014,1006616389,RUA DR LUIZ ALBERTO VIEIRA DOS SANTOS  S/N  VILA SANTISTA,,SP,3504107,10M0G7W,LTE,,,798,,260,FB,Greenfield,sim,760,"27331703519",14.1,25,66.56,2,X,50,57731705894,80,-23.11639,-46.54,G,2/14/2020,5/14/2018,,5af9be80d2df7,12/8/2029,,,Atibaia,,
LIC-LIC-01,Telefonica Brasil S.a.,50409146447,10,48422023,690140886,RUA VEREADORA ALICE MARCELO,,SP,3537503,5M00G7W,LTE,,,1867.5,1772.5,145,FB,Greenfield,não,817,"13201105080",17,23,88,3,X,53,9891103257,40,-23.074925,-47.968583,G,3/14/2025,4/28/2008,,5aea10a807ca5,12/22/2032,,,Pereiras,,
LIC-LIC-01,CLARO S.A.,50409105090,10,59592012,535652534,RODOVIA SP 147  KM 120  GEADA,,SP,3526902,20M0G7W,LTE,,,2640,,325,FB,Greenfield,não,760,"8541105344",16.85,33.74,67.81,1,X,40,45621602519,40,-22.60778,-47.47639,G,3/20/2015,6/20/2001,,5ae73744dc3ce,10/18/2027,,,Limeira,,
LIC-LIC-01,TELEFONICA BRASIL S.A.,50409146447,10,59072012,1006552488,UNIDADE EMPRESARIAL,COND. ANHANGUERA SÍTIO JUQUERI-MIRIM,SP,3509205,20M0G7W,LTE,,,2680,2560,140,FB,Greenfield,não,760,"56001603518",14.8,25,56,2,X,31,45621602519,40,-23.385661,-46.836833,G,11/24/2023,4/25/2018,,5ae0887294ef1,10/18/2027,,,Cajamar,,
LIC-LIC-01,CLARO S.A.,50409105090,10,46622011,1006024198,RUA HERMINIA TREVISAN SALERMO  218  SÃO FRANCISCO,,SP,3511508,10M0G7W,LTE,,,1875,,275,FB,Greenfield,sim,760,"9371303519",17.08,30,72.66,0,X,40,12111805894,40,-23.165,-47.76806,G,6/28/2022,4/4/2018,,5ac4c7bc873c2,3/31/2028,,,Cerquilho,,
LIC-LIC-01,CLARO S.A.,50409105090,10,46622011,1006024180,AVENIDA COMENDADOR AURÉLIO PERSONE   CERQUILHO - SP  S\Nº QD 21 LT 21  RESIDENCIAL FLAMBOIANT,,SP,3511508,10M0G7W,LTE,,,1875,,240,FB,Greenfield,sim,760,"8541105344",16.97,34.65,71.05,1,X,50,6091702519,79.43,-23.18611,-47.74,G,6/28/2022,4/4/2018,,5ac4c7bc7f86c,3/31/2028,,,Cerquilho,,
LIC-LIC-01,CLARO S.A.,50409105090,10,59592012,1006385867,RODOVIA MUNICIPAL JOSÉ RUY DE LIMA AZEVEDO  SN  FAZENDA NOSSA SENHORA DO DESTERRO,,SP,3549102,20M0G7W,LTE,,,2640,,270,FB,Greenfield,sim,760,"8541105344",16.85,33.74,67.81,1,X,50,45621602519,40,-22.00306,-46.765,G,4/2/2018,4/2/2018,,5ac29a4ba1d82,10/18/2027,,,São João da Boa Vista,,
LIC-LIC-01,CLARO S.A.,50409105090,10,97692014,1005863161,AVENIDA BARRETOS  148  JARDIM DO LAGO,,SP,3504107,10M0G7W,LTE,,,798,,230,FB,Greenfield,sim,760,"56001603518",11.96,25,74,2,x,36,29361602519,40,-23.12917,-46.55528,G,2/11/2020,3/23/2018,,5ab515eed45ba,12/8/2029,,,Atibaia,,
LIC-LIC-01,TELEFONICA BRASIL S.A.,50409146447,10,59072012,1005986220,RUA B,QUADRA 50  LOTE 14,SP,3538600,20M0G7W,LTE,,,2680,2560,159,FB,Greenfield,não,760,"56001603518",17.5,30,57,7,X,49,45621602519,40,-23.084167,-46.417167,G,9/20/2023,3/16/2018,,5aabd8e303cd4,10/18/2027,,,Piracaia,,
LIC-LIC-01,CLARO S.A.,50409105090,10,46622011,1005922737,AV JOSÉ ROCHA  300  GEORGE OETTERER,,SP,3521002,10M0G7W,LTE,,,1875,,0,FB,Greenfield,sim,760,"9371303519",17.08,30,72.66,0,X,0,12111805894,40,-23.4525,-47.55056,G,6/28/2022,3/16/2018,,5aabd87c189f8,3/31/2028,,,Iperó,,
LIC-LIC-01,CLARO S.A.,50409105090,10,46622011,1005779691,ROD JOSÉ SARTORELLI  S/N  SÍTIO SÃO JOÃO,,SP,3507001,10M0G7W,LTE,,,1875,,240,FB,Greenfield,sim,760,"9371303519",17.08,30,72.66,2,X,50,6091702519,79.43,-23.31306,-47.68167,G,6/28/2022,2/27/2018,,5a955fd549bc1,3/31/2028,,,Boituva,,x
LIC-LIC-01,CLARO S.A.,50409105090,10,59592012,1005779470,RUA MARCELO AVANCINI  S/N  JARDIM GUARUJÁ,,SP,3522604,20M0G7W,LTE,,,2640,,240,FB,Greenfield,sim,760,"8541105344",16.85,33.74,67.81,0,X,40,56351705894,40,-22.45667,-46.78806,G,2/27/2018,2/27/2018,,5a955fd2d212d,10/18/2027,,,Itapira,,x
LIC-LIC-01,CLARO S.A.,50409105090,10,59592012,1005693894,RODOVIA PROFESSOR ZEFERINO VAZ  KM143  *,,SP,3512803,20M0G7W,LTE,,,2640,,200,FB,Greenfield,sim,760,"8541105344",16.85,33.74,67.81,0,X,50,45621602519,40,-22.64944,-47.20556,G,1/17/2018,1/17/2018,,5a5f4ec7a04fa,10/18/2027,,,Cosmópolis,,x
LIC-LIC-01,CLARO S.A.,50409105090,10,59592012,686183045,RODOVIA SP 346  KM 203  ZONA RURAL,,SP,3515186,20M0G7W,LTE,,,2640,,200,FB,Greenfield,não,760,"8541105344",16.85,33.74,67.81,0,X,60,45621602519,40,-22.1375,-46.74111,G,5/12/2005,3/23/2005,,5a5387495c013,10/18/2027,,,Espírito Santo do Pinhal,,x
LIC-LIC-01,CLARO S.A.,50409105090,10,46622011,1005523000,RUA GERCEI ZANELATO  SN  PQ. DA REPRESA,,SP,3536505,10M0G7W,LTE,,,1875,,175,FB,Greenfield,sim,760,"8541105344",16.97,34.65,71.05,0,X,39,6091702519,79.43,-22.75389,-47.20556,G,12/22/2017,12/22/2017,,5a3d05182b970,3/31/2028,,,Paulínia,,x
LIC-LIC-01,CLARO S.A.,50409105090,10,59592012,1005410175,RODOVIA SP-147  KM48  LOTEAMENTO NACOES UNIDAS,,SP,3522604,20M0G7W,LTE,,,2640,,270,FB,Greenfield,sim,760,"8541105344",16.85,33.74,67.81,0,X,50,45621602519,40,-22.45417,-46.84722,G,12/12/2017,12/12/2017,,5a2ff05a3e0b3,10/18/2027,,,Itapira,,x
LIC-LIC-01,CLARO S.A.,50409105090,10,46622011,1005356340,AVENIDA DR. SILVIO BRAND CORREA  LOTE 02  DA QUADRA B  VISTA ALEGRE,,SP,3540606,10M0G7W,LTE,,,1875,,200,FB,Greenfield,sim,760,"9371303519",17.08,30,72.66,1,X,40,6091702519,79.43,-23.18444,-47.53611,G,6/28/2022,12/7/2017,,5a29738d79ac1,3/31/2028,,,Porto Feliz,,x
LIC-LIC-01,CLARO S.A.,50409105090,10,59592012,1005349913,RUA SENA MADUREIRA  255  JARDIM VISTA ALEGRE,,SP,3509601,20M0G7W,LTE,,,2640,,260,FB,Greenfield,sim,760,"9371303519",16.96,30,63.58,2,X,40,45621602519,40,-23.22944,-46.7875,G,2/14/2020,10/24/2017,,5a218d04028cf,10/18/2027,,,Campo Limpo Paulista,,x
LIC-LIC-01,TELEFONICA BRASIL S.A.,50409146447,10,59072012,1005312998,SÍTIO LARANJAL  S/N,,SP,3531803,20M0G7W,LTE,,,2680,2560,220,FB,Greenfield,não,760,"29161203518",17.7,25,65,8,X,49,38411301882,40,-22.935478,-47.283267,G,8/12/2024,11/22/2017,,5a15c52b60ce6,10/18/2027,,,Monte Mor,,x
LIC-LIC-01,CLARO S.A.,50409105090,10,59592012,1005185651,RUA DOMINGOS MAIOLE  595  COLINAS DO PONTAL,,SP,3509601,20M0G7W,LTE,,,2640,,240,FB,Greenfield,sim,760,"9371303519",16.96,30,63.58,2,X,40,45621602519,40,-23.23,-46.75556,G,2/11/2020,10/3/2017,,5a09a2e17e4fc,10/18/2027,,,Campo Limpo Paulista,,x
LIC-LIC-01,CLARO S.A.,50409105090,10,59592012,1002336675,ROD ANHANGUERA,SP 330,SP,3509205,20M0G7W,LTE,,,2640,2520,330,FB,Greenfield,não,760,"8541105344",16.85,33.74,67.81,-2,X,50,45621602519,40,-23.40461,-46.83158,G,11/21/2023,12/7/2015,,5a01b25b5bc93,10/18/2027,,,Cajamar,,
LIC-LIC-01,CLARO S.A.,50409105090,10,59592012,692673210,AV PAULICÉIA,ACESSO PELA ALLIANCE PARTICIPAÇÕES,SP,3509007,20M0G7W,LTE,,,2640,2520,210,FB,Greenfield,não,760,"8541105344",16.85,33.74,67.81,-2,X,40,45621602519,40,-23.38766,-46.71168,G,11/21/2023,8/27/2010,,5a01b252bf2e6,10/18/2027,,,Caieiras,,
LIC-LIC-01,CLARO S.A.,50409105090,10,59592012,686182359,RODOVIA SP 101  KM 42  CENTRO,,SP,3510401,20M0G7W,LTE,,,2640,,270,FB,Greenfield,não,760,"8541105344",16.85,33.74,67.81,0,X,60,45621602519,40,-22.99778,-47.46944,G,12/19/2006,3/23/2005,,59fb596090cd5,10/18/2027,,,Capivari,,x
LIC-LIC-01,CLARO S.A.,50409105090,10,59592012,698223373,RUA EMILIO BASSORA,,SP,3533403,20M0G7W,LTE,,,2640,2520,230,FB,Greenfield,não,760,"8541105344",16.85,33.74,67.81,0,X,35,45621602519,40,-22.79368,-47.31018,G,9/4/2025,11/28/2012,,59f72df70d0ff,10/18/2027,,,Nova Odessa,,x
LIC-LIC-01,CLARO S.A.,50409105090,10,59592012,1004947329,SÍTIO LARANJAL  SN  BAIRRO DOS PINTOS,,SP,3531803,20M0G7W,LTE,,,2640,,200,FB,Greenfield,sim,760,"8541105344",16.85,33.74,67.81,2,X,43,45621602519,40,-22.92583,-47.28361,G,10/30/2017,10/30/2017,,59f72de99bd5f,10/18/2027,,,Monte Mor,,x
LIC-LIC-01,CLARO S.A.,50409105090,10,46622011,1004947310,RUA BENEDITO MILAN  53  CENTRO,,SP,3531803,10M0G7W,LTE,,,1875,,250,FB,Greenfield,sim,760,"8541105344",16.97,34.65,71.05,2,X,46,6091702519,79.43,-22.94278,-47.26778,G,10/30/2017,10/30/2017,,59f72de997fcf,3/31/2028,,,Monte Mor,,x
LIC-LIC-01,CLARO S.A.,50409105090,10,59592012,1004947280,R OCTAVIO BORETI  168  LOTEAMENTO DELLA ROCHA,,SP,3522604,20M0G7W,LTE,,,2640,,240,FB,Greenfield,sim,760,"8541105344",16.85,33.74,67.81,0,X,52,45621602519,40,-22.41667,-46.83833,G,10/30/2017,10/30/2017,,59f72de53f418,10/18/2027,,,Itapira,,x
LIC-LIC-01,CLARO S.A.,50409105090,10,59592012,1004947213,RUA GENNI DAVIS ZONINI  SN  JARDIM BONFIM,,SP,3522604,20M0G7W,LTE,,,2640,,260,FB,Greenfield,sim,760,"8541105344",16.85,33.74,67.81,0,X,33,45621602519,40,-22.42778,-46.80944,G,10/30/2017,10/30/2017,,59f72de434830,10/18/2027,,,Itapira,,x
LIC-LIC-01,CLARO S.A.,50409105090,10,46622011,1004947159,RUA ADOLPHINA MORRONI COSIELLO  LOTE 12  DA QUADRA 22  COLINA DE SÃO PEDRO,,SP,3550407,10M0G7W,LTE,,,1875,,220,FB,Greenfield,sim,760,"8541105344",16.97,34.65,71.05,0,X,39,6091702519,79.43,-22.55278,-47.93194,G,10/30/2017,10/30/2017,,59f72de254a79,3/31/2028,,,São Pedro,,x
LIC-LIC-01,TELEFÔNICA BRASIL S.A.,50409146447,10,1442016,1005028696,AVENIDA ONZE DE AGOSTO  Nº 1873  JARDIM LUCILA,,SP,3554003,5M00G7W,LTE,,,2655,,240,FB,Ran Sharing,não,396,"8541105344",16.7,35,71.05,7,X,40,24251201882,30,-23.35528,-47.86278,G,10/23/2017,10/23/2017,,59ee5bfed1b9e,10/18/2027,,,Tatuí,,
LIC-LIC-01,TELEFÔNICA BRASIL S.A.,50409146447,10,1442016,1005028670,RODOVIA ANTONIO ROMANO SCHICARIOL - Nº 113  VILA SÃO CRISTÓVÃO,,SP,3554003,5M00G7W,LTE,,,2655,,220,FB,Ran Sharing,não,396,"11021100324",16.5,30,74.66,7,X,40,24251201882,30,-23.33556,-47.85778,G,10/23/2017,10/23/2017,,59ee5bfecfad1,10/18/2027,,,Tatuí,,
LIC-LIC-01,TELEFÔNICA BRASIL S.A.,50409146447,10,1442016,1005028653,AVENIDA CONEGO JOAO CLIMACO - Nº 394  CENTRO,,SP,3554003,5M00G7W,LTE,,,2655,,240,FB,Ran Sharing,não,396,"11021100324",16.5,30,74.66,7,X,44,24251201882,30,-23.3525,-47.84361,G,10/23/2017,10/23/2017,,59ee5bfece261,10/18/2027,,,Tatuí,,
LIC-LIC-01,TELEFÔNICA BRASIL S.A.,50409146447,10,1442016,1005028645,RODOVIA CASTELO BRANCO KM 132 - Nº S/N - BARREIRO - CAGUASSU  RESIDENCIAL ECOPARK,,SP,3554003,5M00G7W,LTE,,,2655,,170,FB,Ran Sharing,não,396,"11471500324",15.8,26,65,7,X,58,24251201882,30,-23.27528,-47.82528,G,10/23/2017,10/23/2017,,59ee5bfeccd50,10/18/2027,,,Tatuí,,
LIC-LIC-01,TELEFÔNICA BRASIL S.A.,50409146447,10,1442016,1005028637,RDV ANTÔNIO ROMANO SCHINCARIOL - Nº S/N  ZONA RURAL,,SP,3554003,5M00G7W,LTE,,,2655,,340,FB,Ran Sharing,não,396,"11021100324",16.5,30,74.66,7,X,35,24251201882,30,-23.29222,-47.81167,G,10/23/2017,10/23/2017,,59ee5bfec9f44,10/18/2027,,,Tatuí,,
LIC-LIC-01,TELEFÔNICA BRASIL S.A.,50409146447,10,1442016,1005028440,RUA CARLOS ALBERTO PIEROTTI  AO LADO - Nº 170  JARDIM SÃO LUIZ,,SP,3554003,5M00G7W,LTE,,,2655,,240,FB,Ran Sharing,não,396,"8541105344",16.8,34,68.91,7,X,40,24251201882,30,-23.36194,-47.87306,G,10/23/2017,10/23/2017,,59ee5bfe9c8d7,10/18/2027,,,Tatuí,,
LIC-LIC-01,TELEFONICA BRASIL S.A.,50409146447,10,59072012,1005115238,Avenida das Samambaias,,SP,3550407,20M0G7W,LTE,,,2680,2560,205,FB,Greenfield,não,760,"24731703257",16.1,25,60,2,X,39,58221803257,40,-22.567861,-47.936722,G,11/24/2023,10/20/2017,,59e9e991df1b3,10/18/2027,,,São Pedro,,x
LIC-LIC-01,CLARO S.A.,50409105090,10,59592012,1004921710,ESTRADA CAPIVARI SALTO  SN  JD SÃO DOMINGOS,,SP,3510401,10M0G7W,LTE,,,2640,,300,FB,Greenfield,sim,760,"8541105344",16.85,33.74,67.81,2,X,43.5,45621602519,40,-23.01583,-47.49444,G,10/9/2017,10/9/2017,,59dbb682b5866,10/18/2027,,,Capivari,,x
LIC-LIC-01,CLARO S.A.,50409105090,10,59592012,1004806024,RUA DA SERVIDÃO  SN  ENGENHO VELHO,,SP,3510401,20M0G7W,LTE,,,2640,,200,FB,Greenfield,sim,760,"8541105344",16.85,33.74,67.81,0,X,39,45621602519,40,-22.98389,-47.51694,G,9/18/2017,9/18/2017,,59c0175980a5b,10/18/2027,,,Capivari,,x
LIC-LIC-01,CLARO S.A.,50409105090,10,59592012,1004803165,AVENIDA DEMETRIOS GIRARDI  813  ESGARIBOLDI,,SP,3510401,20M0G7W,LTE,,,2640,,220,FB,Greenfield,sim,760,"8541105344",16.85,33.74,67.81,2,X,39,45621602519,40,-23.02056,-47.50917,G,9/18/2017,9/18/2017,,59c015f738e7b,10/18/2027,,,Capivari,,x
LIC-LIC-01,CLARO S.A.,50409105090,10,59592012,1004803157,RUA ANTONIO PAZIONOTTO  SN  JARDIM SÃO PEDRO,,SP,3510401,20M0G7W,LTE,,,2640,,260,FB,Greenfield,sim,760,"8541105344",16.85,33.74,67.81,0,X,39,45621602519,40,-22.98472,-47.47722,G,9/18/2017,9/18/2017,,59c015f71f741,10/18/2027,,,Capivari,,x
LIC-LIC-01,Telefonica Brasil S.a.,50409146447,10,59072012,1004662855,RUA VEREADORA ALICE MARCELO,,SP,3537503,20M0G7W,LTE,,,2680,2560,230,FB,Greenfield,não,817,"56001603518",15.5,25,65,6,X,40,45621602519,40,-23.074925,-47.968583,G,3/14/2025,12/13/1999,,59ad7286cf53f,10/18/2027,,,Pereiras,,
LIC-LIC-01,CLARO S.A.,50409105090,10,46622011,1004453377,R PEDRO MAZZER,,SP,3554508,10M0G7W,LTE,,,1875,1780,60,FB,Greenfield,sim,760,"9371303519",17.08,30,72.66,-1,X,35,6091702519,79.43,-23.09337,-47.69929,G,5/30/2023,7/21/2017,,597210877be49,3/31/2028,,,Tietê,,
LIC-LIC-01,CLARO S.A.,50409105090,10,59592012,1004238352,EST VICINAL,,SP,3522604,20M0G7W,LTE,,,2640,2520,350,FB,,,760,"8541105344",16.8,33,67.81,0,X,39,45621602519,40,-22.4453,-46.77698,G,1/4/2022,5/19/2017,,4d5c01a1b32da,10/18/2027,,,Itapira,,x
LIC-LIC-01,CLARO S.A.,50409105090,10,59592012,1004160256,Rua Santa Terezinha 450 Jardim Guarujá,,SP,3522604,20M0G7W,LTE,,,2640,,200,FB,,,760,"12720905344",13.5,20,68,0,X,36,45621602519,40,-22.45139,-46.80583,G,5/12/2017,5/12/2017,,4d5c01a1b19a4,10/18/2027,,,Itapira,,x
LIC-LIC-01,CLARO S.A.,50409105090,10,59592012,1003963231,Avenida Alexandre Cazelatto 4335 Betel,,SP,3536505,20M0G7W,LTE,,,2640,,210,FB,Greenfield,sim,760,"8541105344",16.85,33.74,67.81,1,X,36,45621602519,40,-22.77778,-47.10028,G,4/19/2017,4/19/2017,,4d5c01a1afa00,10/18/2027,,,Paulínia,,x
LIC-LIC-01,TELEFONICA BRASIL S.A.,50409146447,10,59072012,1003891630,Rua Antônio Frederico Ozanan,Em Frente Ao Número 1670,SP,3510401,20M0G7W,LTE,,,2680,2560,260,FB,Greenfield,não,760,"38961403518",16.7,25,60,5,X,50,58221803257,40,-23.014772,-47.495022,G,11/23/2023,3/24/2017,,4d5c01a1adb1e,10/18/2027,,,Capivari,,x
LIC-LIC-01,Telefonica Brasil S.a.,50409146447,10,59072012,1003890137,RUA DO LINHO,,SP,3545803,20M0G7W,LTE,,,2680,2560,350,FB,,,817,"38961403518",16.7,25,71.82,5,X,40,38411301882,40,-22.7425,-47.37694,G,6/16/2025,3/24/2017,,4d5c01a1ada07,10/18/2027,,,Santa Bárbara d'Oeste,,x
LIC-LIC-01,Telefonica Brasil S.a.,50409146447,10,59072012,1003583552,RUA JOSÉ MUNHOZ  01,,SP,3516408,20M0G7W,LTE,,,2680,2560,180,FB,,,760,"56001603518",17.5,30,57,2,X,14,56351705894,40,-23.328562,-46.70817,G,10/15/2024,12/8/2016,,4d5c01a1a2fa9,10/18/2027,,,Franco da Rocha,,
LIC-LIC-01,TELEFONICA BRASIL S.A.,50409146447,10,59072012,1003493618,Rua São Francisco de Assis,,SP,3507605,20M0G7W,LTE,,,2680,2560,170,FB,,,760,"1.29E+11",15.8,29,57,2,X,27,38411301882,40,-22.996722,-46.527442,G,11/23/2023,11/3/2016,,4d5c01a1a0352,10/18/2027,,,Bragança Paulista,,
LIC-LIC-01,TELEFONICA BRASIL S.A.,50409146447,10,59072012,1003171610,Rodovia Capitão Balduino,Km 101 SP 8 Fazenda Santo Antônio da Boa Vista,SP,3507605,20M0G7W,LTE,,,2680,2560,150,FB,,,760,"1.29E+11",15.8,29,57,2,X,38,45621602519,40,-22.8627,-46.539561,G,11/23/2023,11/17/2016,,4d5c01a19c0db,10/18/2027,,,Bragança Paulista,,
LIC-LIC-01,TELEFONICA BRASIL S.A.,50409146447,10,59072012,1003149895,Rua Tangará,EM FRENTE AO 53,SP,3556503,20M0G7W,LTE,,,2680,2560,180,FB,,,760,"34641103518",15,25,60,4,X,40,38411301882,40,-23.194675,-46.840069,G,11/23/2023,7/29/2016,,4d5c01a19bbf8,10/18/2027,,,Várzea Paulista,,x
LIC-LIC-01,TELEFONICA BRASIL S.A.,50409146447,10,59072012,1002801700,Rua Antônio Fernandes da Silva,,SP,3509502,20M0G7W,LTE,,,2680,2560,220,FB,,,760,"38961403518",16.8,25,71.82,3,X,40,38411301882,40,-22.97,-47.16361,G,11/23/2023,5/2/2016,,4d5c01a192a7d,10/18/2027,,,Campinas,,x
LIC-LIC-01,TELEFONICA BRASIL S.A.,50409146447,10,97432014,1002656556,Rua Cintra,,SP,3525201,10M0G7W,LTE,,,788,733,230,FB,Greenfield,sim,760,"34641103518",13.88,25,65,2,X,50,57731705894,80,-23.143944,-46.707864,G,11/23/2023,5/2/2016,,4d5c01a191f09,12/8/2029,,,Jarinu,,
LIC-LIC-01,TELEFONICA BRASIL S.A.,50409146447,10,59072012,1002515413,RUA BEM-TE-VI,LOTE 6B QUADRA J,SP,3509007,20M0G7W,LTE,,,2680,2560,100,FB,,,760,"34641103518",15,25,60,4,X,40,38411301882,40,-23.385674,-46.717916,G,9/6/2024,2/4/2016,,4d5c01a1900bc,10/18/2027,,,Caieiras,,
LIC-LIC-01,CLARO S.A.,50409105090,10,59592012,1002234651,ROD PRESIDENTE TANCREDO NEVES DE ALMEIDA,MELHORAMENTOS CMPC LTDA,SP,3509007,20M0G7W,LTE,,,2640,2520,120,FB,Rooftop,sim,760,"9371303519",16.96,30,63.58,-2,X,31.8,43341501882,40,-23.36923,-46.76268,G,11/21/2023,10/27/2015,,4d5c01a189138,10/18/2027,,,Caieiras,,
LIC-LIC-01,TELEFONICA BRASIL S.A.,50409146447,10,59072012,1002135106,Estrada Mario Romero,POUSADA VILLAGE,SP,3528502,20M0G7W,LTE,,,2680,2560,200,FB,,,760,"34641103518",15,25,60,4,X,65,38411301882,40,-23.317675,-46.52915,G,11/23/2023,11/9/2015,,4d5c01a188722,10/18/2027,,,Mairiporã,,
LIC-LIC-01,TELEFONICA BRASIL S.A.,50409146447,10,59072012,1002096534,Estrada Alfredo Pinto Nelo Corsi,,SP,3528403,20M0G7W,LTE,,,2680,2560,270,FB,Greenfield,não,760,"56001603518",17.5,30,57,2,X,32,45621602519,40,-23.443778,-47.245233,G,11/30/2023,11/9/2015,,4d5c01a18806e,10/18/2027,,,Mairinque,,
LIC-LIC-01,TELEFONICA BRASIL S.A.,50409146447,10,59072012,1002094787,Rodovia Dom Gabriel Paulino Bueno Couto,KM 99 3 SP 300,SP,3523909,20M0G7W,LTE,,,2680,2560,250,FB,,,760,"34641103518",15,25,60,2,X,36,38411301882,40,-23.257497,-47.247297,G,11/22/2023,11/9/2015,,4d5c01a187f3e,10/18/2027,,,Itu,,x
LIC-LIC-01,TELEFONICA BRASIL S.A.,50409146447,10,97432014,1002002718,Avenida Santo Ceolin,CHÁCARA SÃO PEDRO,SP,3525904,10M0G7W,LTE,,,788,733,190,FB,,,760,"56001603518",13.5,25,63,4,X,48,57731705894,40,-23.123222,-46.939667,G,11/22/2023,11/9/2015,,4d5c01a187622,12/8/2029,,,Jundiaí,,x
LIC-LIC-01,TELEFONICA BRASIL S.A.,50409146447,10,59072012,1002002637,Estrada Municipal Adoni Ribeiro,AO LADO DO 1050,SP,3511508,20M0G7W,LTE,,,2680,2560,220,FB,,,760,"5152003257",17.5,24,59,3,X,59,58221803257,40,-23.208422,-47.793847,G,11/22/2023,11/9/2015,,4d5c01a1875d9,10/18/2027,,,Cerquilho,,
LIC-LIC-01,TELEFONICA BRASIL S.A.,50409146447,10,59072012,1001696996,Rodovia Herminio Petrin,SP 308 BAIRRO COSTA PINTO,SP,3538709,20M0G7W,LTE,,,2680,2560,240,FB,,,760,"56001603518",17.5,30,57,0,X,30,58221803257,40,-22.636392,-47.683858,G,11/21/2023,7/8/2015,,4d5c01a184140,10/18/2027,,,Piracicaba,,x
LIC-LIC-01,TELEFONICA BRASIL S.A.,50409146447,10,97432014,1001347916,Avenida Salvador Kuppe,,SP,3525904,10M0G7W,LTE,,,788,733,240,FB,,,760,"56001603518",13.5,25,63,4,X,50,57731705894,40,-23.123672,-46.955342,G,11/21/2023,5/2/2016,,4d5c01a1807da,12/8/2029,,,Jundiaí,,x
LIC-LIC-01,TELEFONICA BRASIL S.A.,50409146447,10,97432014,1001330819,Rodovia Engenheiro Constâncio Cintra,Km 97 SP-360,SP,3523404,10M0G7W,LTE,,,788,733,240,FB,,,760,"1.29E+11",13.9,33,74,0,X,50.5,57731705894,40,-22.935725,-46.791394,G,11/21/2023,7/29/2016,,4d5c01a1805f0,12/8/2029,,,Itatiba,,x
LIC-LIC-01,TELEFONICA BRASIL S.A.,50409146447,10,59072012,1001326684,Rua Apparício Ubinha,Ao Lado do 1500 Sítio dos Camargos,SP,3523404,20M0G7W,LTE,,,2680,2560,115,FB,,,760,"34641103518",15.5,25,65,10,X,56,38411301882,40,-22.9729,-46.72685,G,11/21/2023,1/3/2017,,4d5c01a18041f,10/18/2027,,,Itatiba,,x
LIC-LIC-01,TELEFONICA BRASIL S.A.,50409146447,10,59072012,1001103820,Rodovia Edgard Máximo Zamboto,KM 77 5 SP 354,SP,3525201,20M0G7W,LTE,,,2680,2560,225,FB,,,760,"34641103518",15,25,60,4,X,58,38411301882,40,-23.075131,-46.689489,G,11/21/2023,6/12/2015,,4d5c01a17f321,10/18/2027,,,Jarinu,,
LIC-LIC-01,TELEFONICA BRASIL S.A.,50409146447,10,97432014,1000960363,Rodovia Dom Gabriel Paulino Bueno Couto  Km 80 SP 300,,SP,3508405,10M0G7W,LTE,,,788,733,230,FB,Greenfield,sim,760,"56001603518",13.5,25,63,10,X,50,57731705894,80,-23.24514,-47.06802,G,11/21/2023,6/12/2015,,4d5c01a17de86,12/8/2029,,,Cabreúva,,
LIC-LIC-01,TELEFONICA BRASIL S.A.,50409146447,10,59072012,1000169623,Rodovia Engenheiro Constâncio Cintra,Km 177 SP 360 Oscar Inn Hotel,SP,3500501,20M0G7W,LTE,,,2680,2560,220,FB,,,760,"43061703257",17.8,27,60.5,0,X,18,58221803257,46,-22.447028,-46.582158,G,11/17/2023,7/29/2014,,4d5c01a173093,10/18/2027,,,Águas de Lindóia,,x
LIC-LIC-01,CLARO S.A.,50409105090,10,59592012,700003355,RODOVIA SP 300  KM 143.5  CRUZ DAS ALMAS,,SP,3540606,20M0G7W,LTE,,,2640,,310,FB,Greenfield,sim,760,"9371303519",16.96,30,63.58,1,X,49.7,43341501882,40,-23.19833,-47.61028,G,6/28/2022,9/14/2004,,4d5c01a16dafa,10/18/2027,,,Porto Feliz,,x
LIC-LIC-01,TELEFONICA BRASIL S.A.,50409146447,10,97432014,699774187,RUA DOS ANTÚRIOS,CONDOMÍNIO JARDIM DAS PALMEIRAS,SP,3507605,10M0G7W,LTE,,,788,733,260,FB,,,760,"56001603518",15,25,66,0,X,17,57731705894,40,-22.878081,-46.534636,G,12/20/2023,3/31/2014,,4d5c01a168965,12/8/2029,,,Bragança Paulista,,
LIC-LIC-01,TELEFONICA BRASIL S.A.,50409146447,10,97432014,699608716,RUA RIO TOCANTINS,,SP,3545209,10M0G7W,LTE,,,788,733,160,FB,Greenfield,sim,760,"56001603518",13.5,25,63,9,X,50,57731705894,40,-23.181139,-47.354306,G,1/8/2024,2/12/2014,,4d5c01a165b6a,12/8/2029,,,Salto,,x
LIC-LIC-01,CLARO S.A.,50409105090,10,59592012,699387140,ROD ENGENHEIRO MIGUEL MELHADO CAMPOS,KM79 5,SP,3556701,20M0G7W,LTE,,,2640,2520,260,FB,Greenfield,sim,760,"8541105344",16.85,33.74,67.81,2,X,49.5,43341501882,40,-23.05907,-47.03723,G,9/13/2023,11/18/2013,,4d5c01a161630,3/31/2028,,,Vinhedo,,x
LIC-LIC-01,TELEFONICA BRASIL S.A.,50409146447,10,97432014,699297451,RODOVIA ALKINDAR MONTEIRO JUNQUEIRA,KM 46 5 SP 63 SÍTIO SÃO PEDRO,SP,3507605,10M0G7W,LTE,,,788,733,290,FB,Greenfield,sim,760,"56001603518",13.5,25,63,4,X,50,57731705894,80,-22.989789,-46.659056,G,12/22/2023,10/15/2013,,4d5c01a1603f8,12/8/2029,,,Bragança Paulista,,
LIC-LIC-01,TELEFONICA BRASIL S.A.,50409146447,10,59072012,699297150,RODOVIA ALKINDAR MONTEIRO JUNQUEIRA,KM 41 2 SP 63 CHACARÁ MOMENTEL,SP,3507605,20M0G7W,LTE,,,2680,2560,250,FB,Greenfield,sim,760,"56001603518",17.5,30,57,2,X,50,45621602519,40,-22.943861,-46.6608,G,12/22/2023,9/18/2013,,4d5c01a1602e5,10/18/2027,,,Bragança Paulista,,
LIC-LIC-01,TELEFONICA BRASIL S.A.,50409146447,10,97432014,699217695,ESTRADA DA SERVIDÃO,,SP,3525904,10M0G7W,LTE,,,788,733,180,FB,Greenfield,sim,760,"56001603518",13.5,25,63,10,X,35,57731705894,80,-23.1189,-46.997625,G,12/27/2023,10/15/2013,,4d5c01a15f534,12/8/2029,,,Jundiaí,,x
LIC-LIC-01,TELEFONICA BRASIL S.A.,50409146447,10,59072012,699067413,AVENIDA AFONSO MATHIAS,,SP,3526407,20M0G7W,LTE,,,2680,2560,260,FB,,,760,"24731703257",16.7,25,60,0,X,32,58221803257,40,-23.037936,-47.888167,G,1/3/2024,2/12/2014,,4d5c01a15cfba,10/18/2027,,,Laranjal Paulista,,
LIC-LIC-01,TELEFONICA BRASIL S.A.,50409146447,10,97432014,695331795,ESTRADA DA RONDA,KM 1,SP,3502754,10M0G7W,LTE,,,788,733,300,FB,,,760,"56001603518",11.14,25,75.69,0,X,17,57731705894,80,-23.421889,-47.101583,G,1/3/2024,4/12/2011,,4d5c01a12716b,12/8/2029,,,Araçariguama,,
LIC-LIC-01,TELEFONICA BRASIL S.A.,50409146447,10,48412023,693060360,ALAMEDA DOS SABIÁS,,SP,3550308,10M0G7W,LTE,,,2160,1970,270,FB,Greenfield,sim,760,"56001603518",16,25,67,2,X,46,83192102519,40,-23.434228,-46.578675,G,6/19/2024,12/30/2010,,4d5c01a11d811,4/29/2038,,,São Paulo,,
LIC-LIC-01,TELEFONICA BRASIL S.A.,50409146447,10,97432014,690074964,RODOVIA VIA ANHANGUERA,KM 131 SP,SP,3526902,10M0G7W,LTE,,,788,733,290,FB,,,760,"5152003257",14,21,66,3,X,20,48811903257,40,-22.677781,-47.290006,G,1/31/2024,4/1/2008,,4d5c01a0bcd60,12/8/2029,,,Limeira,,
LIC-LIC-01,CLARO S.A.,50409105090,10,59592012,689094965,ROD DOM GABRIEL PAULINO BUENO COUTO,CAIXA DÁGUA,SP,3525904,20M0G7W,LTE,,,2640,2520,240,FB,,,760,"26591200762",16.16,23,67.01,-2,X,45,24251201882,30,-23.17874,-46.95588,G,10/2/2024,5/15/2007,,4d5c01a0a8f91,10/18/2027,,,Jundiaí,,x
LIC-LIC-01,TELEFONICA BRASIL S.A.,50409146447,10,97432014,686170946,RODOVIA GOVERNADOR DOUTOR ADHEMAR PEREIRA DE BARROS,KM 128 7 SP 340,SP,3524709,10M0G7W,LTE,,,788,733,0.02,FB,,,840,"0",0,0,0,0,V,4,48811903257,40,-22.723889,-47.010833,G,2/1/2024,3/28/2005,,4d5c01a06a3ea,12/8/2029,,,Jaguariúna,,x
LIC-LIC-01,CLARO S.A.,50409105090,10,46622011,686138503,ROD MARECHAL RONDON  KM 204  ZONA RURAL,,SP,3512308,10M0G7W,LTE,,,1875,,270,FB,Greenfield,não,760,"9371303519",17.08,30,72.66,2,X,60,47451501882,40,-23.01917,-48.09889,G,6/28/2022,3/15/2005,,4d5c01a066df3,3/31/2028,,,Conchas,,
LIC-LIC-01,CLARO S.A.,50409105090,10,59592012,685077136,EST PREF. ANTONIO R SCHINCARIOL,,SP,3511508,20M0G7W,LTE,,,2640,2520,325,FB,Greenfield,não,760,"8541105344",16.85,33.74,67.81,0,X,60,43341501882,40,-23.21434,-47.78534,G,6/23/2023,12/30/2004,,4d5c01a061c02,3/31/2028,,,Cerquilho,,
LIC-LIC-01,CLARO S.A.,50409105090,10,46622011,684865726,R DO MORRO,GLEBA B,SP,3531209,5M00G7W,LTE,,,1875,1780,250,FB,,,760,"12720905344",13.5,20,68,2,X,44,47451501882,40,-22.693,-46.6839,G,1/4/2022,12/9/2004,,4d5c01a0529f4,3/31/2028,,,Monte Alegre do Sul,,x
LIC-LIC-01,CLARO S.A.,50409105090,10,59592012,641251556,ROD CASTELO BRANCO,BAIRRO DE INDAITUBA,SP,3540606,20M0G7W,LTE,,,2640,2520,110,FB,Greenfield,não,760,"8541105344",16.85,33.74,67.81,1,X,59.5,43341501882,40,-23.35358,-47.51113,G,7/5/2023,3/14/2002,,4d5c019fcfa27,3/31/2028,,,Porto Feliz,,x
LIC-LIC-01,CLARO S.A.,50409105090,10,46622011,442517688,R LUIS GUSSON,,SP,3527009,10M0G7W,LTE,,,1875,1780,140,FB,,,760,"8541105344",16.97,34.65,71.05,-2,X,42,47451501882,40,-22.52833,-46.65456,G,11/21/2023,8/16/2000,,4d5c019fa6d14,3/31/2028,,,Lindóia,,x
LIC-LIC-01,TELEFONICA BRASIL S.A.,50409146447,10,59072012,442405081,RODOVIA FERNÃO DIAS,KM 61 BR-381 CONDOMÍNIO CANADA VILLAGE,SP,3528502,20M0G7W,LTE,,,2680,2560,360,FB,,,760,"56001603518",17.5,30,57,2,X,60,38411301882,40,-23.291431,-46.575858,G,1/3/2024,12/15/1999,,4d5c019fa4abc,10/18/2027,,,Mairiporã,,
LIC-LIC-01,TELEFONICA BRASIL S.A.,50409146447,10,97432014,441995152,RODOVIA DOM PEDRO I,KM 56 - SP 65,SP,3532405,10M0G7W,LTE,,,788,733,240,FB,Greenfield,não,760,"56001603518",13.5,25,63,9,X,56,57731705894,80,-23.172022,-46.430858,G,9/20/2023,12/15/1999,,4d5c019f9f8c5,12/8/2029,,,Nazaré Paulista,,
LIC-LIC-01,Telefonica Brasil S.a.,50409146447,10,59072012,441994890,RODOVIA DOM PEDRO,,SP,3523404,20M0G7W,LTE,,,2680,2560,290,FB,,,817,"34641103518",15,28,65,4,X,57,38411301882,40,-23.00639,-46.77278,G,3/22/2025,12/15/1999,,4d5c019f9f658,10/18/2027,,,Itatiba,,x
LIC-LIC-01,TELEFONICA BRASIL S.A.,50409146447,10,59072012,431057540,RUA PEDRO MAZZER  55,,SP,3554508,20M0G7W,LTE,,,2680,2560,300,FB,,,760,"24731703257",16.7,25,60,2,X,48,58221803257,40,-23.093419,-47.699225,G,8/12/2024,12/17/2004,,4d5c019f92668,10/18/2027,,,Tietê,,
LIC-LIC-01,TELEFONICA BRASIL S.A.,50409146447,10,97432014,410916820,ESTRADA DA BOIADA,,SP,3556701,10M0G7W,LTE,,,788,733,295,FB,,,760,"56001603518",13.5,25,63,2,X,40,48811903257,40,-23.047636,-46.981133,G,1/10/2024,8/2/2001,,4d5c019f873db,12/8/2029,,,Vinhedo,,x
LIC-LIC-01,TELEFONICA BRASIL S.A.,50409146447,10,97432014,396840167,AVENIDA DONA ANA CAMARGO DE OLIVEIRA,,SP,3525904,10M0G7W,LTE,,,788,733,270,FB,Greenfield,sim,760,"44181403519",14.2,32,58,4,X,44,57731705894,80,-23.149594,-46.871419,G,12/13/2023,1/1/1999,,4d5c019f79d29,12/8/2029,,,Jundiaí,,x
LIC-LIC-01,TELEFÔNICA BRASIL S.A.,50409146447,10,59072012,396664199,Rua Tenente Deusdedith Rodrigues de Almeida  230 - Distrito Industrial Alfredo Relo,,SP,3523404,20M0G7W,LTE,,,2680,,310,FB,,,817,"34641103518",15,28,65,6,X,43.7,3750901882,40,-23.06306,-46.84944,G,10/15/2020,12/10/1999,,4d5c019f77c47,10/18/2027,,,Itatiba,,x
LIC-LIC-01,TELEFONICA BRASIL S.A.,50409146447,10,48422023,379981475,RUA JOSÉ GOMES DE ABREU,,SP,3525904,5M00G7W,LTE,,,1862.5,1767.5,240,FB,,,760,"56001603518",16.7,30,64,2,X,37,40952002519,40,-23.228322,-46.878219,G,9/20/2023,12/10/1999,,4d5c019f75375,12/22/2032,,,Jundiaí,,x
LIC-LIC-01,TELEFONICA BRASIL S.A.,50409146447,10,97432014,379981440,Rodovia Marechal Rondon,Km 116 6 SP 300 Fazenda Maria Zilda,SP,3523909,10M0G7W,LTE,,,788,733,310,FB,,,760,"56001603518",13.5,25,63,0,X,38,29361602519,40,-23.230278,-47.392222,G,9/21/2023,12/10/1999,,4d5c019f75338,12/8/2029,,,Itu,,x
LIC-LIC-01,TELEFONICA BRASIL S.A.,50409146447,10,97432014,379962926,RUA GRAÇA ARANHA,,SP,3525904,10M0G7W,LTE,,,788,733,60,FB,,,760,"56001603518",11.14,25,75.69,4,X,31,57731705894,80,-23.190436,-46.864356,G,9/20/2023,12/10/1999,,4d5c019f73428,12/8/2029,,,Jundiaí,,x
LIC-LIC-01,TELEFONICA BRASIL S.A.,50409146447,10,97432014,2151219,Morro do Cruzeiro,,SP,3556354,10M0G7W,LTE,,,788,733,240,FB,,,760,"56001603518",13.5,25,63,3,X,30,57731705894,40,-22.898364,-46.411669,G,7/11/2023,12/10/1999,,4d5c019f5e5f3,12/8/2029,,,Vargem,,
LIC-LIC-01,TELEFONICA BRASIL S.A.,50409146447,10,97432014,2150859,Praça Comendador Martins,,SP,3508405,10M0G7W,LTE,,,788,733,220,FB,,,760,"56001603518",13.5,25,63,2,X,39,57731705894,80,-23.308367,-47.133108,G,7/11/2023,12/10/1999,,4d5c019f5e5af,12/8/2029,,,Cabreúva,,
LIC-LIC-01,TELEFONICA BRASIL S.A.,50409146447,10,97432014,506060,RUA PADRE LUÍS ALVES SIQUEIRA CASTRO,,SP,3547304,10M0G7W,LTE,,,788,733,50,FB,Greenfield,sim,760,"56001603518",13.5,25,63,3,X,29,57731705894,80,-23.442028,-46.913,G,6/25/2024,11/9/2015,,4d5c019f597b4,12/8/2029,,,Santana de Parnaíba,,
